dt,composite,long_only,buy_hold
2023-06-01 00:00:00+00:00,1.0,1.0,1.0
2023-06-01 04:00:00+00:00,1.0,1.0,1.000848769638767
2023-06-01 08:00:00+00:00,1.0,1.0,1.0042203231224567
2023-06-01 12:00:00+00:00,1.0,1.0,1.0042770820248292
2023-06-01 16:00:00+00:00,1.0,1.0,1.0030896260409847
2023-06-01 20:00:00+00:00,1.0,1.0,1.00141859914548
2023-06-02 00:00:00+00:00,1.0,1.0,1.0082173447737377
2023-06-02 04:00:00+00:00,1.0,1.0,1.0100713444466272
2023-06-02 08:00:00+00:00,1.0,1.0,1.0130997306192624
2023-06-02 12:00:00+00:00,1.0,1.0,1.0117991302445042
2023-06-02 16:00:00+00:00,1.0,1.0,1.017142682171805
2023-06-02 20:00:00+00:00,1.0,1.0,1.017275990909614
2023-06-03 00:00:00+00:00,1.0,1.0,1.0135646308393524
2023-06-03 04:00:00+00:00,1.0,1.0,1.014730428820976
2023-06-03 08:00:00+00:00,1.0,1.0,1.0130638828914482
2023-06-03 12:00:00+00:00,1.0,1.0,1.0196161753909831
2023-06-03 16:00:00+00:00,1.0,1.0,1.0118155604530856
2023-06-03 20:00:00+00:00,1.0,1.0,1.0108021153146725
2023-06-04 00:00:00+00:00,1.0,1.0,1.0105093588708567
2023-06-04 04:00:00+00:00,1.0,1.0,1.0138353558671158
2023-06-04 08:00:00+00:00,1.0,1.0,1.0156314763961385
2023-06-04 12:00:00+00:00,1.0,1.0,1.014901452355756
2023-06-04 16:00:00+00:00,1.0,1.0,1.0161751669346535
2023-06-04 20:00:00+00:00,1.0,1.0,1.0125194455252702
2023-06-05 00:00:00+00:00,1.0,1.0,1.002376405623015
2023-06-05 04:00:00+00:00,1.0,1.0,1.0018689362261457
2023-06-05 08:00:00+00:00,1.0,1.0,0.9997554139404347
2023-06-05 12:00:00+00:00,1.0,1.0,0.9711571422490118
2023-06-05 16:00:00+00:00,1.0,1.0,0.9570592764584239
2023-06-05 20:00:00+00:00,1.0,1.0,0.9607265736965805
2023-06-06 00:00:00+00:00,1.0,1.0,0.9608247815342382
2023-06-06 04:00:00+00:00,1.0,1.0,0.9605073797775502
2023-06-06 08:00:00+00:00,1.0,1.0,0.9591746658132918
2023-06-06 12:00:00+00:00,1.0,1.0,0.9733446004733397
2023-06-06 16:00:00+00:00,1.0,1.0,1.0112095098047273
2023-06-06 20:00:00+00:00,1.0,1.0,1.0168088502065356
2023-06-07 00:00:00+00:00,1.0,1.0,1.0048196523218502
2023-06-07 04:00:00+00:00,1.0,1.0,1.0005948482334168
2023-06-07 08:00:00+00:00,1.0,1.0,1.0043390687208413
2023-06-07 12:00:00+00:00,1.0,1.0,0.9839275218689814
2023-06-07 16:00:00+00:00,1.0,1.0,0.9888901916882564
2023-06-07 20:00:00+00:00,1.0,1.0,0.9835473865886184
2023-06-08 00:00:00+00:00,1.0,1.0,0.9837277454691833
2023-06-08 04:00:00+00:00,1.0,1.0,0.9874813013023929
2023-06-08 08:00:00+00:00,1.0,1.0,0.9870074391503493
2023-06-08 12:00:00+00:00,1.0,1.0,0.9978244910182773
2023-06-08 16:00:00+00:00,1.0,1.0,0.9910365743911304
2023-06-08 20:00:00+00:00,1.0,1.0,0.9894947486812893
2023-06-09 00:00:00+00:00,1.0,1.0,0.9889379886586753
2023-06-09 04:00:00+00:00,1.0,1.0,0.9893013203166253
2023-06-09 08:00:00+00:00,1.0,1.0,0.9936613002120246
2023-06-09 12:00:00+00:00,1.0,1.0,0.9887016177034006
2023-06-09 16:00:00+00:00,1.0,1.0,0.9860795057793262
2023-06-09 20:00:00+00:00,1.0,1.0,0.9887180479119821
2023-06-10 00:00:00+00:00,1.0,1.0,0.9829398422849345
2023-06-10 04:00:00+00:00,1.0,1.0,0.9578471796426732
2023-06-10 08:00:00+00:00,1.0,1.0,0.960846066122628
2023-06-10 12:00:00+00:00,1.0,1.0,0.9570148402124877
2023-06-10 16:00:00+00:00,1.0,1.0,0.9615406158490276
2023-06-10 20:00:00+00:00,1.0,1.0,0.9649465234052057
2023-06-11 00:00:00+00:00,1.0,1.0,0.960700808142214
2023-06-11 04:00:00+00:00,1.0,1.0,0.9612168660572057
2023-06-11 08:00:00+00:00,1.0,1.0,0.9632605599564451
2023-06-11 12:00:00+00:00,1.0,1.0,0.9615914001300975
2023-06-11 16:00:00+00:00,1.0,1.0,0.9720294369591568
2023-06-11 20:00:00+00:00,1.0,1.0,0.9680958956592136
2023-06-12 00:00:00+00:00,1.0,1.0,0.9630824415588685
2023-06-12 04:00:00+00:00,1.0,1.0,0.9635189623277723
2023-06-12 08:00:00+00:00,1.0,1.0,0.9704588583842982
2023-06-12 12:00:00+00:00,1.0,1.0,0.9643274032727482
2023-06-12 16:00:00+00:00,1.0,1.0,0.9643124667194923
2023-06-12 20:00:00+00:00,1.0,1.0,0.9673356250984879
2023-06-13 00:00:00+00:00,1.0,1.0,0.9732602089474435
2023-06-13 04:00:00+00:00,1.0,1.0,0.973636236675661
2023-06-13 08:00:00+00:00,1.0,1.0,0.9780384123340085
2023-06-13 12:00:00+00:00,1.0,1.0,0.9618968526441809
2023-06-13 16:00:00+00:00,1.0,1.0,0.9672478728481096
2023-06-13 20:00:00+00:00,1.0,1.0,0.9684207656925298
2023-06-14 00:00:00+00:00,1.0,1.0,0.9703184547836928
2023-06-14 04:00:00+00:00,1.0,1.0,0.9670566849664342
2023-06-14 08:00:00+00:00,1.0,1.0,0.9699689394375045
2023-06-14 12:00:00+00:00,1.0,1.0,0.9703811883073675
2023-06-14 16:00:00+00:00,1.0,1.0,0.9661929787744111
2023-06-14 20:00:00+00:00,1.0,1.0,0.9383366803659755
2023-06-15 00:00:00+00:00,1.0,1.0,0.9359748378823851
2023-06-15 04:00:00+00:00,1.0,1.0,0.932929648087337
2023-06-15 08:00:00+00:00,1.0,1.0,0.9340935789998037
2023-06-15 12:00:00+00:00,1.0,1.0,0.9320390560994537
2023-06-15 16:00:00+00:00,1.0,1.0,0.9505432051005345
2023-06-15 20:00:00+00:00,1.0,1.0,0.9558830228895212
2023-06-16 00:00:00+00:00,1.0,1.0,0.9545107270591348
2023-06-16 04:00:00+00:00,1.0,1.0,0.9535872746540882
2023-06-16 08:00:00+00:00,1.0,1.0,0.9512534382078527
2023-06-16 12:00:00+00:00,1.0,1.0,0.9649017137454379
2023-06-16 16:00:00+00:00,1.0,1.0,0.985156426788111
2023-06-16 20:00:00+00:00,1.0,1.0,0.9837587388171894
2023-06-17 00:00:00+00:00,1.0,1.0,0.980665378637891
2023-06-17 04:00:00+00:00,1.0,1.0,0.9930406864242415
2023-06-17 08:00:00+00:00,1.0,1.0,0.9898364223370179
2023-06-17 12:00:00+00:00,1.0,1.0,0.9862165486554488
2023-06-17 16:00:00+00:00,1.0,1.0,0.9886243210403011
2023-06-17 20:00:00+00:00,1.0,1.0,0.990181083303398
2023-06-18 00:00:00+00:00,1.0,1.0,0.9913558432169752
2023-06-18 04:00:00+00:00,1.0,1.0,0.992719923943071
2023-06-18 08:00:00+00:00,1.0,1.0,0.9895466532038534
2023-06-18 12:00:00+00:00,1.0,1.0,0.9918651796830016
2023-06-18 16:00:00+00:00,1.0,1.0,0.9951478606748185
2023-06-18 20:00:00+00:00,1.0,1.0,0.9835709116599963
2023-06-19 00:00:00+00:00,1.0,1.0,0.9859379819372263
2023-06-19 04:00:00+00:00,1.0,1.0,0.9868584470316215
2023-06-19 08:00:00+00:00,1.0,1.0,0.9875948191071378
2023-06-19 12:00:00+00:00,1.0,1.0,0.9874555357480265
2023-06-19 16:00:00+00:00,1.0,1.0,0.9963532405225703
2023-06-19 20:00:00+00:00,1.0,1.0,1.0024051584880327
2023-06-20 00:00:00+00:00,1.0,1.0,1.0043532584464345
2023-06-20 04:00:00+00:00,1.0,1.0,1.0019604226148382
2023-06-20 08:00:00+00:00,1.0,1.0,1.0047815641110476
2023-06-20 12:00:00+00:00,1.0,1.0,1.0109033104629812
2023-06-20 16:00:00+00:00,1.0,1.0,1.0449153358820076
2023-06-20 20:00:00+00:00,1.0,1.0,1.057059500506723
2023-06-21 00:00:00+00:00,1.0,1.0,1.0721140525333517
2023-06-21 04:00:00+00:00,1.0,1.0,1.0781308695986624
2023-06-21 08:00:00+00:00,1.0,1.0,1.08028621423349
2023-06-21 12:00:00+00:00,1.0,1.0,1.1146992861074374
2023-06-21 16:00:00+00:00,1.0,1.0,1.12442484934619
2023-06-21 20:00:00+00:00,1.0,1.0,1.1200133383420579
2023-06-22 00:00:00+00:00,1.0,1.0,1.1312949170162445
2023-06-22 04:00:00+00:00,1.0,1.0,1.1240036385443735
2023-06-22 08:00:00+00:00,1.0,1.0,1.1175529146069785
2023-06-22 12:00:00+00:00,1.0,1.0,1.1146645586211175
2023-06-22 16:00:00+00:00,1.0,1.0,1.1281993163539576
2023-06-22 20:00:00+00:00,1.0,1.0,1.115944247821317
2023-06-23 00:00:00+00:00,1.0,1.0,1.1205387316028341
2023-06-23 04:00:00+00:00,1.0,1.0,1.117701906725706
2023-06-23 08:00:00+00:00,1.0,1.0,1.1255017748359406
2023-06-23 12:00:00+00:00,1.0,1.0,1.1664701265200743
2023-06-23 16:00:00+00:00,1.0,1.0,1.153134398359369
2023-06-23 20:00:00+00:00,1.0,1.0,1.1459510364847718
2023-06-24 00:00:00+00:00,1.0,1.0,1.1475010772989036
2023-06-24 04:00:00+00:00,1.0,1.0,1.1414357164355111
2023-06-24 08:00:00+00:00,1.0,1.0,1.145797189986236
2023-06-24 12:00:00+00:00,1.0,1.0,1.1351298770646985
2023-06-24 16:00:00+00:00,1.0,1.0,1.1436859081835136
2023-06-24 20:00:00+00:00,1.0,1.0,1.1399364599024495
2023-06-25 00:00:00+00:00,1.0,1.0,1.1481900258178326
2023-06-25 04:00:00+00:00,1.0,1.0,1.147268440481943
2023-06-25 08:00:00+00:00,1.0,1.0,1.1469790447626098
2023-06-25 12:00:00+00:00,1.0,1.0,1.1420921779511084
2023-06-25 16:00:00+00:00,1.0,1.0,1.136290073838851
2023-06-25 20:00:00+00:00,1.0,1.0,1.1375178585164867
2023-06-26 00:00:00+00:00,1.0,1.0,1.1313079865003433
2023-06-26 04:00:00+00:00,1.0,1.0,1.1353382419826186
2023-06-26 08:00:00+00:00,1.0,1.0,1.1322986533950414
2023-06-26 12:00:00+00:00,1.0,1.0,1.1359106853861511
2023-06-26 16:00:00+00:00,1.0,1.0,1.129351671437651
2023-06-26 20:00:00+00:00,1.0,1.0,1.1302486114606682
2023-06-27 00:00:00+00:00,1.0,1.0,1.1341164319262855
2023-06-27 04:00:00+00:00,1.0,1.0,1.1355970177677774
2023-06-27 08:00:00+00:00,1.0,1.0,1.1474670966402467
2023-06-27 12:00:00+00:00,1.0,1.0,1.1388651356201698
2023-06-27 16:00:00+00:00,1.0,1.0,1.1444398307091057
2023-06-27 20:00:00+00:00,1.0,1.0,1.1460981615343426
2023-06-28 00:00:00+00:00,1.0,1.0,1.1371478054095716
2023-06-28 04:00:00+00:00,1.0,1.0,1.1271918458368468
2023-06-28 08:00:00+00:00,1.0,1.0,1.1318445821760619
2023-06-28 12:00:00+00:00,1.0,1.0,1.1355910431464749
2023-06-28 16:00:00+00:00,1.0,1.0,1.1239756325070185
2023-06-28 20:00:00+00:00,1.0,1.0,1.1231320906618911
2023-06-29 00:00:00+00:00,1.0,1.0,1.126813577625641
2023-06-29 04:00:00+00:00,1.0,1.0,1.1329483934616733
2023-06-29 08:00:00+00:00,1.0,1.0,1.1452953217968376
2023-06-29 12:00:00+00:00,1.0,1.0,1.1381205484403625
2023-06-29 16:00:00+00:00,1.0,1.0,1.1420858299159744
2023-06-29 20:00:00+00:00,1.0,1.0,1.136944668285291
2023-06-30 00:00:00+00:00,1.0,1.0,1.1480626917013255
2023-06-30 04:00:00+00:00,1.0,1.0,1.1488110130194464
2023-06-30 08:00:00+00:00,1.0,1.0,1.1542225262640617
2023-06-30 12:00:00+00:00,1.0,1.0,1.1227702526592667
2023-06-30 16:00:00+00:00,1.0,1.0,1.1341459316189655
2023-06-30 20:00:00+00:00,1.0,1.0,1.1378666270350117
2023-07-01 00:00:00+00:00,1.0,1.0,1.1351037380965003
2023-07-01 04:00:00+00:00,1.0,1.0,1.1374140494713578
2023-07-01 08:00:00+00:00,1.0,1.0,1.1397717844028028
2023-07-01 12:00:00+00:00,1.0,1.0,1.1416224233512098
2023-07-01 16:00:00+00:00,1.0,1.0,1.143001440630561
2023-07-01 20:00:00+00:00,1.0,1.0,1.1421198105746313
2023-07-02 00:00:00+00:00,1.0,1.0,1.1392598340399565
2023-07-02 04:00:00+00:00,1.0,1.0,1.1393979971575734
2023-07-02 08:00:00+00:00,1.0,1.0,1.1405828392445982
2023-07-02 12:00:00+00:00,1.0,1.0,1.1388378764104767
2023-07-02 16:00:00+00:00,1.0,1.0,1.1410682772254153
2023-07-02 20:00:00+00:00,1.0,1.0,1.1432822478317721
2023-07-03 00:00:00+00:00,1.0,1.0,1.1484958517457466
2023-07-03 04:00:00+00:00,1.0,1.0,1.145155291610063
2023-07-03 08:00:00+00:00,1.0,1.0,1.143588073759687
2023-07-03 12:00:00+00:00,1.0,1.0,1.160145989871523
2023-07-03 16:00:00+00:00,1.0,1.0,1.1671362967952876
2023-07-03 20:00:00+00:00,1.0,1.0,1.1634156013792412
2023-07-04 00:00:00+00:00,1.0,1.0,1.1648902125994305
2023-07-04 04:00:00+00:00,1.0,1.0,1.1542748042004574
2023-07-04 08:00:00+00:00,1.0046637423086628,1.0046637423086628,1.1601217179724823
2023-07-04 12:00:00+00:00,1.0013129218346628,1.0013129218346628,1.1562524038515394
2023-07-04 16:00:00+00:00,0.992661647935713,0.992661647935713,1.1462624636201573
2023-07-04 20:00:00+00:00,0.9949146074263862,0.9949146074263862,1.1488640377835047
2023-07-05 00:00:00+00:00,0.9982195085308331,0.9982195085308331,1.152680327140389
2023-07-05 04:00:00+00:00,0.9951649003280342,0.9951649003280342,1.1491530600890065
2023-07-05 08:00:00+00:00,0.983201611056115,0.983201611056115,1.1353386153964493
2023-07-05 12:00:00+00:00,0.981643262873891,0.981643262873891,1.133539134142944
2023-07-05 16:00:00+00:00,0.9840957452590304,0.9840957452590304,1.1363711046402638
2023-07-05 20:00:00+00:00,0.986451861643277,0.986451861643277,1.1390917978158273
2023-07-06 00:00:00+00:00,0.9860004289679533,0.9860004289679533,1.138570512107196
2023-07-06 04:00:00+00:00,0.9961007500145576,0.9961007500145576,1.1502337197170713
2023-07-06 08:00:00+00:00,0.9975029076651329,0.9975029076651329,1.1518528420900118
2023-07-06 12:00:00+00:00,0.9724276080712888,0.9724276080712888,1.135439810544758
2023-07-06 16:00:00+00:00,0.9724276080712888,0.9724276080712888,1.1318128420003926
2023-07-06 20:00:00+00:00,0.9724276080712888,0.9724276080712888,1.1163367057581155
2023-07-07 00:00:00+00:00,0.9724276080712888,0.9724276080712888,1.1252975174701658
2023-07-07 04:00:00+00:00,0.9724276080712888,0.9724276080712888,1.1205178204282755
2023-07-07 08:00:00+00:00,0.9724276080712888,0.9724276080712888,1.1246739163717316
2023-07-07 12:00:00+00:00,0.9724276080712888,0.9724276080712888,1.1348356269655568
2023-07-07 16:00:00+00:00,0.9724276080712888,0.9724276080712888,1.1294349427220522
2023-07-07 20:00:00+00:00,0.9724276080712888,0.9724276080712888,1.1331130689613196
2023-07-08 00:00:00+00:00,0.9724276080712888,0.9724276080712888,1.1305040265213442
2023-07-08 04:00:00+00:00,0.9724276080712888,0.9724276080712888,1.1274618240369472
2023-07-08 08:00:00+00:00,0.9724276080712888,0.9724276080712888,1.127773624586164
2023-07-08 12:00:00+00:00,0.9724276080712888,0.9724276080712888,1.1280085018861132
2023-07-08 16:00:00+00:00,0.9724276080712888,0.9724276080712888,1.1244237291046955
2023-07-08 20:00:00+00:00,0.9724276080712888,0.9724276080712888,1.1308699720761137
2023-07-09 00:00:00+00:00,0.9724276080712888,0.9724276080712888,1.1309954391234633
2023-07-09 04:00:00+00:00,0.9724276080712888,0.9724276080712888,1.13013696072508
2023-07-09 08:00:00+00:00,0.9724276080712888,0.9724276080712888,1.130200067662586
2023-07-09 12:00:00+00:00,0.9724276080712888,0.9724276080712888,1.1332911873588962
2023-07-09 16:00:00+00:00,0.9686100191281808,0.9686100191281808,1.1292937922937838
2023-07-09 20:00:00+00:00,0.9659929956008652,0.9659929956008652,1.1262426278774333
2023-07-10 00:00:00+00:00,0.9658475876114634,0.9658475876114634,1.1260730979979787
2023-07-10 04:00:00+00:00,0.964436105212139,0.964436105212139,1.1244274632430091
2023-07-10 08:00:00+00:00,0.9685325109047555,0.9685325109047555,1.1292034261465855
2023-07-10 12:00:00+00:00,0.9708644835277375,0.9708644835277375,1.1319222522529921
2023-07-10 16:00:00+00:00,0.9876661525057641,0.9876661525057641,1.1515111684342831
2023-07-10 20:00:00+00:00,0.9811440680762868,0.9811440680762868,1.1356100872518757
2023-07-11 00:00:00+00:00,0.9823822139032232,0.9823822139032232,1.138015992567571
2023-07-11 04:00:00+00:00,0.9835233143099201,0.9835233143099201,1.1402333238984106
2023-07-11 08:00:00+00:00,0.9797174083881782,0.9797174083881782,1.1353389888102812
2023-07-11 12:00:00+00:00,0.9797174083881782,0.9797174083881782,1.142513762166756
2023-07-11 16:00:00+00:00,0.9797174083881782,0.9797174083881782,1.141973805766555
2023-07-11 20:00:00+00:00,0.9797174083881782,0.9797174083881782,1.143471568644291
2023-07-12 00:00:00+00:00,0.9797174083881782,0.9797174083881782,1.1422101767218296
2023-07-12 04:00:00+00:00,0.9797174083881782,0.9797174083881782,1.1478741177164695
2023-07-12 08:00:00+00:00,0.9797174083881782,0.9797174083881782,1.1492277428552862
2023-07-12 12:00:00+00:00,0.9797174083881782,0.9797174083881782,1.1398319040296578
2023-07-12 16:00:00+00:00,0.9797174083881782,0.9797174083881782,1.1309760216042304
2023-07-12 20:00:00+00:00,0.9797174083881782,0.9797174083881782,1.134431219786153
2023-07-13 00:00:00+00:00,0.9797174083881782,0.9797174083881782,1.1313695997825233
2023-07-13 04:00:00+00:00,0.9797174083881782,0.9797174083881782,1.133909187249859
2023-07-13 08:00:00+00:00,0.9797174083881782,0.9797174083881782,1.1405548332072437
2023-07-13 12:00:00+00:00,0.9913006526698553,0.9913006526698553,1.1545014663961157
2023-07-13 16:00:00+00:00,1.0083051608263154,1.0083051608263154,1.1802121289293401
2023-07-13 20:00:00+00:00,1.005385266713427,1.005385266713427,1.174544453796386
2023-07-14 00:00:00+00:00,1.0054962680906268,1.0054962680906268,1.1747599135771027
2023-07-14 04:00:00+00:00,0.9985464660928538,0.9985464660928538,1.1612699655040302
2023-07-14 08:00:00+00:00,1.000678962221551,1.000678962221551,1.1654092578250732
2023-07-14 12:00:00+00:00,1.0012732139618798,1.0012732139618798,1.1665627331502606
2023-07-14 16:00:00+00:00,0.9876393284873803,0.9876393284873803,1.1245421012892483
2023-07-14 20:00:00+00:00,0.9876393284873803,0.9876393284873803,1.13189237914648
2023-07-15 00:00:00+00:00,0.9876393284873803,0.9876393284873803,1.1311791587285105
2023-07-15 04:00:00+00:00,0.9876393284873803,0.9876393284873803,1.1328628816942827
2023-07-15 08:00:00+00:00,0.9876393284873803,0.9876393284873803,1.1318916323188175
2023-07-15 12:00:00+00:00,0.9876393284873803,0.9876393284873803,1.1315712432514782
2023-07-15 16:00:00+00:00,0.9876393284873803,0.9876393284873803,1.1324323355466814
2023-07-15 20:00:00+00:00,0.9876393284873803,0.9876393284873803,1.1310525714396669
2023-07-16 00:00:00+00:00,0.9876393284873803,0.9876393284873803,1.1272616742233177
2023-07-16 04:00:00+00:00,0.9876393284873803,0.9876393284873803,1.1301451758293708
2023-07-16 08:00:00+00:00,0.9876393284873803,0.9876393284873803,1.1316683308476418
2023-07-16 12:00:00+00:00,0.9876393284873803,0.9876393284873803,1.1344293527169962
2023-07-16 16:00:00+00:00,0.9876393284873803,0.9876393284873803,1.129686250230583
2023-07-16 20:00:00+00:00,0.9876393284873803,0.9876393284873803,1.1289043216676362
2023-07-17 00:00:00+00:00,0.9876393284873803,0.9876393284873803,1.1319166510455212
2023-07-17 04:00:00+00:00,0.9876393284873803,0.9876393284873803,1.1307344228553162
2023-07-17 08:00:00+00:00,0.9876393284873803,0.9876393284873803,1.1262795958467418
2023-07-17 12:00:00+00:00,0.9876393284873803,0.9876393284873803,1.126769888207367
2023-07-17 16:00:00+00:00,0.9876393284873803,0.9876393284873803,1.1159244568882525
2023-07-17 20:00:00+00:00,0.9876393284873803,0.9876393284873803,1.125394605066329
2023-07-18 00:00:00+00:00,0.9876393284873803,0.9876393284873803,1.1230032628900584
2023-07-18 04:00:00+00:00,0.9876393284873803,0.9876393284873803,1.1190514243123768
2023-07-18 08:00:00+00:00,0.9876393284873803,0.9876393284873803,1.1159102671626595
2023-07-18 12:00:00+00:00,0.9876393284873803,0.9876393284873803,1.1169554524767418
2023-07-18 16:00:00+00:00,0.9876393284873803,0.9876393284873803,1.109636167967516
2023-07-18 20:00:00+00:00,0.9876393284873803,0.9876393284873803,1.1149812135501422
2023-07-19 00:00:00+00:00,0.993855958063165,0.993855958063165,1.122448743350433
2023-07-19 04:00:00+00:00,0.9919240644166255,0.9919240644166255,1.1202668863335765
2023-07-19 08:00:00+00:00,0.9923191718798489,0.9923191718798489,1.1207131158620967
2023-07-19 12:00:00+00:00,0.9904620014857684,0.9904620014857684,1.1186156503711358
2023-07-19 16:00:00+00:00,0.9933666199497165,0.9933666199497165,1.1218960908799642
2023-07-19 20:00:00+00:00,0.9888997564951986,0.9888997564951986,1.1168512700177815
2023-07-20 00:00:00+00:00,0.9885041965926006,0.9885041965926006,1.1183001156836045
2023-07-20 04:00:00+00:00,0.9965147144304665,0.9965147144304665,1.1278132064522919
2023-07-20 08:00:00+00:00,0.9992245239445001,0.9992245239445001,1.1308800542495612
2023-07-20 12:00:00+00:00,0.9835615412036974,0.9835615412036974,1.1131533528454505
2023-07-20 16:00:00+00:00,0.9831677867776957,0.9831677867776957,1.1111301967069378
2023-07-20 20:00:00+00:00,0.9831677867776957,0.9831677867776957,1.1127732175650875
2023-07-21 00:00:00+00:00,0.9831677867776957,0.9831677867776957,1.1164184833871915
2023-07-21 04:00:00+00:00,0.9831677867776957,0.9831677867776957,1.1115338570586786
2023-07-21 08:00:00+00:00,0.9831677867776957,0.9831677867776957,1.1119707512414136
2023-07-21 12:00:00+00:00,0.9831677867776957,0.9831677867776957,1.115237748852312
2023-07-21 16:00:00+00:00,0.9831677867776957,0.9831677867776957,1.1156107892698783
2023-07-21 20:00:00+00:00,0.9831677867776957,0.9831677867776957,1.1165715830580647
2023-07-22 00:00:00+00:00,0.9831677867776957,0.9831677867776957,1.1166346899955708
2023-07-22 04:00:00+00:00,0.9831677867776957,0.9831677867776957,1.1181791296022316
2023-07-22 08:00:00+00:00,0.9831677867776957,0.9831677867776957,1.1160196774152589
2023-07-22 12:00:00+00:00,0.9831677867776957,0.9831677867776957,1.1165163178110178
2023-07-22 16:00:00+00:00,0.9831677867776957,0.9831677867776957,1.114117507358119
2023-07-22 20:00:00+00:00,0.9831677867776957,0.9831677867776957,1.1125491692662488
2023-07-23 00:00:00+00:00,0.9831677867776957,0.9831677867776957,1.1144804656022376
2023-07-23 04:00:00+00:00,0.9831677867776957,0.9831677867776957,1.1171048180093006
2023-07-23 08:00:00+00:00,0.9831677867776957,0.9831677867776957,1.1160809172836081
2023-07-23 12:00:00+00:00,0.9831677867776957,0.9831677867776957,1.1164192302148543
2023-07-23 16:00:00+00:00,0.9831677867776957,0.9831677867776957,1.1237187237910162
2023-07-23 20:00:00+00:00,0.9831677867776957,0.9831677867776957,1.1233688350309967
2023-07-24 00:00:00+00:00,0.9831677867776957,0.9831677867776957,1.1096369147951783
2023-07-24 04:00:00+00:00,0.9831677867776957,0.9831677867776957,1.113818776293001
2023-07-24 08:00:00+00:00,0.9831677867776957,0.9831677867776957,1.092981911087179
2023-07-24 12:00:00+00:00,0.9831677867776957,0.9831677867776957,1.0864019859641203
2023-07-24 16:00:00+00:00,0.9831677867776957,0.9831677867776957,1.0873060208499343
2023-07-24 20:00:00+00:00,0.9831677867776957,0.9831677867776957,1.089490865177442
2023-07-25 00:00:00+00:00,0.9831677867776957,0.9831677867776957,1.0870450045817872
2023-07-25 04:00:00+00:00,0.9831677867776957,0.9831677867776957,1.0882197644953644
2023-07-25 08:00:00+00:00,0.9831677867776957,0.9831677867776957,1.087690637096274
2023-07-25 12:00:00+00:00,0.9831677867776957,0.9831677867776957,1.0896779455069723
2023-07-25 16:00:00+00:00,0.9831677867776957,0.9831677867776957,1.0903246982629533
2023-07-25 20:00:00+00:00,0.9831677867776957,0.9831677867776957,1.0914479270677975
2023-07-26 00:00:00+00:00,0.9831677867776957,0.9831677867776957,1.0919669722934402
2023-07-26 04:00:00+00:00,0.9831677867776957,0.9831677867776957,1.0909886280551784
2023-07-26 08:00:00+00:00,0.9831677867776957,0.9831677867776957,1.089449416242157
2023-07-26 12:00:00+00:00,0.9831677867776957,0.9831677867776957,1.094998719190558
2023-07-26 16:00:00+00:00,0.9808394855982867,0.9831677867776957,1.0979087331786401
2023-07-26 20:00:00+00:00,0.9820897236548194,0.9831677867776957,1.096042784263146
2023-07-27 00:00:00+00:00,0.9807391476900346,0.9831677867776957,1.0980524975037282
2023-07-27 04:00:00+00:00,0.9805793086255614,0.9831677867776957,1.0982911089419913
2023-07-27 08:00:00+00:00,0.9782073886036057,0.9831677867776957,1.1018333125466298
2023-07-27 12:00:00+00:00,0.983553593034318,0.9831677867776957,1.0938041683439168
2023-07-27 16:00:00+00:00,0.9867815696964299,0.9831677867776957,1.0890177498530615
2023-07-27 20:00:00+00:00,0.985285604312247,0.9831677867776957,1.0912190243891506
2023-07-28 00:00:00+00:00,0.9844999289660109,0.9831677867776957,1.0923792211633032
2023-07-28 04:00:00+00:00,0.9873533410033054,0.9831677867776957,1.0881577777993525
2023-07-28 08:00:00+00:00,0.9856815103662449,0.9831677867776957,1.090614467396118
2023-07-28 12:00:00+00:00,0.9810900133963717,0.9831677867776957,1.0973881942976718
2023-07-28 16:00:00+00:00,0.982892501506253,0.9831677867776957,1.0946999881254398
2023-07-28 20:00:00+00:00,0.9829392723835759,0.9831677867776957,1.0946305331527997
2023-07-29 00:00:00+00:00,0.9814869508338011,0.9831677867776957,1.0967869980291214
2023-07-29 04:00:00+00:00,0.9834137092952102,0.9831677867776957,1.093916192493336
2023-07-29 08:00:00+00:00,0.984114888569527,0.9831677867776957,1.0928762349728935
2023-07-29 12:00:00+00:00,0.9834798761641336,0.9831677867776957,1.093816491000353
2023-07-29 16:00:00+00:00,0.9823296088738664,0.9831677867776957,1.0955222453821776
2023-07-29 20:00:00+00:00,0.9819559368116403,0.9831677867776957,1.0960778851632973
2023-07-30 00:00:00+00:00,0.9829088584943388,0.9831677867776957,1.094659659431649
2023-07-30 04:00:00+00:00,0.9834271377077967,0.9831677867776957,1.0938900535251384
2023-07-30 08:00:00+00:00,0.9829313840868342,0.9831677867776957,1.0946253053591604
2023-07-30 12:00:00+00:00,0.9820418871812135,0.9831677867776957,1.0959460700808141
2023-07-30 16:00:00+00:00,0.9857331557123308,0.9831677867776957,1.0904535260347856
2023-07-30 20:00:00+00:00,0.9837379614158148,0.9831677867776957,1.0933964004400307
2023-07-31 00:00:00+00:00,0.980187666359428,0.9831677867776957,1.0986578013244241
2023-07-31 04:00:00+00:00,0.9813964938205838,0.9831677867776957,1.0968512252081222
2023-07-31 08:00:00+00:00,0.98058511197639,0.9831677867776957,1.0980603391941879
2023-07-31 12:00:00+00:00,0.9845369153388184,0.9831677867776957,1.092160027244273
2023-07-31 16:00:00+00:00,0.9868217036602209,0.9831677867776957,1.088780632070124
2023-07-31 20:00:00+00:00,0.9849237860731385,0.9831677867776957,1.0915726472874845
2023-08-01 00:00:00+00:00,0.9949622104336707,0.9831677867776957,1.0767387828352117
2023-08-01 04:00:00+00:00,0.9923147862756848,0.9831677867776957,1.0805588063304101
2023-08-01 08:00:00+00:00,0.9942465343205222,0.9831677867776957,1.0777540950427822
2023-08-01 12:00:00+00:00,0.9918745268347087,0.9831677867776957,1.0811824074288443
2023-08-01 16:00:00+00:00,0.9836423348109008,0.9831677867776957,1.0931469600006574
2023-08-01 20:00:00+00:00,0.9727662738025571,0.9831677867776957,1.1092627541361184
2023-08-02 00:00:00+00:00,0.9745598797632353,0.9831677867776957,1.1065357129254212
2023-08-02 04:00:00+00:00,0.9759337634041916,0.9831677867776957,1.104455797884536
2023-08-02 08:00:00+00:00,0.9762992775276806,0.9831677867776957,1.1039042656555618
2023-08-02 12:00:00+00:00,0.9822707635092187,0.9831677867776957,1.0949016315943951
2023-08-02 16:00:00+00:00,0.9865380102933357,0.9831677867776957,1.088559571081937
2023-08-02 20:00:00+00:00,0.9856636256689467,0.9831677867776957,1.0898459817311017
2023-08-03 00:00:00+00:00,0.9857616482720194,0.9831677867776957,1.0897014705783508
2023-08-03 04:00:00+00:00,0.989257079071785,0.9831677867776957,1.084549479946557
2023-08-03 08:00:00+00:00,0.9866555430079379,0.9831677867776957,1.088352326405511
2023-08-03 12:00:00+00:00,0.983785048666882,0.9831677867776957,1.0925741431832932
2023-08-03 16:00:00+00:00,0.9832239606692242,0.9831677867776957,1.093404988958153
2023-08-03 20:00:00+00:00,0.9854320854277259,0.9831677867776957,1.090130896484458
2023-08-04 00:00:00+00:00,0.98625106675286,0.9831677867776957,1.0889229027398866
2023-08-04 04:00:00+00:00,0.9849414502395872,0.9831677867776957,1.0908508383513928
2023-08-04 08:00:00+00:00,0.9860897313234889,0.9831677867776957,1.089155166143016
2023-08-04 12:00:00+00:00,0.9833824861572044,0.9831677867776957,1.0931421056208492
2023-08-04 16:00:00+00:00,0.9894849822509681,0.9831677867776957,1.0840972757967346
2023-08-04 20:00:00+00:00,0.9873906982612387,0.9831677867776957,1.087156655317376
2023-08-05 00:00:00+00:00,0.9878856825365347,0.9831677867776957,1.086429992001476
2023-08-05 04:00:00+00:00,0.9889481139628739,0.9831677867776957,1.084872109496885
2023-08-05 08:00:00+00:00,0.9890709120784821,0.9831677867776957,1.0846924974439827
2023-08-05 12:00:00+00:00,0.9892371589363802,0.9831677867776957,1.0844494050397429
2023-08-05 16:00:00+00:00,0.9885765091316502,0.9831677867776957,1.0854150532077373
2023-08-05 20:00:00+00:00,0.9884545837829259,0.9831677867776957,1.0855935450191456
2023-08-06 00:00:00+00:00,0.9886621542373093,0.9831677867776957,1.085289586160388
2023-08-06 04:00:00+00:00,0.9879301990617191,0.9831677867776957,1.086360910442668
2023-08-06 08:00:00+00:00,0.9883038223241747,0.9831677867776957,1.0858131123520074
2023-08-06 12:00:00+00:00,0.9899627773065701,0.9831677867776957,1.0833829351372712
2023-08-06 16:00:00+00:00,0.9880416552665247,0.9831677867776957,1.0861861527695735
2023-08-06 20:00:00+00:00,0.9880309555580056,0.9831677867776957,1.0862018361504922
2023-08-07 00:00:00+00:00,0.986139447740199,0.9831677867776957,1.08897443384862
2023-08-07 04:00:00+00:00,0.987878728899795,0.9831677867776957,1.086413561792895
2023-08-07 08:00:00+00:00,0.9879462137042239,0.9831677867776957,1.0863146071275747
2023-08-07 12:00:00+00:00,0.993880729178357,0.9831677867776957,1.0776140648560086
2023-08-07 16:00:00+00:00,0.9862229394698825,0.9831677867776957,1.0886846647154558
2023-08-07 20:00:00+00:00,0.9847984002228595,0.9831677867776957,1.0907813833787536
2023-08-08 00:00:00+00:00,0.9852024529627008,0.9831677867776957,1.0901846680761802
2023-08-08 04:00:00+00:00,0.9853912590123616,0.9831677867776957,1.0899061013579574
2023-08-08 08:00:00+00:00,0.9790355748235335,0.9831677867776957,1.0992791619398707
2023-08-08 12:00:00+00:00,0.9766221265188759,0.9831677867776957,1.1028923141724747
2023-08-08 16:00:00+00:00,0.9679707773534482,0.9831677867776957,1.1159188556807829
2023-08-08 20:00:00+00:00,0.9676077883119406,0.9831677867776957,1.1116686594518144
2023-08-09 00:00:00+00:00,0.9676077883119406,0.9831677867776957,1.1096369147951797
2023-08-09 04:00:00+00:00,0.9676077883119406,0.9831677867776957,1.1134453624616047
2023-08-09 08:00:00+00:00,0.9676077883119406,0.9831677867776957,1.1160712085239932
2023-08-09 12:00:00+00:00,0.9676077883119406,0.9831677867776957,1.1113430425908357
2023-08-09 16:00:00+00:00,0.9676077883119406,0.9831677867776957,1.0984423415437086
2023-08-09 20:00:00+00:00,0.9631553461340583,0.9831677867776957,1.104632422626788
2023-08-10 00:00:00+00:00,0.9631397178897738,0.9831677867776957,1.1046563211119975
2023-08-10 04:00:00+00:00,0.9648643758632508,0.9831677867776957,1.1020188992208355
2023-08-10 08:00:00+00:00,0.9650602944649167,0.9831677867776957,1.1017205415695488
2023-08-10 12:00:00+00:00,0.9659927594533863,0.9831677867776957,1.1003011955964062
2023-08-10 16:00:00+00:00,0.9665208984391596,0.9831677867776957,1.099499102686564
2023-08-10 20:00:00+00:00,0.9662444285810295,0.9831677867776957,1.0999184464192235
2023-08-11 00:00:00+00:00,0.9673207853301469,0.9831677867776957,1.0982847609068587
2023-08-11 04:00:00+00:00,0.9671905463015225,0.9831677867776957,1.0984819234098364
2023-08-11 08:00:00+00:00,0.9664833337838816,0.9831677867776957,1.099552874278285
2023-08-11 12:00:00+00:00,0.9677158921855068,0.9831677867776957,1.0976831912244769
2023-08-11 16:00:00+00:00,0.9676944118146233,0.9831677867776957,1.0977156782278084
2023-08-11 20:00:00+00:00,0.9669717705583978,0.9831677867776957,1.0988086605123095
2023-08-12 00:00:00+00:00,0.9675622845596726,0.9831677867776957,1.0979139609722808
2023-08-12 04:00:00+00:00,0.9670829800523841,0.9831677867776957,1.0986391306328551
2023-08-12 08:00:00+00:00,0.9668768854499379,0.9831677867776957,1.0989513045959034
2023-08-12 12:00:00+00:00,0.966656109174482,0.9831677867776957,1.0992858833888357
2023-08-12 16:00:00+00:00,0.9672139126541268,0.9831677867776957,1.0984401010607199
2023-08-12 20:00:00+00:00,0.9668684222778434,0.9831677867776957,1.0989632538385081
2023-08-13 00:00:00+00:00,0.9671544894934586,0.9831677867776957,1.0985297203802555
2023-08-13 04:00:00+00:00,0.9677018691833573,0.9831677867776957,1.0977007416745526
2023-08-13 08:00:00+00:00,0.9680223366730907,0.9831677867776957,1.0972160505213984
2023-08-13 12:00:00+00:00,0.968249159924466,0.9831677867776957,1.0968732566241752
2023-08-13 16:00:00+00:00,0.9665505162223803,0.9831677867776957,1.0994389830597087
2023-08-13 20:00:00+00:00,0.9699745539692703,0.9831677867776957,1.0942459169064611
2023-08-14 00:00:00+00:00,0.967589573313156,0.9831677867776957,1.0978333035846985
2023-08-14 04:00:00+00:00,0.96704406833788,0.9831677867776957,1.0986585481520874
2023-08-14 08:00:00+00:00,0.9673403738002215,0.9831677867776957,1.0982097047267476
2023-08-14 12:00:00+00:00,0.9626533268727478,0.9831677867776957,1.1053045675233035
2023-08-14 16:00:00+00:00,0.9622923318751706,0.9831677867776957,1.096363173330486
2023-08-14 20:00:00+00:00,0.9602011969243603,0.9831677867776957,1.0989916332896943
2023-08-15 00:00:00+00:00,0.9609088457808962,0.9831677867776957,1.097911720489292
2023-08-15 04:00:00+00:00,0.9607414335678361,0.9831677867776957,1.0981667621361366
2023-08-15 08:00:00+00:00,0.9617910711006507,0.9831677867776957,1.096567057282429
2023-08-15 12:00:00+00:00,0.9626100313176661,0.9831677867776957,1.0953220955685492
2023-08-15 16:00:00+00:00,0.9663248341695071,0.9831677867776957,1.089686160611264
2023-08-15 20:00:00+00:00,0.9658710891022951,0.9831677867776957,1.0903683876812278
2023-08-16 00:00:00+00:00,0.9651638035350784,0.9831677867776957,1.0914329905145426
2023-08-16 04:00:00+00:00,0.9659275865255821,0.9831677867776957,1.090281382258512
2023-08-16 08:00:00+00:00,0.9667463747291103,0.9831677867776957,1.0890491166148997
2023-08-16 12:00:00+00:00,0.9681912899115706,0.9831677867776957,1.0868788354268164
2023-08-16 16:00:00+00:00,0.9680628089044679,0.9831677867776957,1.0870711435499862
2023-08-16 20:00:00+00:00,0.9775697046403654,0.9831677867776957,1.072836981710938
2023-08-17 00:00:00+00:00,0.9794377040871123,0.9831677867776957,1.070103592465107
2023-08-17 04:00:00+00:00,0.9803430683652413,0.9831677867776957,1.0687846948126103
2023-08-17 08:00:00+00:00,0.9823180037670755,0.9831677867776957,1.065913889276825
2023-08-17 12:00:00+00:00,0.9980900057559107,0.9831677867776957,1.043094943453944
2023-08-17 16:00:00+00:00,0.9991621817566338,0.9831677867776957,1.0416009147145218
2023-08-17 20:00:00+00:00,1.0332968078324467,0.9831677867776957,0.9941549532971325
2023-08-18 00:00:00+00:00,1.0387214350280538,0.9831677867776957,0.9857378321235974
2023-08-18 04:00:00+00:00,1.0379136588221172,0.9831677867776957,0.9869323829702387
2023-08-18 08:00:00+00:00,1.0362805886132118,0.9831677867776957,0.9893226049050152
2023-08-18 12:00:00+00:00,1.0489037962014875,0.9831677867776957,0.9709506444002494
2023-08-18 16:00:00+00:00,1.047271615459016,0.9831677867776957,0.9733035249518861
2023-08-18 20:00:00+00:00,1.04755341556774,0.9831677867776957,0.9728923963235173
2023-08-19 00:00:00+00:00,1.0498373240556063,0.9831677867776957,0.9696627400957587
2023-08-19 04:00:00+00:00,1.0511763133917855,0.9831677867776957,0.9678135948026775
2023-08-19 08:00:00+00:00,1.0516675275705678,0.9831677867776957,0.9671448106306443
2023-08-19 12:00:00+00:00,1.042689773904222,0.9831677867776957,0.9789420738059912
2023-08-19 16:00:00+00:00,1.0451019643792012,0.9831677867776957,0.9755667861839875
2023-08-19 20:00:00+00:00,1.0458001221176823,0.9831677867776957,0.974610473361778
2023-08-20 00:00:00+00:00,1.04564558001514,0.9831677867776957,0.9748057687955991
2023-08-20 04:00:00+00:00,1.04612039569331,0.9831677867776957,0.9741784335588508
2023-08-20 08:00:00+00:00,1.0435283249116023,0.9831677867776957,0.9774741840347667
2023-08-20 12:00:00+00:00,1.0455816025020466,0.9831677867776957,0.9748651415947911
2023-08-20 16:00:00+00:00,1.0446619819063612,0.9831677867776957,0.9760010664699027
2023-08-20 20:00:00+00:00,1.0430810349936481,0.9831677867776957,0.977970451016694
2023-08-21 00:00:00+00:00,1.046048081922816,0.9831677867776957,0.9742613314294207
2023-08-21 04:00:00+00:00,1.0480723683017839,0.9831677867776957,0.9717475095164515
2023-08-21 08:00:00+00:00,1.0478228688785112,0.9831677867776957,0.9720559493411859
2023-08-21 12:00:00+00:00,1.0506005558675604,0.9831677867776957,0.9686201686784959
2023-08-21 16:00:00+00:00,1.0457965339677215,0.9831677867776957,0.9745257084220502
2023-08-21 20:00:00+00:00,1.0449195516257304,0.9831677867776957,0.9756153299820685
2023-08-22 00:00:00+00:00,1.0470471314494372,0.9831677867776957,0.9729667056759649
2023-08-22 04:00:00+00:00,1.045519115543177,0.9831677867776957,0.974859913801151
2023-08-22 08:00:00+00:00,1.0472326667117204,0.9831677867776957,0.9727295878930272
2023-08-22 12:00:00+00:00,1.0506406420710275,0.9831677867776957,0.9685088913567393
2023-08-22 16:00:00+00:00,1.055398916302736,0.9831677867776957,0.9626604839293889
2023-08-22 20:00:00+00:00,1.0469243012556961,0.9831677867776957,0.9729670790897962
2023-08-23 00:00:00+00:00,1.0484213997921095,0.9831677867776957,0.9711119591754126
2023-08-23 04:00:00+00:00,1.0468851302048483,0.9831677867776957,0.9730092748527442
2023-08-23 08:00:00+00:00,1.0504299056669955,0.9831677867776957,0.968616434540182
2023-08-23 12:00:00+00:00,1.0442186206723416,0.9831677867776957,0.9762531208060959
2023-08-23 16:00:00+00:00,1.0296001990396122,0.9831677867776957,0.9944757157783028
2023-08-23 20:00:00+00:00,1.0353783623675055,0.9831677867776957,0.9870343249462099
2023-08-24 00:00:00+00:00,1.0351054430939763,0.9831677867776957,0.9873812263955782
2023-08-24 04:00:00+00:00,1.0340669910382634,0.9831677867776957,0.988701991117232
2023-08-24 08:00:00+00:00,1.0350441404433701,0.9831677867776957,0.9874562825756894
2023-08-24 12:00:00+00:00,1.048186106778113,0.9831677867776957,0.970739292171678
2023-08-24 16:00:00+00:00,1.0468827457703096,0.9831677867776957,0.9723487057850019
2023-08-24 20:00:00+00:00,1.042642960384676,0.9831677867776957,0.9775992776682848
2023-08-25 00:00:00+00:00,1.0448547889874618,0.9831677867776957,0.974834148246785
2023-08-25 04:00:00+00:00,1.0486220056048465,0.9831677867776957,0.9701478046627442
2023-08-25 08:00:00+00:00,1.0451135485760286,0.9831677867776957,0.9744756709686434
2023-08-25 12:00:00+00:00,1.0500511898670806,0.9831677867776957,0.9683371209942968
2023-08-25 16:00:00+00:00,1.0488257864319688,0.9831677867776957,0.9698438458039865
2023-08-25 20:00:00+00:00,1.0461711495358388,0.9831677867776957,0.9731168180361871
2023-08-26 00:00:00+00:00,1.0453540042719345,0.9831677867776957,0.9741302631746005
2023-08-26 04:00:00+00:00,1.046446155901623,0.9831677867776957,0.9727732773113014
2023-08-26 08:00:00+00:00,1.046594983635103,0.9831677867776957,0.9725888108785908
2023-08-26 12:00:00+00:00,1.046349969246537,0.9831677867776957,0.9728923963235172
2023-08-26 16:00:00+00:00,1.046946056197429,0.9831677867776957,0.9721534103511812
2023-08-26 20:00:00+00:00,1.0474539620908583,0.9831677867776957,0.9715245814591075
2023-08-27 00:00:00+00:00,1.0473153677492897,0.9831677867776957,0.971695978407719
2023-08-27 04:00:00+00:00,1.0466618511316395,0.9831677867776957,0.9725044193526949
2023-08-27 08:00:00+00:00,1.0461545678012598,0.9831677867776957,0.9731328748309371
2023-08-27 12:00:00+00:00,1.044296631067104,0.9831677867776957,0.9754372115844923
2023-08-27 16:00:00+00:00,1.0441964875850083,0.9831677867776957,0.975561931804179
2023-08-27 20:00:00+00:00,1.0449075270914114,0.9831677867776957,0.9746761941961037
2023-08-28 00:00:00+00:00,1.047573361802921,0.9831677867776957,0.9713606527871237
2023-08-28 04:00:00+00:00,1.0499552006573634,0.9831677867776957,0.9684159113127215
2023-08-28 08:00:00+00:00,1.0479247528071578,0.9831677867776957,0.9709129296032779
2023-08-28 12:00:00+00:00,1.044805884756519,0.9831677867776957,0.9747658135156391
2023-08-28 16:00:00+00:00,1.0480451661536312,0.9831677867776957,0.9707363048610268
2023-08-28 20:00:00+00:00,1.0443037113580225,0.9831677867776957,0.9753569276107418
2023-08-29 00:00:00+00:00,1.0454074868063885,0.9831677867776957,0.9739823912973669
2023-08-29 04:00:00+00:00,1.0477819108334008,0.9831677867776957,0.9710327954431567
2023-08-29 08:00:00+00:00,1.0486477022751308,0.9831677867776957,0.9699629648162023
2023-08-29 12:00:00+00:00,1.0048085962221174,0.9831677867776957,1.0240291800504409
2023-08-29 16:00:00+00:00,0.9968603766470513,0.9831677867776957,1.039260356819321
2023-08-29 20:00:00+00:00,0.9990143854061642,0.9831677867776957,1.034966471172079
2023-08-30 00:00:00+00:00,1.005234559826974,0.9831677867776957,1.022822679961195
2023-08-30 04:00:00+00:00,1.0043589901226555,0.9831677867776957,1.0245075231684613
2023-08-30 08:00:00+00:00,1.006281632352664,0.9831677867776957,1.0208577763803803
2023-08-30 12:00:00+00:00,1.0090386220702532,0.9831677867776957,1.015746487856209
2023-08-30 16:00:00+00:00,1.0095163162374565,0.9831677867776957,1.0148745665598953
2023-08-30 20:00:00+00:00,1.0069446225756147,0.9831677867776957,1.0194193863018366
2023-08-31 00:00:00+00:00,1.008703968986873,0.9831677867776957,1.016330507088515
2023-08-31 04:00:00+00:00,1.007743752331288,0.9831677867776957,1.0179645660147112
2023-08-31 08:00:00+00:00,1.0067834532260314,0.9831677867776957,1.0195676315929014
2023-08-31 12:00:00+00:00,1.0154218910445523,0.9831677867776957,1.005305090302667
2023-08-31 16:00:00+00:00,1.0326337360201445,0.9831677867776957,0.9769547653952924
2023-08-31 20:00:00+00:00,1.0373181958029878,0.9831677867776957,0.9686646049244323
2023-09-01 00:00:00+00:00,1.0342595767733953,0.9831677867776957,0.9739009870821219
2023-09-01 04:00:00+00:00,1.0362305734250792,0.9831677867776957,0.9705369018750601
2023-09-01 08:00:00+00:00,1.0349530990450846,0.9831677867776957,0.972649303919277
2023-09-01 12:00:00+00:00,1.0403492757084807,0.9831677867776957,0.9638184402205532
2023-09-01 16:00:00+00:00,1.044213745275666,0.9831677867776957,0.9576444159322239
2023-09-01 20:00:00+00:00,1.0403817572261673,0.9831677867776957,0.9635962589908714
2023-09-02 00:00:00+00:00,1.0405459208064933,0.9831677867776957,0.9633359895503874
2023-09-02 04:00:00+00:00,1.0406034971773936,0.9831677867776957,0.9632385285403925
2023-09-02 08:00:00+00:00,1.0401439151158105,0.9831677867776957,0.9639132873337282
2023-09-02 12:00:00+00:00,1.0380619520237735,0.9831677867776957,0.9669461544723399
2023-09-02 16:00:00+00:00,1.0396438103248338,0.9831677867776957,0.9646545137890524
2023-09-02 20:00:00+00:00,1.0386796500383493,0.9831677867776957,0.966003284548061
2023-09-03 00:00:00+00:00,1.0388238469113216,0.9831677867776957,0.9657941728024784
2023-09-03 04:00:00+00:00,1.0362737223983343,0.9831677867776957,0.9692411558801104
2023-09-03 08:00:00+00:00,1.0366252304794785,0.9831677867776957,0.9687616925205957
2023-09-03 12:00:00+00:00,1.038605557151528,0.9831677867776957,0.9661522766667887
2023-09-03 16:00:00+00:00,1.034586141234918,0.9831677867776957,0.9712926914698091
2023-09-03 20:00:00+00:00,1.0357488986846601,0.9831677867776957,0.9698009032133754
2023-09-04 00:00:00+00:00,1.035252208705237,0.9831677867776957,0.9704114348277106
2023-09-04 04:00:00+00:00,1.0359272728054456,0.9831677867776957,0.9695675195687519
2023-09-04 08:00:00+00:00,1.0380957813298246,0.9831677867776957,0.9668613895326129
2023-09-04 12:00:00+00:00,1.0404490131698352,0.9831677867776957,0.9639390528880947
2023-09-04 16:00:00+00:00,1.0380624385095676,0.9831677867776957,0.9668871550869793
2023-09-04 20:00:00+00:00,1.0400817812487648,0.9831677867776957,0.9643793077953126
2023-09-05 00:00:00+00:00,1.0441161927702092,0.9831677867776957,0.9593916192493337
2023-09-05 04:00:00+00:00,1.042802231400128,0.9831677867776957,0.9610014062764892
2023-09-05 08:00:00+00:00,1.0413398683300714,0.9831677867776957,0.9627982736331747
2023-09-05 12:00:00+00:00,1.042076234479098,0.9831677867776957,0.9618905046090469
2023-09-05 16:00:00+00:00,1.0443651364726958,0.9831677867776957,0.9590734706649828
2023-09-05 20:00:00+00:00,1.0410663137220812,0.9831677867776957,0.9631126880792115
2023-09-06 00:00:00+00:00,1.0413460346270904,0.9831677867776957,0.9627676536990001
2023-09-06 04:00:00+00:00,1.0429796720022917,0.9831677867776957,0.9607538329062724
2023-09-06 08:00:00+00:00,1.0428471152450751,0.9831677867776957,0.9609166413367618
2023-09-06 12:00:00+00:00,1.0472624387549623,0.9831677867776957,0.9554920586080478
2023-09-06 16:00:00+00:00,1.044146192867754,0.9831677867776957,0.9592829558243972
2023-09-06 20:00:00+00:00,1.041999842638055,0.9831677867776957,0.9619121626112683
2023-09-07 00:00:00+00:00,1.0396356188797562,0.9831677867776957,0.9648221765993505
2023-09-07 04:00:00+00:00,1.0418986414766118,0.9831677867776957,0.9620219462776992
2023-09-07 08:00:00+00:00,1.0435453320433274,0.9831677867776957,0.9599946825870411
2023-09-07 12:00:00+00:00,1.0413914565237912,0.9831677867776957,0.9626365854441797
2023-09-07 16:00:00+00:00,1.038341734633586,0.9831677867776957,0.9663953690710289
2023-09-07 20:00:00+00:00,1.0270578972122448,0.9831677867776957,0.9803980143346104
2023-09-08 00:00:00+00:00,1.0271224428428065,0.9831677867776957,0.980315863291703
2023-09-08 04:00:00+00:00,1.0270220890113717,0.9831677867776957,0.980443570822041
2023-09-08 08:00:00+00:00,1.0392469173009713,0.9831677867776957,0.9648830430538682
2023-09-08 12:00:00+00:00,1.0390921735572114,0.9831677867776957,0.9650746043493753
2023-09-08 16:00:00+00:00,1.0375549229220329,0.9831677867776957,0.9669782680618406
2023-09-08 20:00:00+00:00,1.0371077773066812,0.9831677867776957,0.9675339078429605
2023-09-09 00:00:00+00:00,1.038173484049924,0.9831677867776957,0.9662082887414988
2023-09-09 04:00:00+00:00,1.037837958416673,0.9831677867776957,0.9666246451635072
2023-09-09 08:00:00+00:00,1.0385331606850268,0.9831677867776957,0.9657613123853157
2023-09-09 12:00:00+00:00,1.0375977470858406,0.9831677867776957,0.966921135745637
2023-09-09 16:00:00+00:00,1.0383689102602431,0.9831677867776957,0.9659629558542705
2023-09-09 20:00:00+00:00,1.0373700166152935,0.9831677867776957,0.967201942946848
2023-09-10 00:00:00+00:00,1.0385781371356473,0.9831677867776957,0.9657000725169665
2023-09-10 04:00:00+00:00,1.0388534298840286,0.9831677867776957,0.9653587722750692
2023-09-10 08:00:00+00:00,1.040568895768884,0.9831677867776957,0.9632333007467536
2023-09-10 12:00:00+00:00,1.0411836686743488,0.9831677867776957,0.9624745238413533
2023-09-10 16:00:00+00:00,1.0404265638309314,0.9831677867776957,0.9634076850060163
2023-09-10 20:00:00+00:00,1.0391680711181115,0.9831677867776957,0.9649614599584619
2023-09-11 00:00:00+00:00,1.0422208392745433,0.9831677867776957,0.9611817651570546
2023-09-11 04:00:00+00:00,1.0399961323445417,0.9831677867776957,0.9639173948858741
2023-09-11 08:00:00+00:00,1.0464135039266504,0.9831677867776957,0.9559868319346502
2023-09-11 12:00:00+00:00,1.0612904360121176,0.9831677867776957,0.9378650586969207
2023-09-11 16:00:00+00:00,1.064310972093035,0.9831677867776957,0.9343060514698694
2023-09-11 20:00:00+00:00,1.0597852175415627,0.9831677867776957,0.939603300082077
2023-09-12 00:00:00+00:00,1.0397124908287736,0.9831677867776957,0.9633318819982426
2023-09-12 04:00:00+00:00,1.0389646852740215,0.9831677867776957,0.9642557078171204
2023-09-12 08:00:00+00:00,1.030627687629869,0.9831677867776957,0.9745723851509758
2023-09-12 12:00:00+00:00,1.027459273353417,0.9831677867776957,0.9785671663192681
2023-09-12 16:00:00+00:00,1.0315654296871952,0.9831677867776957,0.9733528155776309
2023-09-12 20:00:00+00:00,1.0382801565155828,0.9831677867776957,0.964905074469921
2023-09-13 00:00:00+00:00,1.0371006442848052,0.9831677867776957,0.9663666162060117
2023-09-13 04:00:00+00:00,1.0370805067895097,0.9831677867776957,0.9663916349327153
2023-09-13 08:00:00+00:00,1.0275081162340811,0.9831677867776957,0.9782848654627315
2023-09-13 12:00:00+00:00,1.0262462047806824,0.9831677867776957,0.9798868107994277
2023-09-13 16:00:00+00:00,1.0292174381302452,0.9831677867776957,0.9761041286873691
2023-09-13 20:00:00+00:00,1.0267962778738329,0.9831677867776957,0.9791657486909987
2023-09-14 00:00:00+00:00,1.0255134677882884,0.9831677867776957,0.9807968203065438
2023-09-14 04:00:00+00:00,1.0232068542951953,0.9831677867776957,0.9837382010564634
2023-09-14 08:00:00+00:00,1.020244366833458,0.9831677867776957,0.9875358197217778
2023-09-14 12:00:00+00:00,1.0130740331840797,0.9831677867776957,0.9967897612914752
2023-09-14 16:00:00+00:00,1.0126941304216357,0.9831677867776957,0.9961986471963726
2023-09-14 20:00:00+00:00,1.0126941304216357,0.9831677867776957,0.9903954228426213
2023-09-15 00:00:00+00:00,1.0126941304216357,0.9831677867776957,0.9938554754043522
2023-09-15 04:00:00+00:00,1.0126941304216357,0.9831677867776957,0.9919996086623056
2023-09-15 08:00:00+00:00,1.0126941304216357,0.9831677867776957,0.986752024089674
2023-09-15 12:00:00+00:00,1.0126941304216357,0.9831677867776957,0.982870387312295
2023-09-15 16:00:00+00:00,1.0101164208667603,0.9831677867776957,0.9857146804660512
2023-09-15 20:00:00+00:00,1.0097376272089353,0.9831677867776957,0.993280791517831
2023-09-16 00:00:00+00:00,1.0097376272089353,0.9831677867776957,0.9938943104428173
2023-09-16 04:00:00+00:00,1.0097376272089353,0.9831677867776957,0.9893412755965854
2023-09-16 08:00:00+00:00,1.0097376272089353,0.9831677867776957,0.990446207123691
2023-09-16 12:00:00+00:00,1.0097376272089353,0.9831677867776957,0.9898125238518091
2023-09-16 16:00:00+00:00,1.0097376272089353,0.9831677867776957,0.9907714505708384
2023-09-16 20:00:00+00:00,1.0097376272089353,0.9831677867776957,0.991774813535804
2023-09-17 00:00:00+00:00,1.0097376272089353,0.9831677867776957,0.9906388886606924
2023-09-17 04:00:00+00:00,1.0097376272089353,0.9831677867776957,0.9893946737744753
2023-09-17 08:00:00+00:00,1.0097376272089353,0.9831677867776957,0.9920362032177825
2023-09-17 12:00:00+00:00,1.0097376272089353,0.9831677867776957,0.9914129755331799
2023-09-17 16:00:00+00:00,1.0097376272089353,0.9831677867776957,0.9897389613270241
2023-09-17 20:00:00+00:00,1.0097376272089353,0.9831677867776957,0.9905739146540292
2023-09-18 00:00:00+00:00,1.0097376272089353,0.9831677867776957,0.9954712370528099
2023-09-18 04:00:00+00:00,1.0097376272089353,0.9831677867776957,0.9974133623899092
2023-09-18 08:00:00+00:00,1.0097376272089353,0.9831677867776957,1.0155728504246098
2023-09-18 12:00:00+00:00,1.0097376272089353,0.9831677867776957,1.0182778602192546
2023-09-18 16:00:00+00:00,1.0097376272089353,0.9831677867776957,1.001301347202422
2023-09-18 20:00:00+00:00,1.0097376272089353,0.9831677867776957,0.9993491396918747
2023-09-19 00:00:00+00:00,1.0097376272089353,0.9831677867776957,1.001436896423219
2023-09-19 04:00:00+00:00,1.0097376272089353,0.9831677867776957,1.002511954843813
2023-09-19 08:00:00+00:00,1.0097376272089353,0.9831677867776957,1.0170881637524216
2023-09-19 12:00:00+00:00,1.0097376272089353,0.9831677867776957,1.023984370390674
2023-09-19 16:00:00+00:00,1.0097376272089353,0.9831677867776957,1.0151419308631766
2023-09-19 20:00:00+00:00,1.0097376272089353,0.9831677867776957,1.0160687439927056
2023-09-20 00:00:00+00:00,1.0097376272089353,0.9831677867776957,1.0126788932312776
2023-09-20 04:00:00+00:00,1.0097376272089353,0.9831677867776957,1.0121613416609603
2023-09-20 08:00:00+00:00,1.0097376272089353,0.9831677867776957,1.0118797876320864
2023-09-20 12:00:00+00:00,1.0097376272089353,0.9831677867776957,1.014962318810274
2023-09-20 16:00:00+00:00,1.0097376272089353,0.9831677867776957,1.0056262261976692
2023-09-20 20:00:00+00:00,1.0097376272089353,0.9831677867776957,1.0128850176662088
2023-09-21 00:00:00+00:00,1.0097376272089353,0.9831677867776957,1.0095242931836297
2023-09-21 04:00:00+00:00,1.0097376272089353,0.9831677867776957,1.0078480384944855
2023-09-21 08:00:00+00:00,1.0097376272089353,0.9831677867776957,0.9981642976048494
2023-09-21 12:00:00+00:00,1.0097376272089353,0.9831677867776957,0.992684076215257
2023-09-21 16:00:00+00:00,1.0097376272089353,0.9831677867776957,0.9932789244486736
2023-09-21 20:00:00+00:00,1.0097376272089353,0.9831677867776957,0.9920888545680092
2023-09-22 00:00:00+00:00,1.0097376272089353,0.9831677867776957,0.9943177617276219
2023-09-22 04:00:00+00:00,1.0097376272089353,0.9831677867776957,0.9960739269766852
2023-09-22 08:00:00+00:00,1.0097376272089353,0.9831677867776957,0.9947841556030376
2023-09-22 12:00:00+00:00,1.0097376272089353,0.9831677867776957,0.9944387478089948
2023-09-22 16:00:00+00:00,1.0097376272089353,0.9831677867776957,0.9910440426677585
2023-09-22 20:00:00+00:00,1.0097376272089353,0.9831677867776957,0.9925391916486748
2023-09-23 00:00:00+00:00,1.0097376272089353,0.9831677867776957,0.9907490457409543
2023-09-23 04:00:00+00:00,1.0097376272089353,0.9831677867776957,0.9927322465995074
2023-09-23 08:00:00+00:00,1.0097376272089353,0.9831677867776957,0.9923550986297957
2023-09-23 12:00:00+00:00,1.0097376272089353,0.9831677867776957,0.9925918429989017
2023-09-23 16:00:00+00:00,1.0097376272089353,0.9831677867776957,0.9936575660737107
2023-09-23 20:00:00+00:00,1.0097376272089353,0.9831677867776957,0.9923831046671504
2023-09-24 00:00:00+00:00,1.0097376272089353,0.9831677867776957,0.9921952775099574
2023-09-24 04:00:00+00:00,1.0097376272089353,0.9831677867776957,0.9919155905502405
2023-09-24 08:00:00+00:00,1.0097376272089353,0.9831677867776957,0.9931579383673005
2023-09-24 12:00:00+00:00,1.0097376272089353,0.9831677867776957,0.9924615215717439
2023-09-24 16:00:00+00:00,1.0097376272089353,0.9831677867776957,0.9876485906988591
2023-09-24 20:00:00+00:00,1.0097376272089353,0.9831677867776957,0.9801508143782252
2023-09-25 00:00:00+00:00,1.0097376272089353,0.9831677867776957,0.976755362409326
2023-09-25 04:00:00+00:00,1.0084394689082818,0.9831677867776957,0.977941324737845
2023-09-25 08:00:00+00:00,1.0080613041074413,0.9831677867776957,0.9736918753365394
2023-09-25 12:00:00+00:00,1.002425177679207,0.9831677867776957,0.9799768035327939
2023-09-25 16:00:00+00:00,1.002425177679207,0.9831677867776957,0.9832669528012389
2023-09-25 20:00:00+00:00,1.002425177679207,0.9831677867776957,0.9822579886288023
2023-09-26 00:00:00+00:00,1.002425177679207,0.9831677867776957,0.9840899568856393
2023-09-26 04:00:00+00:00,1.002425177679207,0.9831677867776957,0.9810331912618178
2023-09-26 08:00:00+00:00,1.002425177679207,0.9831677867776957,0.9811011525791322
2023-09-26 12:00:00+00:00,1.002425177679207,0.9831677867776957,0.9756056212224525
2023-09-26 16:00:00+00:00,1.002425177679207,0.9831677867776957,0.9801254222376902
2023-09-26 20:00:00+00:00,1.002425177679207,0.9831677867776957,0.9791534260345619
2023-09-27 00:00:00+00:00,1.002425177679207,0.9831677867776957,0.9812583598021508
2023-09-27 04:00:00+00:00,1.002425177679207,0.9831677867776957,0.9800746379566201
2023-09-27 08:00:00+00:00,1.002425177679207,0.9831677867776957,0.9995056000872298
2023-09-27 12:00:00+00:00,1.002425177679207,0.9831677867776957,0.9822434254893777
2023-09-27 16:00:00+00:00,1.002425177679207,0.9831677867776957,0.9808759840387995
2023-09-27 20:00:00+00:00,1.002425177679207,0.9831677867776957,0.9848039241312718
2023-09-28 00:00:00+00:00,1.002425177679207,0.9831677867776957,0.9850339470514128
2023-09-28 04:00:00+00:00,1.002425177679207,0.9831677867776957,0.9880526244644317
2023-09-28 08:00:00+00:00,1.002425177679207,0.9831677867776957,0.9886851874948193
2023-09-28 12:00:00+00:00,1.002425177679207,0.9831677867776957,1.008964172436533
2023-09-28 16:00:00+00:00,1.002425177679207,0.9831677867776957,1.0119514830877145
2023-09-28 20:00:00+00:00,1.002425177679207,0.9831677867776957,1.0090160769590972
2023-09-29 00:00:00+00:00,1.002425177679207,0.9831677867776957,1.006648633268036
2023-09-29 04:00:00+00:00,1.002425177679207,0.9831677867776957,1.014938046911233
2023-09-29 08:00:00+00:00,1.002425177679207,0.9831677867776957,1.0071262295583936
2023-09-29 12:00:00+00:00,1.002425177679207,0.9831677867776957,1.0040563944504732
2023-09-29 16:00:00+00:00,1.002425177679207,0.9831677867776957,1.0054734999406274
2023-09-29 20:00:00+00:00,1.002425177679207,0.9831677867776957,1.0047431024864135
2023-09-30 00:00:00+00:00,1.002425177679207,0.9831677867776957,1.0050545296217992
2023-09-30 04:00:00+00:00,1.002425177679207,0.9831677867776957,1.0056687953744483
2023-09-30 08:00:00+00:00,1.002425177679207,0.9831677867776957,1.0058282430804553
2023-09-30 12:00:00+00:00,1.002425177679207,0.9831677867776957,1.0080788082422891
2023-09-30 16:00:00+00:00,1.0029302362108699,0.9836631427302643,1.008990311404731
2023-09-30 20:00:00+00:00,1.0007722475601946,0.9815466107707541,1.0068192833889849
2023-10-01 00:00:00+00:00,1.003823273825855,0.9845390243770792,1.0098887450830738
2023-10-01 04:00:00+00:00,1.0061687038711968,0.9868393968318686,1.0122483470836758
2023-10-01 08:00:00+00:00,1.0091291643936917,0.9897429845355241,1.0152266958029037
2023-10-01 12:00:00+00:00,1.007847510659467,0.9884859523965168,1.0139372978430876
2023-10-01 16:00:00+00:00,1.0059857165294728,0.986659924823606,1.0120642540647968
2023-10-01 20:00:00+00:00,1.0323421906332066,1.0125100699404959,1.0452812814367776
2023-10-02 00:00:00+00:00,1.0353257379967875,1.0154363009685206,1.0502839065360123
2023-10-02 04:00:00+00:00,1.0394539769666087,1.0194852331597941,1.0572058787286311
2023-10-02 08:00:00+00:00,1.0369180619237564,1.016998035076931,1.0529538154305058
2023-10-02 12:00:00+00:00,1.0330935893646187,1.013247033700185,1.0465411797039135
2023-10-02 16:00:00+00:00,1.0317279767324268,1.011907655580916,1.044251406089783
2023-10-02 20:00:00+00:00,1.0184729084634236,0.9989072277945807,1.0266830321501847
2023-10-03 00:00:00+00:00,1.0184729084634236,0.9989072277945807,1.0306800538014655
2023-10-03 04:00:00+00:00,1.0184729084634236,0.9989072277945807,1.0284055901544222
2023-10-03 08:00:00+00:00,1.0184729084634236,0.9989072277945807,1.0291281459181767
2023-10-03 12:00:00+00:00,1.0184729084634236,0.9989072277945807,1.0211001219569578
2023-10-03 16:00:00+00:00,1.0184729084634236,0.9989072277945807,1.018486225137174
2023-10-03 20:00:00+00:00,1.0184729084634236,0.9989072277945807,1.0241419510275231
2023-10-04 00:00:00+00:00,1.0184729084634236,0.9989072277945807,1.024290196318588
2023-10-04 04:00:00+00:00,1.0184729084634236,0.9989072277945807,1.0251621176149015
2023-10-04 08:00:00+00:00,1.0184729084634236,0.9989072277945807,1.0295926727244349
2023-10-04 12:00:00+00:00,1.0118546484772106,0.9924161098858816,1.0233114786664945
2023-10-04 16:00:00+00:00,1.0197518070979015,1.000161557761515,1.031298053692428
2023-10-04 20:00:00+00:00,1.0256768914623218,1.0059728165075543,1.0372902254448666
2023-10-05 00:00:00+00:00,1.0209935381826865,1.0013794341971685,1.0325538444074185
2023-10-05 04:00:00+00:00,1.0193781431496995,0.9997950721971732,1.0309201588950536
2023-10-05 08:00:00+00:00,1.023724017329872,1.0040574586520175,1.0353152396906045
2023-10-05 12:00:00+00:00,1.0174219459188962,0.9978764550826649,1.0289418124163088
2023-10-05 16:00:00+00:00,1.0143307259837726,0.994844619959474,1.0258155918198473
2023-10-05 20:00:00+00:00,1.0120824653310054,0.9926395501953665,1.0235418750004668
2023-10-06 00:00:00+00:00,1.017577023842063,0.9980285538346643,1.0290986462254956
2023-10-06 04:00:00+00:00,1.0205057811910119,1.0009010474081412,1.032060564736142
2023-10-06 08:00:00+00:00,1.0249912255020346,1.005300322739785,1.0365967959599611
2023-10-06 12:00:00+00:00,1.0316787763220248,1.011859400349822,1.043360067274236
2023-10-06 16:00:00+00:00,1.032093794383071,1.0122664455813637,1.043779784420727
2023-10-06 20:00:00+00:00,1.0364442489448888,1.0165333244250514,1.0429855332013442
2023-10-07 00:00:00+00:00,1.0357645645616382,1.0158666973234307,1.041839899566616
2023-10-07 04:00:00+00:00,1.0355516647271195,1.0156578874653286,1.0414810488746429
2023-10-07 08:00:00+00:00,1.0366886074438217,1.0167729886014165,1.0433974086573756
2023-10-07 12:00:00+00:00,1.0366372101892865,1.0167225787293253,1.0433107766484913
2023-10-07 16:00:00+00:00,1.0349907257250361,1.015107724550953,1.0405355650535437
2023-10-07 20:00:00+00:00,1.037010947984118,1.017089136721644,1.0439407257820592
2023-10-08 00:00:00+00:00,1.0394080095964955,1.019440148859694,1.0479810634377822
2023-10-08 04:00:00+00:00,1.035879765304562,1.0159796849677731,1.0420340747589427
2023-10-08 08:00:00+00:00,1.0337977334161035,1.0139376505802138,1.0385247315714674
2023-10-08 12:00:00+00:00,1.0355946434658252,1.0157000405480254,1.041553491157934
2023-10-08 16:00:00+00:00,1.035644489941129,1.0157489294325968,1.0416375092699985
2023-10-08 20:00:00+00:00,1.0361332069389946,1.0162282577853268,1.0424612601820618
2023-10-09 00:00:00+00:00,1.0362368876076262,1.0163299466652351,1.042636017855156
2023-10-09 04:00:00+00:00,1.0338340659581027,1.0139732851449679,1.0385859714398167
2023-10-09 08:00:00+00:00,1.028254163516974,1.0085005771008813,1.0257274661556375
2023-10-09 12:00:00+00:00,1.028254163516974,1.0085005771008813,1.0247711533334283
2023-10-09 16:00:00+00:00,1.028254163516974,1.0085005771008813,1.031244282100707
2023-10-09 20:00:00+00:00,1.028254163516974,1.0085005771008813,1.0302532417921775
2023-10-10 00:00:00+00:00,1.028254163516974,1.0085005771008813,1.0318290481606758
2023-10-10 04:00:00+00:00,1.028254163516974,1.0085005771008813,1.0325433888201394
2023-10-10 08:00:00+00:00,1.028254163516974,1.0085005771008813,1.0272192544120713
2023-10-10 12:00:00+00:00,1.028254163516974,1.0085005771008813,1.0234530025085942
2023-10-10 16:00:00+00:00,1.028254163516974,1.0085005771008813,1.0230530762951673
2023-10-10 20:00:00+00:00,1.028254163516974,1.0085005771008813,1.0227849651642238
2023-10-11 00:00:00+00:00,1.028254163516974,1.0085005771008813,1.0088166739731308
2023-10-11 04:00:00+00:00,1.028254163516974,1.0085005771008813,1.0090369881336556
2023-10-11 08:00:00+00:00,1.028254163516974,1.0085005771008813,1.0155459646287486
2023-10-11 12:00:00+00:00,1.028254163516974,1.0085005771008813,0.9999820761360934
2023-10-11 16:00:00+00:00,1.028254163516974,1.0085005771008813,0.9993749052462408
2023-10-11 20:00:00+00:00,1.028254163516974,1.0085005771008813,1.0035690894004996
2023-10-12 00:00:00+00:00,1.0267548036700074,1.0070300211580043,1.0025067270501733
2023-10-12 04:00:00+00:00,1.0253623186650656,1.0056642869057988,1.0011471272900543
2023-10-12 08:00:00+00:00,1.0249521737375997,1.0052620211910366,1.0021620660837933
2023-10-12 12:00:00+00:00,1.0249521737375997,1.0052620211910366,0.9960813952533135
2023-10-12 16:00:00+00:00,1.0249521737375997,1.0052620211910366,0.9974966336743107
2023-10-12 20:00:00+00:00,1.0249521737375997,1.0052620211910366,0.9992415965084321
2023-10-13 00:00:00+00:00,1.0249521737375997,1.0052620211910366,1.0000653474204952
2023-10-13 04:00:00+00:00,1.0249521737375997,1.0052620211910366,1.003549671881267
2023-10-13 08:00:00+00:00,1.0224809085153148,1.0028382309538844,1.0015302498810683
2023-10-13 12:00:00+00:00,1.022071535079255,1.0024367219095602,0.9972699714786523
2023-10-13 16:00:00+00:00,1.022071535079255,1.0024367219095602,0.9999488423050991
2023-10-13 20:00:00+00:00,1.022071535079255,1.0024367219095602,1.0030642339004499
2023-10-14 00:00:00+00:00,1.022071535079255,1.0024367219095602,1.005632574232803
2023-10-14 04:00:00+00:00,1.0193117733905415,0.9997299774542701,1.0033181553058002
2023-10-14 08:00:00+00:00,1.0189040486811853,0.9993300854632884,1.0034507172159464
2023-10-14 12:00:00+00:00,1.0189040486811853,0.9993300854632884,1.0060724557261895
2023-10-14 16:00:00+00:00,1.0155376843331556,0.9960283916718352,1.00314974566784
2023-10-14 20:00:00+00:00,1.0151314692594224,0.9956299803151665,1.0027087439329594
2023-10-15 00:00:00+00:00,1.0151314692594224,0.9956299803151665,1.00375355583321
2023-10-15 04:00:00+00:00,1.0151314692594224,0.9956299803151665,1.003830479082478
2023-10-15 08:00:00+00:00,1.0151314692594224,0.9956299803151665,1.002708370519128
2023-10-15 12:00:00+00:00,1.0151314692594224,0.9956299803151665,1.0044410106968131
2023-10-15 16:00:00+00:00,1.0151314692594224,0.9956299803151665,1.0098510302861028
2023-10-15 20:00:00+00:00,1.01886780395161,0.9992945370240107,1.0139735189847332
2023-10-16 00:00:00+00:00,1.021935947138899,1.002303738722184,1.017026923884072
2023-10-16 04:00:00+00:00,1.0386528846113978,1.0186995304306377,1.0399224195423895
2023-10-16 08:00:00+00:00,1.036413744182822,1.0165034056839068,1.036208445575308
2023-10-16 12:00:00+00:00,1.0434954253934883,1.0234490421240003,1.0479545510557535
2023-10-16 16:00:00+00:00,1.0432427023078255,1.023201174051319,1.063066235398586
2023-10-16 20:00:00+00:00,1.0432427023078255,1.023201174051319,1.0642585457622389
2023-10-17 00:00:00+00:00,1.0432427023078255,1.023201174051319,1.055640527947412
2023-10-17 04:00:00+00:00,1.0432427023078255,1.023201174051319,1.0616390477349842
2023-10-17 08:00:00+00:00,1.0432427023078255,1.023201174051319,1.061340316669866
2023-10-17 12:00:00+00:00,1.0432427023078255,1.023201174051319,1.0627999913367996
2023-10-17 16:00:00+00:00,1.0432427023078255,1.023201174051319,1.0648444320637018
2023-10-17 20:00:00+00:00,1.0432427023078255,1.023201174051319,1.0603425549123713
2023-10-18 00:00:00+00:00,1.0432427023078255,1.023201174051319,1.0647678822282651
2023-10-18 04:00:00+00:00,1.0432427023078255,1.023201174051319,1.064025908945278
2023-10-18 08:00:00+00:00,1.0432427023078255,1.023201174051319,1.058278696666236
2023-10-18 12:00:00+00:00,1.0432427023078255,1.023201174051319,1.0547988531714412
2023-10-18 16:00:00+00:00,1.0432427023078255,1.023201174051319,1.0547305184402953
2023-10-18 20:00:00+00:00,1.0432427023078255,1.023201174051319,1.0575079705182313
2023-10-19 00:00:00+00:00,1.0432427023078255,1.023201174051319,1.0552674875298453
2023-10-19 04:00:00+00:00,1.0432427023078255,1.023201174051319,1.0579120042838037
2023-10-19 08:00:00+00:00,1.0432427023078255,1.023201174051319,1.0623881158807675
2023-10-19 12:00:00+00:00,1.0432427023078255,1.023201174051319,1.0709542291730305
2023-10-19 16:00:00+00:00,1.0432427023078255,1.023201174051319,1.0735927713056865
2023-10-19 20:00:00+00:00,1.0432427023078255,1.023201174051319,1.0722096464741895
2023-10-20 00:00:00+00:00,1.0432427023078255,1.023201174051319,1.0916895258167125
2023-10-20 04:00:00+00:00,1.0432427023078255,1.023201174051319,1.0918810871122195
2023-10-20 08:00:00+00:00,1.0432427023078255,1.023201174051319,1.1142664994768479
2023-10-20 12:00:00+00:00,1.0432427023078255,1.023201174051319,1.1034744663356235
2023-10-20 16:00:00+00:00,1.0432427023078255,1.023201174051319,1.1038639369617713
2023-10-20 20:00:00+00:00,1.0432427023078255,1.023201174051319,1.1078829900291045
2023-10-21 00:00:00+00:00,1.0432427023078255,1.023201174051319,1.105470363264444
2023-10-21 04:00:00+00:00,1.0432427023078255,1.023201174051319,1.1088822454419247
2023-10-21 08:00:00+00:00,1.0432427023078255,1.023201174051319,1.112959551066956
2023-10-21 12:00:00+00:00,1.0432427023078255,1.023201174051319,1.1179024299531672
2023-10-21 16:00:00+00:00,1.0432427023078255,1.023201174051319,1.125657488403634
2023-10-21 20:00:00+00:00,1.0432427023078255,1.023201174051319,1.116873301433835
2023-10-22 00:00:00+00:00,1.0432427023078255,1.023201174051319,1.1167829352866367
2023-10-22 04:00:00+00:00,1.0432427023078255,1.023201174051319,1.1133803884549411
2023-10-22 08:00:00+00:00,1.0432427023078255,1.023201174051319,1.1168684470540269
2023-10-22 12:00:00+00:00,1.0432427023078255,1.023201174051319,1.1137291569734666
2023-10-22 16:00:00+00:00,1.0432427023078255,1.023201174051319,1.1143695616943137
2023-10-22 20:00:00+00:00,1.0432427023078255,1.023201174051319,1.1199599401641684
2023-10-23 00:00:00+00:00,1.0432427023078255,1.023201174051319,1.147750517738278
2023-10-23 04:00:00+00:00,1.0432427023078255,1.023201174051319,1.139585077487105
2023-10-23 08:00:00+00:00,1.0432427023078255,1.023201174051319,1.1447762765711957
2023-10-23 12:00:00+00:00,1.0432427023078255,1.023201174051319,1.153226258161894
2023-10-23 16:00:00+00:00,1.0432427023078255,1.023201174051319,1.1708174103452071
2023-10-23 20:00:00+00:00,1.0432427023078255,1.023201174051319,1.2348791670182993
2023-10-24 00:00:00+00:00,1.0432427023078255,1.023201174051319,1.2719072559535247
2023-10-24 04:00:00+00:00,1.0432427023078255,1.023201174051319,1.2696062799244525
2023-10-24 08:00:00+00:00,1.0432427023078255,1.023201174051319,1.2898800370725267
2023-10-24 12:00:00+00:00,1.0432427023078255,1.023201174051319,1.257243294794538
2023-10-24 16:00:00+00:00,1.0432427023078255,1.023201174051319,1.2620080552831725
2023-10-24 20:00:00+00:00,1.0432427023078255,1.023201174051319,1.2667216580769056
2023-10-25 00:00:00+00:00,1.0432427023078255,1.023201174051319,1.2695842485084001
2023-10-25 04:00:00+00:00,1.0432427023078255,1.023201174051319,1.2642869998961925
2023-10-25 08:00:00+00:00,1.0432427023078255,1.023201174051319,1.2770454302735572
2023-10-25 12:00:00+00:00,1.0432427023078255,1.023201174051319,1.3009663203128927
2023-10-25 16:00:00+00:00,1.0432427023078255,1.023201174051319,1.2971851318561598
2023-10-25 20:00:00+00:00,1.0432427023078255,1.023201174051319,1.2881302198585975
2023-10-26 00:00:00+00:00,1.0432427023078255,1.023201174051319,1.2992295725830623
2023-10-26 04:00:00+00:00,1.0432427023078255,1.023201174051319,1.293779597713813
2023-10-26 08:00:00+00:00,1.0432427023078255,1.023201174051319,1.2734404931452443
2023-10-26 12:00:00+00:00,1.0432427023078255,1.023201174051319,1.2712661044050155
2023-10-26 16:00:00+00:00,1.0432427023078255,1.023201174051319,1.271250794437928
2023-10-26 20:00:00+00:00,1.0432427023078255,1.023201174051319,1.2752702209190931
2023-10-27 00:00:00+00:00,1.0432427023078255,1.023201174051319,1.27397895589012
2023-10-27 04:00:00+00:00,1.0432427023078255,1.023201174051319,1.2674412265300095
2023-10-27 08:00:00+00:00,1.0432427023078255,1.023201174051319,1.2713624451735166
2023-10-27 12:00:00+00:00,1.0432427023078255,1.023201174051319,1.2695876092328835
2023-10-27 16:00:00+00:00,1.0432427023078255,1.023201174051319,1.2583500933908016
2023-10-27 20:00:00+00:00,1.0432427023078255,1.023201174051319,1.2655749042006839
2023-10-28 00:00:00+00:00,1.0479943001913516,1.0278614899320708,1.2718475097405022
2023-10-28 04:00:00+00:00,1.0475324565493707,1.0274085186765254,1.2712870155795741
2023-10-28 08:00:00+00:00,1.0515585884982854,1.031357305404582,1.2761731355634127
2023-10-28 12:00:00+00:00,1.052085970245358,1.0318745557257047,1.2768131668704288
2023-10-28 16:00:00+00:00,1.0495964453237936,1.0294328565727275,1.2737918755605901
2023-10-28 20:00:00+00:00,1.0486404505232374,1.0284952271983239,1.2726316787864376
2023-10-29 00:00:00+00:00,1.0452518535684494,1.0251717279063033,1.268519272261255
2023-10-29 04:00:00+00:00,1.0485053743348098,1.028362745931712,1.2724677501144541
2023-10-29 08:00:00+00:00,1.053957652373386,1.0337102813402839,1.2790846432068208
2023-10-29 12:00:00+00:00,1.059993927235733,1.0396305945256883,1.2864102757511806
2023-10-29 16:00:00+00:00,1.0634394469578536,1.0430099230530692,1.2905917638351718
2023-10-29 20:00:00+00:00,1.0623292991495477,1.0419211020737167,1.289244486731489
2023-10-30 00:00:00+00:00,1.054468726516844,1.0342115373399248,1.2797048835807723
2023-10-30 04:00:00+00:00,1.052100739395801,1.0318890411489334,1.2768310907343356
2023-10-30 08:00:00+00:00,1.0648714391695657,1.044414405546946,1.2923296318064965
2023-10-30 12:00:00+00:00,1.0663425080918245,1.045857214056448,1.2941149233344087
2023-10-30 16:00:00+00:00,1.0594437763817277,1.0390910125104214,1.2857426118206414
2023-10-30 20:00:00+00:00,1.0607551538648212,1.0403771973812643,1.2873341015700583
2023-10-31 00:00:00+00:00,1.0525890444323258,1.03236796545443,1.2774236984847638
2023-10-31 04:00:00+00:00,1.0506161320856355,1.0304329543348045,1.2750293689978418
2023-10-31 08:00:00+00:00,1.0611717669835699,1.040785807028172,1.2878397038977705
2023-10-31 12:00:00+00:00,1.0545231877591028,1.0342649523380802,1.2797709778289297
2023-10-31 16:00:00+00:00,1.0627726813534748,1.0423559665502262,1.289782576062533
2023-10-31 20:00:00+00:00,1.0658332800921722,1.0453577687347106,1.2934969234434455
2023-11-01 00:00:00+00:00,1.059021932522197,1.0386772726094535,1.285230661457795
2023-11-01 04:00:00+00:00,1.060033619327549,1.039669524100615,1.2864584461354307
2023-11-01 08:00:00+00:00,1.059196393111806,1.0388483816713416,1.2854423871001976
2023-11-01 12:00:00+00:00,1.0551308767617098,1.0348609671480087,1.2805084701459402
2023-11-01 16:00:00+00:00,1.0633071399851344,1.0428801578033122,1.2904311958876704
2023-11-01 20:00:00+00:00,1.088109318585343,1.0672058666787487,1.3226851889884768
2023-11-02 00:00:00+00:00,1.0908831496529368,1.069926410228877,1.328295731805227
2023-11-02 04:00:00+00:00,1.085495548185676,1.0646423089028605,1.3173983959635485
2023-11-02 08:00:00+00:00,1.0872255695457043,1.066339095166305,1.320897656977576
2023-11-02 12:00:00+00:00,1.073683181661288,1.0530568674045961,1.2935058853753993
2023-11-02 16:00:00+00:00,1.0803292993606814,1.0595753078574832,1.3069487833057158
2023-11-02 20:00:00+00:00,1.0792507821495743,1.0585175098262118,1.3047672997026905
2023-11-03 00:00:00+00:00,1.0744569005301257,1.0538157225139864,1.295070862742787
2023-11-03 04:00:00+00:00,1.0704516915443387,1.0498874568021703,1.2869696496706142
2023-11-03 08:00:00+00:00,1.0642523557990378,1.0438072152640334,1.2790319918565938
2023-11-03 12:00:00+00:00,1.0642523557990378,1.0438072152640334,1.2981250144697887
2023-11-03 16:00:00+00:00,1.056696471956745,1.0363964860048434,1.2894244721982226
2023-11-03 20:00:00+00:00,1.0623905197344188,1.0419811465620958,1.2963725833590392
2023-11-04 00:00:00+00:00,1.0621493787848404,1.041744638123384,1.296078333259898
2023-11-04 04:00:00+00:00,1.0639576298902453,1.0435181512761114,1.2982848355896268
2023-11-04 08:00:00+00:00,1.0622555664872564,1.0418487858749488,1.296207907859393
2023-11-04 12:00:00+00:00,1.0621802864446215,1.0417749520222543,1.2961160480568694
2023-11-04 16:00:00+00:00,1.0628174126591168,1.0423998385316433,1.2968934956538394
2023-11-04 20:00:00+00:00,1.072956961165885,1.0523445981868267,1.3092661895433702
2023-11-05 00:00:00+00:00,1.0795344783870016,1.058795756031594,1.317292346435432
2023-11-05 04:00:00+00:00,1.0760290601415428,1.0553576796795046,1.3130148909967714
2023-11-05 08:00:00+00:00,1.0736886464583244,1.0530622272185026,1.310159022014242
2023-11-05 12:00:00+00:00,1.0674746767601764,1.0469676328574788,1.3025764807538804
2023-11-05 16:00:00+00:00,1.070696723788237,1.0501277817803203,1.3065081549846667
2023-11-05 20:00:00+00:00,1.0714210646862727,1.050838207509294,1.307392025523585
2023-11-06 00:00:00+00:00,1.0703959096341307,1.049832746507155,1.3061410891884027
2023-11-06 04:00:00+00:00,1.0681417925851522,1.0476219328529002,1.3033905229063274
2023-11-06 08:00:00+00:00,1.078170869159436,1.0574583428299429,1.3156284144027235
2023-11-06 12:00:00+00:00,1.0735347201922862,1.0529112579993751,1.3099711948570487
2023-11-06 16:00:00+00:00,1.0727308150215469,1.0521227964911308,1.3089902367219672
2023-11-06 20:00:00+00:00,1.0724679469051916,1.0518649782819256,1.3086694742407965
2023-11-07 00:00:00+00:00,1.0685790900685888,1.0480508295012754,1.303924131271395
2023-11-07 04:00:00+00:00,1.0691513407991873,1.0486120868367974,1.3046224151361085
2023-11-07 08:00:00+00:00,1.059668503558657,1.0393114224982078,1.2930510673287572
2023-11-07 12:00:00+00:00,1.062526697047316,1.0421147077996935,1.2965387525140115
2023-11-07 16:00:00+00:00,1.0849500512102135,1.0641072913613998,1.3239006510096767
2023-11-07 20:00:00+00:00,1.0832712450561683,1.0624607364187928,1.3218521027306291
2023-11-08 00:00:00+00:00,1.0793101683412651,1.0585757551615738,1.3170186340970176
2023-11-08 04:00:00+00:00,1.0779857292171844,1.057276759574333,1.3154024990347284
2023-11-08 08:00:00+00:00,1.0811802347662323,1.0604098961120423,1.319300566020689
2023-11-08 12:00:00+00:00,1.077963696033974,1.0572551496662272,1.3153756132388679
2023-11-08 16:00:00+00:00,1.0900914333090308,1.0691499033903347,1.3301743767909893
2023-11-08 20:00:00+00:00,1.0951511063479935,1.0741123760559281,1.330276318766961
2023-11-09 00:00:00+00:00,1.110090522613821,1.0887647941644092,1.3606591351586335
2023-11-09 04:00:00+00:00,1.111828757159247,1.0904696358313788,1.3641942439004753
2023-11-09 08:00:00+00:00,1.1168352472141883,1.0953799472006893,1.3743761188411958
2023-11-09 12:00:00+00:00,1.1219452932302176,1.1003918251380964,1.3847685991828247
2023-11-09 16:00:00+00:00,1.0999936840292173,1.0788619239395623,1.3585616696676726
2023-11-09 20:00:00+00:00,1.0999936840292173,1.0788619239395623,1.3704694633371133
2023-11-10 00:00:00+00:00,1.0999936840292173,1.0788619239395623,1.371671109046551
2023-11-10 04:00:00+00:00,1.0999936840292173,1.0788619239395623,1.3607192547854885
2023-11-10 08:00:00+00:00,1.0999936840292173,1.0788619239395623,1.3842857750988273
2023-11-10 12:00:00+00:00,1.0999936840292173,1.0788619239395623,1.384698397382522
2023-11-10 16:00:00+00:00,1.0999936840292173,1.0788619239395623,1.3900688351056834
2023-11-10 20:00:00+00:00,1.0999936840292173,1.0788619239395623,1.3928944575678694
2023-11-11 00:00:00+00:00,1.0999936840292173,1.0788619239395623,1.383123711255518
2023-11-11 04:00:00+00:00,1.0999936840292173,1.0788619239395623,1.3818701610235158
2023-11-11 08:00:00+00:00,1.0999936840292173,1.0788619239395623,1.3812024970929764
2023-11-11 12:00:00+00:00,1.0999936840292173,1.0788619239395623,1.3835269981934268
2023-11-11 16:00:00+00:00,1.0999936840292173,1.0788619239395623,1.3871872005687873
2023-11-11 20:00:00+00:00,1.0999936840292173,1.0788619239395623,1.386485555979591
2023-11-12 00:00:00+00:00,1.0999936840292173,1.0788619239395623,1.3812118324387614
2023-11-12 04:00:00+00:00,1.0999936840292173,1.0788619239395623,1.3864090061441545
2023-11-12 08:00:00+00:00,1.0999936840292173,1.0788619239395623,1.3837036229356783
2023-11-12 12:00:00+00:00,1.0999936840292173,1.0788619239395623,1.3873111739608113
2023-11-12 16:00:00+00:00,1.0999936840292173,1.0788619239395623,1.3855523948149282
2023-11-12 20:00:00+00:00,1.0999936840292173,1.0788619239395623,1.3840258790721742
2023-11-13 00:00:00+00:00,1.0999936840292173,1.0788619239395623,1.3784201906352325
2023-11-13 04:00:00+00:00,1.0999936840292173,1.0788619239395623,1.3801483498469407
2023-11-13 08:00:00+00:00,1.0999936840292173,1.0788619239395623,1.3745370602025275
2023-11-13 12:00:00+00:00,1.0999936840292173,1.0788619239395623,1.375727876910855
2023-11-13 16:00:00+00:00,1.0999936840292173,1.0788619239395623,1.375842514957094
2023-11-13 20:00:00+00:00,1.0999936840292173,1.0788619239395623,1.3615762395285456
2023-11-14 00:00:00+00:00,1.0999936840292173,1.0788619239395623,1.3610213465750887
2023-11-14 04:00:00+00:00,1.0999936840292173,1.0788619239395623,1.3698260713056147
2023-11-14 08:00:00+00:00,1.0999936840292173,1.0788619239395623,1.3539679327138179
2023-11-14 12:00:00+00:00,1.0999936840292173,1.0788619239395623,1.3497823370776811
2023-11-14 16:00:00+00:00,1.0999936840292173,1.0788619239395623,1.317926403121145
2023-11-14 20:00:00+00:00,1.0999936840292173,1.0788619239395623,1.3275306068646937
2023-11-15 00:00:00+00:00,1.0999936840292173,1.0788619239395623,1.3212124448374447
2023-11-15 04:00:00+00:00,1.0999936840292173,1.0788619239395623,1.328489906997554
2023-11-15 08:00:00+00:00,1.0999936840292173,1.0788619239395623,1.3532868258853485
2023-11-15 12:00:00+00:00,1.0999936840292173,1.0788619239395623,1.359316712434758
2023-11-15 16:00:00+00:00,1.1327060377644664,1.1109458471473115,1.4003014943274734
2023-11-15 20:00:00+00:00,1.1405848713908138,1.1186733220664267,1.4136775511819697
2023-11-16 00:00:00+00:00,1.1332771937853416,1.1115060308033613,1.3986207586723525
2023-11-16 04:00:00+00:00,1.1329558676508615,1.1111908776014017,1.3979586959492842
2023-11-16 08:00:00+00:00,1.1295166087371407,1.1078176896072744,1.3908724216708506
2023-11-16 12:00:00+00:00,1.113937619972936,1.0925379857005961,1.3594503945863983
2023-11-16 16:00:00+00:00,1.113937619972936,1.0925379857005961,1.3413401971774421
2023-11-16 20:00:00+00:00,1.113937619972936,1.0925379857005961,1.3503954825888358
2023-11-17 00:00:00+00:00,1.113937619972936,1.0925379857005961,1.3623626490574685
2023-11-17 04:00:00+00:00,1.113937619972936,1.0925379857005961,1.353242763053243
2023-11-17 08:00:00+00:00,1.113937619972936,1.0925379857005961,1.3582117809076522
2023-11-17 12:00:00+00:00,1.113937619972936,1.0925379857005961,1.345962686996314
2023-11-17 16:00:00+00:00,1.113937619972936,1.0925379857005961,1.3563286549559135
2023-11-17 20:00:00+00:00,1.113937619972936,1.0925379857005961,1.3672144149688186
2023-11-18 00:00:00+00:00,1.1061293670772017,1.0848797355997029,1.3581736926968493
2023-11-18 04:00:00+00:00,1.1075085386608252,1.0862324121920819,1.359867124422238
2023-11-18 08:00:00+00:00,1.1070718263357793,1.0858040894607355,1.3593309021603508
2023-11-18 12:00:00+00:00,1.1150202339453896,1.0935998017911457,1.3690904460577606
2023-11-18 16:00:00+00:00,1.1154745850690795,1.0940454244656803,1.3696483263218686
2023-11-18 20:00:00+00:00,1.1120988839492956,1.0907345732693399,1.3655034327933544
2023-11-19 00:00:00+00:00,1.1106698371419204,1.0893329795962223,1.3637487611996169
2023-11-19 04:00:00+00:00,1.1134187526754094,1.0920290862596207,1.3671240488216205
2023-11-19 08:00:00+00:00,1.1086173500376484,1.087319922413871,1.361228591251514
2023-11-19 12:00:00+00:00,1.1121040539420017,1.0907396439423434,1.3655097808284884
2023-11-19 16:00:00+00:00,1.123681796431207,1.1020949687211434,1.3797256453897984
2023-11-19 20:00:00+00:00,1.1361776688015495,1.1143507853703716,1.3950688463080976
2023-11-20 00:00:00+00:00,1.1287109828652488,1.1070275404539256,1.3859007899196216
2023-11-20 04:00:00+00:00,1.132668460223064,1.1109089915005903,1.3907600241076
2023-11-20 08:00:00+00:00,1.129719435560132,1.108016619964472,1.3871390301845365
2023-11-20 12:00:00+00:00,1.1392720614946847,1.1173857323003504,1.3988683320425692
2023-11-20 16:00:00+00:00,1.142544970994785,1.1205957665863877,1.4028870116960712
2023-11-20 20:00:00+00:00,1.138881879103992,1.1170030456260343,1.398389242096886
2023-11-21 00:00:00+00:00,1.1393708995905338,1.11748267163718,1.3989896915377733
2023-11-21 04:00:00+00:00,1.1337462516436507,1.1119660776843587,1.3920834027260733
2023-11-21 08:00:00+00:00,1.130554845557974,1.1088359810668456,1.388164797979386
2023-11-21 12:00:00+00:00,1.1244746300185287,1.1028725713399594,1.3806991352482523
2023-11-21 16:00:00+00:00,1.1246254721586562,1.103020515681706,1.3808843485086255
2023-11-21 20:00:00+00:00,1.0869651164678051,1.0660836456007312,1.3346426466974937
2023-11-22 00:00:00+00:00,1.1063784390787428,1.0851240227285142,1.3584795186247645
2023-11-22 04:00:00+00:00,1.1081973641595921,1.0869080048010649,1.360712906750354
2023-11-22 08:00:00+00:00,1.1089308948894048,1.0876274438177833,1.3616135809116854
2023-11-22 12:00:00+00:00,1.1094542806215801,1.0881407748906573,1.3622562261155207
2023-11-22 16:00:00+00:00,1.1340524976821753,1.1122664404910898,1.3924594304542908
2023-11-22 20:00:00+00:00,1.1376520290744059,1.115796822000989,1.3968791565627137
2023-11-23 00:00:00+00:00,1.1343477955008519,1.112556065402049,1.392822015284578
2023-11-23 04:00:00+00:00,1.1364620184003777,1.1146296723855587,1.3954179882404547
2023-11-23 08:00:00+00:00,1.1364860436605997,1.1146532361012804,1.3954474879331351
2023-11-23 12:00:00+00:00,1.123753872211872,1.1021656598683083,1.3798141444678396
2023-11-23 16:00:00+00:00,1.1337921733435685,1.1120111171916243,1.3921397882146143
2023-11-23 20:00:00+00:00,1.1341832680859147,1.1123946986905877,1.3926199984017917
2023-11-24 00:00:00+00:00,1.1348331665807778,1.113032112114604,1.3934179837594887
2023-11-24 04:00:00+00:00,1.1411387329787597,1.1192165435294619,1.4011603461396882
2023-11-24 08:00:00+00:00,1.1477989000529278,1.1257487634573766,1.4093381090472974
2023-11-24 12:00:00+00:00,1.160933337241785,1.1386308775832767,1.4272291125372232
2023-11-24 16:00:00+00:00,1.1526309371904242,1.1304879732895745,1.4102387832086287
2023-11-24 20:00:00+00:00,1.1516722380724056,1.129547691549814,1.4082768669384653
2023-11-25 00:00:00+00:00,1.1532128350753426,1.1310586924498518,1.4114295999169562
2023-11-25 04:00:00+00:00,1.1532931220208942,1.1311374370188458,1.4115939020027712
2023-11-25 08:00:00+00:00,1.150558074232546,1.128454931690092,1.4059968020839513
2023-11-25 12:00:00+00:00,1.1515045478384012,1.129383222779574,1.4079336996274108
2023-11-25 16:00:00+00:00,1.1536038689942452,1.1314422142938387,1.412229825757641
2023-11-25 20:00:00+00:00,1.1528966139920678,1.130748546226973,1.4107824737471435
2023-11-26 00:00:00+00:00,1.1519789706984787,1.129848531596357,1.4089045755890446
2023-11-26 04:00:00+00:00,1.1530628444634257,1.1309115832777765,1.4111226537475468
2023-11-26 08:00:00+00:00,1.1510470947190876,1.1289345577012375,1.4069975511520965
2023-11-26 12:00:00+00:00,1.1466276633071326,1.1246000271079746,1.3979534681556447
2023-11-26 16:00:00+00:00,1.1455868525402544,1.1235792111499245,1.3958235156613523
2023-11-26 20:00:00+00:00,1.1468159726885172,1.1247847189152516,1.398338831229647
2023-11-27 00:00:00+00:00,1.1442945976575347,1.1223117815189796,1.393178998907394
2023-11-27 04:00:00+00:00,1.13992166584351,1.1180228572291109,1.3922058824627717
2023-11-27 08:00:00+00:00,1.13992166584351,1.1180228572291109,1.3829735988952951
2023-11-27 12:00:00+00:00,1.13992166584351,1.1180228572291109,1.3723339185972812
2023-11-27 16:00:00+00:00,1.13992166584351,1.1180228572291109,1.3770381860452294
2023-11-27 20:00:00+00:00,1.13992166584351,1.1180228572291109,1.3906939298594425
2023-11-28 00:00:00+00:00,1.13992166584351,1.1180228572291109,1.3864691257710091
2023-11-28 04:00:00+00:00,1.13992166584351,1.1180228572291109,1.3855561289532419
2023-11-28 08:00:00+00:00,1.13992166584351,1.1180228572291109,1.3910195467204212
2023-11-28 12:00:00+00:00,1.13992166584351,1.1180228572291109,1.4007944005849184
2023-11-28 16:00:00+00:00,1.157722930682854,1.1354821455068262,1.423239185748739
2023-11-28 20:00:00+00:00,1.1487504417379184,1.1266820252641334,1.412208914583083
2023-11-29 00:00:00+00:00,1.1524446565233986,1.1303052712234287,1.4167503736005416
2023-11-29 04:00:00+00:00,1.157189240880347,1.1349587083130686,1.4225830976469735
2023-11-29 08:00:00+00:00,1.1611450643979797,1.1388385372911458,1.422880335056766
2023-11-29 12:00:00+00:00,1.1561532270534156,1.1339425971419053,1.4126525302147834
2023-11-29 16:00:00+00:00,1.1569451048651034,1.134719262346303,1.4142750133122062
2023-11-29 20:00:00+00:00,1.1565886231620741,1.1343696289424359,1.4135446158579923
2023-11-30 00:00:00+00:00,1.1601826002498725,1.137894562850542,1.4209083366131545
2023-11-30 04:00:00+00:00,1.155464867445879,1.1332674614740088,1.4112421461735944
2023-11-30 08:00:00+00:00,1.15714466900867,1.134914992702762,1.4146839014575867
2023-11-30 12:00:00+00:00,1.1500923951226525,1.1279981986490468,1.4047768590967746
2023-11-30 16:00:00+00:00,1.1500923951226525,1.1279981986490468,1.4096125682133747
2023-11-30 20:00:00+00:00,1.148859426260358,1.1267889161065687,1.4086648439092875
2023-12-01 00:00:00+00:00,1.1585771111037686,1.136319916437405,1.4205801058553564
2023-12-01 04:00:00+00:00,1.1646993530545373,1.1423245452145774,1.428086844107944
2023-12-01 08:00:00+00:00,1.1769701647239654,1.1543596247592958,1.4406369095673883
2023-12-01 12:00:00+00:00,1.1739246668402623,1.151372633330281,1.4344132212394831
2023-12-01 16:00:00+00:00,1.1802999846036506,1.1576254761309244,1.4474416298169483
2023-12-01 20:00:00+00:00,1.17884036757029,1.1561938995103584,1.4444588001317435
2023-12-02 00:00:00+00:00,1.1806630615998057,1.1579815781270513,1.4481836030999353
2023-12-02 04:00:00+00:00,1.1792050891024117,1.1565516144495984,1.4452041341392134
2023-12-02 08:00:00+00:00,1.1798936014937114,1.1572268999661597,1.44661115745592
2023-12-02 12:00:00+00:00,1.181201738491937,1.1585099066044457,1.4492844270748957
2023-12-02 16:00:00+00:00,1.1923160607320655,1.1694107138084904,1.4719973233696597
2023-12-02 20:00:00+00:00,1.1928706348052063,1.1699546340693086,1.4731306343479516
2023-12-03 00:00:00+00:00,1.1916054384683277,1.168713743167857,1.470545116979354
2023-12-03 04:00:00+00:00,1.1933890290870848,1.1704630695816454,1.4741900093876268
2023-12-03 08:00:00+00:00,1.1934069362564974,1.1704806327399846,1.4742266039431036
2023-12-03 12:00:00+00:00,1.1985364266621679,1.175511581524727,1.4847090770180993
2023-12-03 16:00:00+00:00,1.194983680795915,1.1720270867533624,1.4774487918942343
2023-12-03 20:00:00+00:00,1.2024072988748251,1.1793080911804685,1.492619475622428
2023-12-04 00:00:00+00:00,1.2158835402152561,1.1925254431263048,1.5201591191018382
2023-12-04 04:00:00+00:00,1.2292468567526555,1.205632039645062,1.547467992833445
2023-12-04 08:00:00+00:00,1.2320774686034048,1.2084082731740033,1.5532525464956264
2023-12-04 12:00:00+00:00,1.2261264411193684,1.202571569696464,1.5410912048346668
2023-12-04 16:00:00+00:00,1.239226997354568,1.215420453748975,1.5678631094767235
2023-12-04 20:00:00+00:00,1.239296798770034,1.2154889142233185,1.5680057535603176
2023-12-05 00:00:00+00:00,1.236352896663816,1.212601566835495,1.5619896833226696
2023-12-05 04:00:00+00:00,1.230834747591401,1.2071894258284266,1.550712959028291
2023-12-05 08:00:00+00:00,1.2344543712536238,1.2107395136197117,1.5581099136144476
2023-12-05 12:00:00+00:00,1.2443617868205743,1.2204565997948584,1.57835641155283
2023-12-05 16:00:00+00:00,1.2726125392838632,1.2481646326661406,1.6360888037837311
2023-12-05 20:00:00+00:00,1.277344417438082,1.2528056076493865,1.6457587283616055
2023-12-06 00:00:00+00:00,1.2711817929930251,1.2467613721579995,1.6331649734838873
2023-12-06 04:00:00+00:00,1.2703195079679341,1.2459156523191852,1.6314028336135218
2023-12-06 08:00:00+00:00,1.2730666139368298,1.2486099841811762,1.6370167371547546
2023-12-06 12:00:00+00:00,1.2720797096307233,1.2476420390975915,1.6349999290513757
2023-12-06 16:00:00+00:00,1.2757252804159727,1.2512175755468786,1.6424499084015909
2023-12-06 20:00:00+00:00,1.2716683929128845,1.2472386241034885,1.6341593745168996
2023-12-07 00:00:00+00:00,1.2746678437895258,1.2501804531253444,1.6402889625592922
2023-12-07 04:00:00+00:00,1.2738852273956998,1.2494128714195505,1.6386896311194161
2023-12-07 08:00:00+00:00,1.2611678480406903,1.2369398031123233,1.6127007752818001
2023-12-07 12:00:00+00:00,1.2697917946489121,1.2453980767958759,1.6303244144684452
2023-12-07 16:00:00+00:00,1.2614519873104544,1.2372184838390359,1.613281433789624
2023-12-07 20:00:00+00:00,1.2627230308863249,1.238465109649333,1.6158789004008263
2023-12-08 00:00:00+00:00,1.264420009277514,1.240129487725847,1.6193467946530165
2023-12-08 04:00:00+00:00,1.260765484907558,1.2365451696973901,1.6118785180250628
2023-12-08 08:00:00+00:00,1.2696790525720991,1.2452875005846982,1.630094018134473
2023-12-08 12:00:00+00:00,1.2716364158246476,1.2472072613207397,1.6340940270964048
2023-12-08 16:00:00+00:00,1.2750016845907213,1.250507880577244,1.640971189629256
2023-12-08 20:00:00+00:00,1.2791291044141497,1.2545560093585837,1.6494058612528666
2023-12-09 00:00:00+00:00,1.2785515068374782,1.253989507894186,1.6482255001318185
2023-12-09 04:00:00+00:00,1.279297760713823,1.2547214256355967,1.6497505222192468
2023-12-09 08:00:00+00:00,1.2726671744231932,1.2482182182206658,1.636200454519319
2023-12-09 12:00:00+00:00,1.2768287640494806,1.2522998603755713,1.644704954529401
2023-12-09 16:00:00+00:00,1.2746230758659935,1.250136545229496,1.6401974761705995
2023-12-09 20:00:00+00:00,1.2707713899062785,1.2463588532434038,1.6323262860185677
2023-12-10 00:00:00+00:00,1.2731782596563315,1.2487194850969456,1.6372448930057382
2023-12-10 04:00:00+00:00,1.275391439614777,1.2508901480949792,1.6417676813316269
2023-12-10 08:00:00+00:00,1.2712176073318502,1.2467964984746784,1.633238162594841
2023-12-10 12:00:00+00:00,1.274245563498577,1.2497662851771563,1.6394260031949321
2023-12-10 16:00:00+00:00,1.272297153830735,1.2478553060202844,1.6354442915107386
2023-12-10 20:00:00+00:00,1.2721584646308954,1.2477192811511046,1.6351608704127079
2023-12-11 00:00:00+00:00,1.2574908036315064,1.2333333976726375,1.5798982372626709
2023-12-11 04:00:00+00:00,1.2574908036315064,1.2333333976726375,1.5732861985501123
2023-12-11 08:00:00+00:00,1.2574908036315064,1.2333333976726375,1.581183901084173
2023-12-11 12:00:00+00:00,1.2574908036315064,1.2333333976726375,1.5609982696003086
2023-12-11 16:00:00+00:00,1.2574908036315064,1.2333333976726375,1.5227812310259128
2023-12-11 20:00:00+00:00,1.2574908036315064,1.2333333976726375,1.5404590152181104
2023-12-12 00:00:00+00:00,1.2574908036315064,1.2333333976726375,1.5584534543393334
2023-12-12 04:00:00+00:00,1.2574908036315064,1.2333333976726375,1.5652114978599685
2023-12-12 08:00:00+00:00,1.2574908036315064,1.2333333976726375,1.5528253610725076
2023-12-12 12:00:00+00:00,1.2574908036315064,1.2333333976726375,1.5439915100631327
2023-12-12 16:00:00+00:00,1.2574908036315064,1.2333333976726375,1.53614944618995
2023-12-12 20:00:00+00:00,1.2574908036315064,1.2333333976726375,1.5493832323746841
2023-12-13 00:00:00+00:00,1.2574908036315064,1.2333333976726375,1.5246247751115236
2023-12-13 04:00:00+00:00,1.2574908036315064,1.2333333976726375,1.5353010499650144
2023-12-13 08:00:00+00:00,1.2574908036315064,1.2333333976726375,1.531171839817419
2023-12-13 12:00:00+00:00,1.2574908036315064,1.2333333976726375,1.5660669889477008
2023-12-13 16:00:00+00:00,1.2808105054884473,1.2562051093709456,1.5957470405086829
2023-12-13 20:00:00+00:00,1.2848572830890292,1.2601741451311579,1.6007888740602143
2023-12-14 00:00:00+00:00,1.2802065759324428,1.255612781785638,1.5949946116384166
2023-12-14 04:00:00+00:00,1.2857549352082522,1.2610545526338863,1.6019072484852508
2023-12-14 08:00:00+00:00,1.2967869149092015,1.27187459916491,1.6156518647913365
2023-12-14 12:00:00+00:00,1.2722466944692328,1.2478058160235495,1.585077487104157
2023-12-14 16:00:00+00:00,1.2916039105360073,1.2667911644588408,1.609194419404976
2023-12-14 20:00:00+00:00,1.2894498451667744,1.2646784804113926,1.6065106941987213
2023-12-15 00:00:00+00:00,1.2826666522578447,1.258025598073582,1.5980595923665288
2023-12-15 04:00:00+00:00,1.2797908685904187,1.2552050605147582,1.594476686654268
2023-12-15 08:00:00+00:00,1.28206991590747,1.2574403255066597,1.597316125428216
2023-12-15 12:00:00+00:00,1.2561003455654733,1.23196965142022,1.5649609371791011
2023-12-15 16:00:00+00:00,1.2616906652074569,1.2374525765423858,1.5719258519623307
2023-12-15 20:00:00+00:00,1.2570216753198944,1.2328732816918018,1.5661088112968176
2023-12-16 00:00:00+00:00,1.2688152356669027,1.2444402782944228,1.5808022721484851
2023-12-16 04:00:00+00:00,1.2654847814602912,1.2411738047817966,1.576652897653994
2023-12-16 08:00:00+00:00,1.268761286624679,1.2443873656565292,1.5807350576588335
2023-12-16 12:00:00+00:00,1.2769138860553877,1.252383347119537,1.590892287286682
2023-12-16 16:00:00+00:00,1.2693529277877325,1.2449676409187616,1.5814721765620128
2023-12-16 20:00:00+00:00,1.2671440142255719,1.2428011623561215,1.5787201166246116
2023-12-17 00:00:00+00:00,1.2565795928905612,1.2324396920201743,1.5655580258955064
2023-12-17 04:00:00+00:00,1.2554166913137383,1.2312991307144696,1.5641091802296834
2023-12-17 08:00:00+00:00,1.2576142156336514,1.233454438831332,1.566847050441491
2023-12-17 12:00:00+00:00,1.2531574253121693,1.2290832670231293,1.5612943867686078
2023-12-17 16:00:00+00:00,1.2619852869213788,1.2377415383371042,1.5722929177585951
2023-12-17 20:00:00+00:00,1.240068188801088,1.2162454852337656,1.544986657923808
2023-12-18 00:00:00+00:00,1.2315643211621223,1.2079049837062512,1.5343917872855615
2023-12-18 04:00:00+00:00,1.2326163274854849,1.2089367801451745,1.5357024698337673
2023-12-18 08:00:00+00:00,1.2319899191618875,1.2083224056274111,1.5349220349261465
2023-12-18 12:00:00+00:00,1.2368105658014787,1.2130504437822958,1.5409280229903466
2023-12-18 16:00:00+00:00,1.2498524470421637,1.2258417800339527,1.5571767524497853
2023-12-18 20:00:00+00:00,1.278526362984075,1.2539648470743543,1.5929012536996014
2023-12-19 00:00:00+00:00,1.291246348272825,1.2664404712532464,1.6087489367041188
2023-12-19 04:00:00+00:00,1.2898664516595026,1.2650870835595704,1.6070297394243642
2023-12-19 08:00:00+00:00,1.2880666516675388,1.263321859167623,1.604787389366821
2023-12-19 12:00:00+00:00,1.2734030022742282,1.248939910229067,1.5865181176656893
2023-12-19 16:00:00+00:00,1.269060104375218,1.2446804428786393,1.5811073512487368
2023-12-19 20:00:00+00:00,1.2670828719777185,1.2427411946998421,1.5786439402030064
2023-12-20 00:00:00+00:00,1.2713916021499871,1.2469671507129374,1.5840121374431797
2023-12-20 04:00:00+00:00,1.2865117203838905,1.2617967993598922,1.60285011840953
2023-12-20 08:00:00+00:00,1.284719713031359,1.2600392179045294,1.6006174771116033
2023-12-20 12:00:00+00:00,1.3156707940752206,1.2903957038805918,1.6440365437712
2023-12-20 16:00:00+00:00,1.3104702862349942,1.2852951019631171,1.6332377891810106
2023-12-20 20:00:00+00:00,1.3092280196227226,1.2840767002878892,1.6306582464337154
2023-12-21 00:00:00+00:00,1.308876271867424,1.2837317098888237,1.6299278489795015
2023-12-21 04:00:00+00:00,1.3109466562778296,1.2857623205557167,1.6342269624203831
2023-12-21 08:00:00+00:00,1.3139516179296913,1.2887095544863854,1.6404667075430384
2023-12-21 12:00:00+00:00,1.3120164657851263,1.2868115781651452,1.6364484013033678
2023-12-21 16:00:00+00:00,1.3077870407049268,1.2826634037297535,1.627666081402726
2023-12-21 20:00:00+00:00,1.3126964035472861,1.287478453778063,1.6378602789998828
2023-12-22 00:00:00+00:00,1.3153255202049887,1.2900570629980732,1.6433195892149168
2023-12-22 04:00:00+00:00,1.3077073759525764,1.2825852694011306,1.6275006590754169
2023-12-22 08:00:00+00:00,1.3107567556492024,1.2855760680703316,1.6338326374144272
2023-12-22 12:00:00+00:00,1.3092670427632642,1.2841149737626318,1.6307392772351288
2023-12-22 16:00:00+00:00,1.3087219776066639,1.2835803797444478,1.6296074599121626
2023-12-22 20:00:00+00:00,1.3146249019766434,1.2893699042072964,1.6418647689277917
2023-12-23 00:00:00+00:00,1.3066654401170952,1.2815633499879473,1.6253370993362988
2023-12-23 04:00:00+00:00,1.307310850492232,1.2821963615126135,1.626677281577185
2023-12-23 08:00:00+00:00,1.3070493774675875,1.2819399115942895,1.6261343378663329
2023-12-23 12:00:00+00:00,1.3107981165815736,1.28561663442605,1.633918522595649
2023-12-23 16:00:00+00:00,1.3098552671536436,1.284691897891131,1.6319607138776309
2023-12-23 20:00:00+00:00,1.3098255951804207,1.2846627959402896,1.6318991005954504
2023-12-24 00:00:00+00:00,1.3122051076027688,1.2869965960223129,1.6368401124125045
2023-12-24 04:00:00+00:00,1.3089086412927582,1.2837634574715597,1.6299950634691533
2023-12-24 08:00:00+00:00,1.3086034695439124,1.2834641483165419,1.6293613801972713
2023-12-24 12:00:00+00:00,1.3094312276817652,1.284276004557288,1.631080204063195
2023-12-24 16:00:00+00:00,1.3083134035268897,1.2831796547001346,1.628759063687227
2023-12-24 20:00:00+00:00,1.2915892626107406,1.2667767979319553,1.6053620732533425
2023-12-25 00:00:00+00:00,1.2915892626107406,1.2667767979319553,1.6113844915261244
2023-12-25 04:00:00+00:00,1.2915892626107406,1.2667767979319553,1.6134520839105735
2023-12-25 08:00:00+00:00,1.2915892626107406,1.2667767979319553,1.6120689590790764
2023-12-25 12:00:00+00:00,1.2915892626107406,1.2667767979319553,1.6287564497904072
2023-12-25 16:00:00+00:00,1.2868173983695028,1.2620966050264628,1.6233886259640655
2023-12-25 20:00:00+00:00,1.2898329985591757,1.2650542731201067,1.627192966078345
2023-12-26 00:00:00+00:00,1.286142825064412,1.261434990815095,1.6225376158423102
2023-12-26 04:00:00+00:00,1.2660938789270644,1.2417712009981663,1.5972448033864197
2023-12-26 08:00:00+00:00,1.2566103139957507,1.2324698229483164,1.5939374770817305
2023-12-26 12:00:00+00:00,1.2566103139957507,1.2324698229483164,1.5829572433694816
2023-12-26 16:00:00+00:00,1.2566103139957507,1.2324698229483164,1.5724124101846426
2023-12-26 20:00:00+00:00,1.2566103139957507,1.2324698229483164,1.5873422419915848
2023-12-27 00:00:00+00:00,1.2566103139957507,1.2324698229483164,1.5771006208378406
2023-12-27 04:00:00+00:00,1.2566103139957507,1.2324698229483164,1.585359414546863
2023-12-27 08:00:00+00:00,1.2566103139957507,1.2324698229483164,1.6063930688418315
2023-12-27 12:00:00+00:00,1.254984682877088,1.2308754215060533,1.604956919246276
2023-12-27 16:00:00+00:00,1.260056227620337,1.235849537810981,1.611442744083822
2023-12-27 20:00:00+00:00,1.2680715983812862,1.2437109268769357,1.6216933271695197
2023-12-28 00:00:00+00:00,1.267474774300729,1.2431255682651983,1.6209300692981432
2023-12-28 04:00:00+00:00,1.2569853866931249,1.2328376901986302,1.6075155508190127
2023-12-28 08:00:00+00:00,1.2573010260429696,1.2331472658636442,1.6079192111707536
2023-12-28 12:00:00+00:00,1.239373236550728,1.215563883572997,1.5849919753367672
2023-12-28 16:00:00+00:00,1.2441808238728302,1.2202791132903459,1.5911402340707301
2023-12-28 20:00:00+00:00,1.2428119827330784,1.2189365686857343,1.589389670029138
2023-12-29 00:00:00+00:00,1.2467146983205193,1.222764309979514,1.5943807192995991
2023-12-29 04:00:00+00:00,1.2343320585904425,1.2106195506807995,1.5785449855376863
2023-12-29 08:00:00+00:00,1.2515205337128352,1.2274778214230517,1.600526737550574
2023-12-29 12:00:00+00:00,1.2342663612234537,1.2105551154128735,1.578460967425622
2023-12-29 16:00:00+00:00,1.2177887335074369,1.1943940361287222,1.572688736419877
2023-12-29 20:00:00+00:00,1.2177887335074369,1.1943940361287222,1.57083809747147
2023-12-30 00:00:00+00:00,1.2177887335074369,1.1943940361287222,1.5673227796626923
2023-12-30 04:00:00+00:00,1.2177887335074369,1.1943940361287222,1.5663649731851574
2023-12-30 08:00:00+00:00,1.2177887335074369,1.1943940361287222,1.5643784116021215
2023-12-30 12:00:00+00:00,1.2177887335074369,1.1943940361287222,1.58233961689235
2023-12-30 16:00:00+00:00,1.2177887335074369,1.1943940361287222,1.581823185563527
2023-12-30 20:00:00+00:00,1.2177887335074369,1.1943940361287222,1.5735763410971093
2023-12-31 00:00:00+00:00,1.2177887335074369,1.1943940361287222,1.5749101753028618
2023-12-31 04:00:00+00:00,1.2177887335074369,1.1943940361287222,1.588394148754632
2023-12-31 08:00:00+00:00,1.216765327756316,1.19339029082213,1.5876943712345928
2023-12-31 12:00:00+00:00,1.2150142284569683,1.19167283154347,1.5854094520002704
2023-12-31 16:00:00+00:00,1.2196465285645905,1.1962161414541859,1.5914539016891047
2023-12-31 20:00:00+00:00,1.2100465323076999,1.1868005688178191,1.5789273613010382
2024-01-01 00:00:00+00:00,1.2113889749965772,1.1881172221069503,1.5806790455841246
2024-01-01 04:00:00+00:00,1.216024136845169,1.1926633387822985,1.5867272294112729
2024-01-01 08:00:00+00:00,1.2216829434386154,1.1982134351667113,1.5941111145133307
2024-01-01 12:00:00+00:00,1.224340069928964,1.2008195161280382,1.5975782619378582
2024-01-01 16:00:00+00:00,1.245372149011535,1.2214475521185328,1.6250219380625994
2024-01-01 20:00:00+00:00,1.2603417670334736,1.2361295917831898,1.6497255034925447
2024-01-02 00:00:00+00:00,1.281338303293201,1.2567227677569484,1.6953876670373471
2024-01-02 04:00:00+00:00,1.282250912488432,1.2576178449982698,1.6973723615512257
2024-01-02 08:00:00+00:00,1.2818810610855105,1.2572550987371585,1.696568028158395
2024-01-02 12:00:00+00:00,1.2776027011010185,1.2530589294761971,1.687263675721459
2024-01-02 16:00:00+00:00,1.275107320210276,1.2506114868519023,1.6818368525097565
2024-01-02 20:00:00+00:00,1.273517680336438,1.2490523852338111,1.6783797872586768
2024-01-03 00:00:00+00:00,1.2789397637168725,1.254370306047819,1.6901714492265527
2024-01-03 04:00:00+00:00,1.274631355452199,1.250144665758216,1.6808017493691219
2024-01-03 08:00:00+00:00,1.249342295212058,1.2253414286292859,1.6319259863913107
2024-01-03 12:00:00+00:00,1.249342295212058,1.2253414286292859,1.605679848423862
2024-01-03 16:00:00+00:00,1.249342295212058,1.2253414286292859,1.5906185749482677
2024-01-03 20:00:00+00:00,1.249342295212058,1.2253414286292859,1.5999001491414886
2024-01-04 00:00:00+00:00,1.2563501473007257,1.2322146542639734,1.6095181691967986
2024-01-04 04:00:00+00:00,1.2464480696621267,1.2225028034712973,1.5968325545165565
2024-01-04 08:00:00+00:00,1.2584930907482403,1.2343164300507314,1.6122635076852343
2024-01-04 12:00:00+00:00,1.2839909698153946,1.2593244744296823,1.6449290028282404
2024-01-04 16:00:00+00:00,1.2812330085939059,1.2566194958531989,1.6413957611555556
2024-01-04 20:00:00+00:00,1.286905745995366,1.2621832554236405,1.6486631411422172
2024-01-05 00:00:00+00:00,1.2669135876545599,1.242575162464178,1.6230510598604817
2024-01-05 04:00:00+00:00,1.2760152677541388,1.2515019919959134,1.6347112801597057
2024-01-05 08:00:00+00:00,1.2758365919743064,1.2513267487209836,1.6344823774810586
2024-01-05 12:00:00+00:00,1.2679279297651902,1.243570018250076,1.6243505399937455
2024-01-05 16:00:00+00:00,1.2708424144675436,1.2464285133659352,1.6280843048938909
2024-01-05 20:00:00+00:00,1.286731150902186,1.2620120144421028,1.64843946625721
2024-01-06 00:00:00+00:00,1.280493238399429,1.255893937236932,1.640448036851468
2024-01-06 04:00:00+00:00,1.2723930753952883,1.2479493848547212,1.6300708664769263
2024-01-06 08:00:00+00:00,1.2729398874066509,1.2484856921691878,1.6307713908246284
2024-01-06 12:00:00+00:00,1.2786298219875731,1.2540663185474943,1.6380608022273424
2024-01-06 16:00:00+00:00,1.279772122772504,1.2551866748190268,1.63952421103259
2024-01-06 20:00:00+00:00,1.2815781180936143,1.2569579755228835,1.64183788313193
2024-01-07 00:00:00+00:00,1.2807646040617844,1.2561600897474696,1.6407956851284993
2024-01-07 04:00:00+00:00,1.2848333401314063,1.2601506621369363,1.6460081688009793
2024-01-07 08:00:00+00:00,1.2842824474333916,1.259610352529078,1.6453024166596377
2024-01-07 12:00:00+00:00,1.2838880782162416,1.2592235594605956,1.6447971877457566
2024-01-07 16:00:00+00:00,1.2896360168431453,1.264861075580682,1.6521609085009188
2024-01-07 20:00:00+00:00,1.2804326110548856,1.2558344745922578,1.640370366774537
2024-01-08 00:00:00+00:00,1.268458127552327,1.2440900305128773,1.6250297797530575
2024-01-08 04:00:00+00:00,1.2817597086496268,1.2571360775788074,1.642070519948891
2024-01-08 08:00:00+00:00,1.3010392042144299,1.2760451985852468,1.666769604412859
2024-01-08 12:00:00+00:00,1.3112544116598583,1.2860641637102537,1.6789821037687203
2024-01-08 16:00:00+00:00,1.3465169658164873,1.3206492959458251,1.754273908007266
2024-01-08 20:00:00+00:00,1.3460218619345574,1.3201637034061915,1.7532167734505792
2024-01-09 00:00:00+00:00,1.345600735072075,1.3197506667281842,1.7523175929445736
2024-01-09 04:00:00+00:00,1.3438265108113263,1.3180105267371618,1.748529309625044
2024-01-09 08:00:00+00:00,1.3401622873799606,1.3144166959740367,1.7407055430295997
2024-01-09 12:00:00+00:00,1.344571177829785,1.318740888105498,1.750119305719135
2024-01-09 16:00:00+00:00,1.3447096879938576,1.3188767373783312,1.7504150494736022
2024-01-09 20:00:00+00:00,1.3313132017841383,1.3057376084032382,1.7218111765747082
2024-01-10 00:00:00+00:00,1.3314373712494048,1.3058593924735804,1.7220763003950004
2024-01-10 04:00:00+00:00,1.3251568447188968,1.299699519890278,1.7086662628818472
2024-01-10 08:00:00+00:00,1.320923015726441,1.2955470261453135,1.6996262874375405
2024-01-10 12:00:00+00:00,1.3001325504480075,1.2751559623641746,1.7007655730371347
2024-01-10 16:00:00+00:00,1.3001325504480075,1.2751559623641746,1.7359702822336454
2024-01-10 20:00:00+00:00,1.3042195069191982,1.279164405126696,1.7421245155889105
2024-01-11 00:00:00+00:00,1.2999750757840363,1.275001512914682,1.7364549733867998
2024-01-11 04:00:00+00:00,1.2887717679942214,1.2640134296446641,1.7214900406797062
2024-01-11 08:00:00+00:00,1.3155695792710864,1.290296433493948,1.757285490557488
2024-01-11 12:00:00+00:00,1.3316963027398208,1.3061133496825847,1.7469710537066212
2024-01-11 16:00:00+00:00,1.3264432103300157,1.3009611733872488,1.7435550639769954
2024-01-11 20:00:00+00:00,1.3264432103300157,1.3009611733872488,1.7303683279350177
2024-01-12 00:00:00+00:00,1.3264432103300157,1.3009611733872488,1.7174795761304953
2024-01-12 04:00:00+00:00,1.3264432103300157,1.3009611733872488,1.7180094503572487
2024-01-12 08:00:00+00:00,1.3264432103300157,1.3009611733872488,1.7159989902890034
2024-01-12 12:00:00+00:00,1.3264432103300157,1.3009611733872488,1.660272950574202
2024-01-12 16:00:00+00:00,1.3264432103300157,1.3009611733872488,1.6233251456127271
2024-01-12 20:00:00+00:00,1.3264432103300157,1.3009611733872488,1.5975663126952524
2024-01-13 00:00:00+00:00,1.3264432103300157,1.3009611733872488,1.5911140951025318
2024-01-13 04:00:00+00:00,1.3264432103300157,1.3009611733872488,1.6095245172319317
2024-01-13 08:00:00+00:00,1.3264432103300157,1.3009611733872488,1.5916391149494769
2024-01-13 12:00:00+00:00,1.3264432103300157,1.3009611733872488,1.611447971877461
2024-01-13 16:00:00+00:00,1.3264432103300157,1.3009611733872488,1.597697754363904
2024-01-13 20:00:00+00:00,1.3264432103300157,1.3009611733872488,1.6000032113589533
2024-01-14 00:00:00+00:00,1.3264432103300157,1.3009611733872488,1.593798193722618
2024-01-14 04:00:00+00:00,1.3264432103300157,1.3009611733872488,1.6061066604331484
2024-01-14 08:00:00+00:00,1.3264432103300157,1.3009611733872488,1.5993310664624374
2024-01-14 12:00:00+00:00,1.3264432103300157,1.3009611733872488,1.6021088919542046
2024-01-14 16:00:00+00:00,1.3264432103300157,1.3009611733872488,1.592983404742508
2024-01-14 20:00:00+00:00,1.3264432103300157,1.3009611733872488,1.5583436706729021
2024-01-15 00:00:00+00:00,1.3264432103300157,1.3009611733872488,1.5894729413135384
2024-01-15 04:00:00+00:00,1.3264432103300157,1.3009611733872488,1.5950289657109045
2024-01-15 08:00:00+00:00,1.3264432103300157,1.3009611733872488,1.5944020038879876
2024-01-15 12:00:00+00:00,1.3264432103300157,1.3009611733872488,1.5787559643524247
2024-01-15 16:00:00+00:00,1.3264432103300157,1.3009611733872488,1.6054057626716145
2024-01-15 20:00:00+00:00,1.3264432103300157,1.3009611733872488,1.5874232727929962
2024-01-16 00:00:00+00:00,1.3264432103300157,1.3009611733872488,1.6028624410659646
2024-01-16 04:00:00+00:00,1.3264432103300157,1.3009611733872488,1.5978799803136254
2024-01-16 08:00:00+00:00,1.3264432103300157,1.3009611733872488,1.6019655010429477
2024-01-16 12:00:00+00:00,1.3264432103300157,1.3009611733872488,1.6151145222879542
2024-01-16 16:00:00+00:00,1.3264432103300157,1.3009611733872488,1.611882252163376
2024-01-16 20:00:00+00:00,1.3264432103300157,1.3009611733872488,1.61083071881416
2024-01-17 00:00:00+00:00,1.3264432103300157,1.3009611733872488,1.600040926155924
2024-01-17 04:00:00+00:00,1.3264432103300157,1.3009611733872488,1.5928317987269605
2024-01-17 08:00:00+00:00,1.3264432103300157,1.3009611733872488,1.5937362070266057
2024-01-17 12:00:00+00:00,1.3264432103300157,1.3009611733872488,1.5863661382363095
2024-01-17 16:00:00+00:00,1.3264432103300157,1.3009611733872488,1.5911577845208043
2024-01-17 20:00:00+00:00,1.3264432103300157,1.3009611733872488,1.5973187393250345
2024-01-18 00:00:00+00:00,1.3264432103300157,1.3009611733872488,1.5904460577581605
2024-01-18 04:00:00+00:00,1.3264432103300157,1.3009611733872488,1.6025177800995847
2024-01-18 08:00:00+00:00,1.3264432103300157,1.3009611733872488,1.5886738357143468
2024-01-18 12:00:00+00:00,1.3264432103300157,1.3009611733872488,1.5914643572763818
2024-01-18 16:00:00+00:00,1.3264432103300157,1.3009611733872488,1.5318301684021722
2024-01-18 20:00:00+00:00,1.3264432103300157,1.3009611733872488,1.5432260117087666
2024-01-19 00:00:00+00:00,1.3264432103300157,1.3009611733872488,1.5330829718065115
2024-01-19 04:00:00+00:00,1.3264432103300157,1.3009611733872488,1.5416109968879719
2024-01-19 08:00:00+00:00,1.3225802700166054,1.3009611733872488,1.5487476820336443
2024-01-19 12:00:00+00:00,1.3332405358284258,1.3009611733872488,1.5270650344997063
2024-01-19 16:00:00+00:00,1.3160600180652795,1.3009611733872488,1.5614026767797113
2024-01-19 20:00:00+00:00,1.31864635057608,1.3009611733872488,1.5556058004610938
2024-01-20 00:00:00+00:00,1.319060037330333,1.3009611733872488,1.5546954175401464
2024-01-20 04:00:00+00:00,1.3187650352193199,1.3009611733872488,1.5553040820853243
2024-01-20 08:00:00+00:00,1.320018826559493,1.3009611733872488,1.5526857042995639
2024-01-20 12:00:00+00:00,1.3202083719183337,1.3009611733872488,1.5522854046723054
2024-01-20 16:00:00+00:00,1.3190182348640922,1.3009611733872488,1.5546323106026398
2024-01-20 20:00:00+00:00,1.3178032429351507,1.3009611733872488,1.5569878050510966
2024-01-21 00:00:00+00:00,1.318091659000154,1.3009611733872488,1.5564194691997093
2024-01-21 04:00:00+00:00,1.3187258927765233,1.3009611733872488,1.5552129691104635
2024-01-21 08:00:00+00:00,1.3172654128511636,1.3009611733872488,1.55787839703898
2024-01-21 12:00:00+00:00,1.3185726308204586,1.3009611733872488,1.5555031116574594
2024-01-21 16:00:00+00:00,1.3172275469801482,1.3009611733872488,1.5578600997612417
2024-01-21 20:00:00+00:00,1.320213586495285,1.3009611733872488,1.5526670336079942
2024-01-22 00:00:00+00:00,1.3286650175850039,1.3009611733872488,1.5383544548643524
2024-01-22 04:00:00+00:00,1.3321129246837649,1.3009611733872488,1.5326285271737001
2024-01-22 08:00:00+00:00,1.337358154788029,1.3009611733872488,1.5241255208189435
2024-01-22 12:00:00+00:00,1.3383919075976698,1.3009611733872488,1.5224824999607935
2024-01-22 16:00:00+00:00,1.3614222425203997,1.3009611733872488,1.486945452454339
2024-01-22 20:00:00+00:00,1.36714508168584,1.3009611733872488,1.4775245949020068
2024-01-23 00:00:00+00:00,1.356971986089794,1.3009611733872488,1.4936717557993056
2024-01-23 04:00:00+00:00,1.3619545700579079,1.3009611733872488,1.485440221299975
2024-01-23 08:00:00+00:00,1.3836836850802572,1.3009611733872488,1.4505469392388501
2024-01-23 12:00:00+00:00,1.3756174747328833,1.3009611733872488,1.4639315846114687
2024-01-23 16:00:00+00:00,1.3768391541982017,1.3009611733872488,1.4618430810524614
2024-01-23 20:00:00+00:00,1.3600321431099727,1.3009611733872488,1.4898315679572118
2024-01-24 00:00:00+00:00,1.3657701196142762,1.3009611733872488,1.4792415516987738
2024-01-24 04:00:00+00:00,1.3581006463542422,1.3009611733872488,1.492949200035551
2024-01-24 08:00:00+00:00,1.353410369414811,1.3009611733872488,1.501472370737203
2024-01-24 12:00:00+00:00,1.3566739267508126,1.3009611733872488,1.4955489071297419
2024-01-24 16:00:00+00:00,1.3619006283554143,1.3009611733872488,1.4863009401813472
2024-01-24 20:00:00+00:00,1.3557813836005,1.3009611733872488,1.496824862191628
2024-01-25 00:00:00+00:00,1.3573513440227094,1.3009611733872488,1.4941037956022334
2024-01-25 04:00:00+00:00,1.354734555068844,1.3009611733872488,1.4985097053988947
2024-01-25 08:00:00+00:00,1.3536508309311088,1.3009611733872488,1.5003047056864232
2024-01-25 12:00:00+00:00,1.3621604043806679,1.3009611733872488,1.4863453764272836
2024-01-25 16:00:00+00:00,1.3578586218748683,1.3009611733872488,1.4932539057219723
2024-01-25 20:00:00+00:00,1.3585105130693471,1.3009611733872488,1.4922023723727562
2024-01-26 00:00:00+00:00,1.355958376136956,1.3009611733872488,1.4961766157803218
2024-01-26 04:00:00+00:00,1.3583105317894182,1.3009611733872488,1.4925347106827003
2024-01-26 08:00:00+00:00,1.3255783399670318,1.3009611733872488,1.5418077859771186
2024-01-26 12:00:00+00:00,1.3229721315121774,1.3009611733872488,1.5467917403847837
2024-01-26 16:00:00+00:00,1.3107205787355451,1.3009611733872488,1.5707462376689452
2024-01-26 20:00:00+00:00,1.3151245456105392,1.3009611733872488,1.5617477111599238
2024-01-27 00:00:00+00:00,1.3152787206174557,1.3009611733872488,1.5614303094032358
2024-01-27 04:00:00+00:00,1.3172728130873124,1.3009611733872488,1.5575143185533682
2024-01-27 08:00:00+00:00,1.3162675895619396,1.3009611733872488,1.5594220898179791
2024-01-27 12:00:00+00:00,1.3152089200810353,1.3009611733872488,1.5613925946062648
2024-01-27 16:00:00+00:00,1.31324415461203,1.3009611733872488,1.5649949178377585
2024-01-27 20:00:00+00:00,1.308902878656601,1.3009611733872488,1.572842582918412
2024-01-28 00:00:00+00:00,1.3065825679370735,1.3009611733872488,1.5769949447235545
2024-01-28 04:00:00+00:00,1.3032560991230637,1.3009611733872488,1.5828571684626667
2024-01-28 08:00:00+00:00,1.3014670616519886,1.3009611733872488,1.5859624778845698
2024-01-28 12:00:00+00:00,1.3061187746771505,1.3009611733872488,1.5779725421341537
2024-01-28 16:00:00+00:00,1.3165984148699788,1.3009611733872488,1.5603440485677005
2024-01-28 20:00:00+00:00,1.3111324949141248,1.3009611733872488,1.5694979152305832
2024-01-29 00:00:00+00:00,1.3044188802669336,1.3009611733872488,1.5807055579661533
2024-01-29 04:00:00+00:00,1.3106086948479503,1.3009611733872488,1.5703343622129142
2024-01-29 08:00:00+00:00,1.3062157023542715,1.3009611733872488,1.577559546436628
2024-01-29 12:00:00+00:00,1.2971704789265055,1.3009611733872488,1.5923019245002086
2024-01-29 16:00:00+00:00,1.29669029948097,1.3009611733872488,1.60552973606364
2024-01-29 20:00:00+00:00,1.29669029948097,1.3009611733872488,1.6169827116864381
2024-01-30 00:00:00+00:00,1.29669029948097,1.3009611733872488,1.625086165241599
2024-01-30 04:00:00+00:00,1.29669029948097,1.3009611733872488,1.6190570255198522
2024-01-30 08:00:00+00:00,1.29669029948097,1.3009611733872488,1.6257594303796092
2024-01-30 12:00:00+00:00,1.29669029948097,1.3009611733872488,1.6197011643790133
2024-01-30 16:00:00+00:00,1.29669029948097,1.3009611733872488,1.6261418061429604
2024-01-30 20:00:00+00:00,1.29669029948097,1.3009611733872488,1.6034800675430978
2024-01-31 00:00:00+00:00,1.29669029948097,1.3009611733872488,1.6030681920870662
2024-01-31 04:00:00+00:00,1.29669029948097,1.3009611733872488,1.60754691758085
2024-01-31 08:00:00+00:00,1.29669029948097,1.3009611733872488,1.592534561317169
2024-01-31 12:00:00+00:00,1.29669029948097,1.3009611733872488,1.6191634484618005
2024-01-31 16:00:00+00:00,1.29669029948097,1.3009611733872488,1.6181753954639222
2024-01-31 20:00:00+00:00,1.29669029948097,1.3009611733872488,1.5899960940913276
2024-02-01 00:00:00+00:00,1.3084727597862693,1.3009611733872488,1.5689224845163994
2024-02-01 04:00:00+00:00,1.3046849971951817,1.3009611733872488,1.5754389292881203
2024-02-01 08:00:00+00:00,1.3069192749670264,1.3009611733872488,1.5716062097226544
2024-02-01 12:00:00+00:00,1.2973271447462558,1.3009611733872488,1.587610726536359
2024-02-01 16:00:00+00:00,1.281976336775962,1.3009611733872488,1.6138549974346508
2024-02-01 20:00:00+00:00,1.2815176028080595,1.3009611733872488,1.6087765693276423
2024-02-02 00:00:00+00:00,1.2815176028080595,1.3009611733872488,1.6070704415319863
2024-02-02 04:00:00+00:00,1.2824825318081534,1.3019407425804046,1.6089240677910446
2024-02-02 08:00:00+00:00,1.284313676394287,1.3037996698430487,1.611221309681803
2024-02-02 12:00:00+00:00,1.2871020643141342,1.3066303640232257,1.6147194504543363
2024-02-02 16:00:00+00:00,1.2817407872846414,1.3011877440858486,1.6079935205232014
2024-02-02 20:00:00+00:00,1.2858492542421192,1.3053585459399246,1.6131477516379835
2024-02-03 00:00:00+00:00,1.2850735775855093,1.3045711004837397,1.6121746351933612
2024-02-03 04:00:00+00:00,1.2814752832256637,1.3009182117194185,1.6076604353855948
2024-02-03 08:00:00+00:00,1.2797486138914373,1.299165344838632,1.6054942617496566
2024-02-03 12:00:00+00:00,1.2834400727921573,1.3029128116642676,1.6101253400866504
2024-02-03 16:00:00+00:00,1.2817145940590922,1.3011611534488015,1.6079606601060379
2024-02-03 20:00:00+00:00,1.2802263426074232,1.2996503217984081,1.6060935909490495
2024-02-04 00:00:00+00:00,1.28070466662399,1.3001359030908448,1.606693666976106
2024-02-04 04:00:00+00:00,1.27528356188614,1.2946325477211216,1.59989268086486
2024-02-04 08:00:00+00:00,1.2747734484613855,1.2941146947020332,1.6079236921367297
2024-02-04 12:00:00+00:00,1.2708047464401857,1.2900857783398927,1.603558857861522
2024-02-04 16:00:00+00:00,1.2617265994626903,1.2808698949855435,1.5921036417557357
2024-02-04 20:00:00+00:00,1.2612216130144585,1.2803572467310078,1.5901036372747697
2024-02-05 00:00:00+00:00,1.2612216130144585,1.2803572467310078,1.5951607807933885
2024-02-05 04:00:00+00:00,1.2612216130144585,1.2803572467310078,1.6083635736301163
2024-02-05 08:00:00+00:00,1.2642942209701007,1.2834764732188628,1.612926690649796
2024-02-05 12:00:00+00:00,1.248194212907778,1.2671321909909734,1.5923870628537666
2024-02-05 16:00:00+00:00,1.247695227806345,1.2666256351374754,1.5969176928701148
2024-02-05 20:00:00+00:00,1.247695227806345,1.2666256351374754,1.5948019301014154
2024-02-06 00:00:00+00:00,1.247695227806345,1.2666256351374754,1.60011971647435
2024-02-06 04:00:00+00:00,1.2483283477270337,1.2672683609440576,1.6015719228646557
2024-02-06 08:00:00+00:00,1.246493546630258,1.265405721693092,1.5992179220715246
2024-02-06 12:00:00+00:00,1.2459949492116058,1.2648995594044148,1.6148240063271277
2024-02-06 16:00:00+00:00,1.2464726174936516,1.2653844750133292,1.6160895058017346
2024-02-06 20:00:00+00:00,1.2412933316911434,1.2601266075285793,1.60937440487171
2024-02-07 00:00:00+00:00,1.2326832694620387,1.2513859108452339,1.5982111983820764
2024-02-07 04:00:00+00:00,1.2321899082593482,1.250885064217962,1.6026186018340631
2024-02-07 08:00:00+00:00,1.2319917692974645,1.250683919032144,1.6030017244250772
2024-02-07 12:00:00+00:00,1.2360896754739739,1.2548439998739058,1.6083337005236047
2024-02-07 16:00:00+00:00,1.2517130324557648,1.2707043991276825,1.628661976091063
2024-02-07 20:00:00+00:00,1.2682906129808444,1.2875334996913985,1.656075405695461
2024-02-08 00:00:00+00:00,1.2715862146187271,1.2908791031887226,1.663222173014581
2024-02-08 04:00:00+00:00,1.2711083790711475,1.2903940177764712,1.6621859496324525
2024-02-08 08:00:00+00:00,1.274306519476623,1.2936406813302515,1.6691213647230019
2024-02-08 12:00:00+00:00,1.2869339480210014,1.3064596970191202,1.6965049212208883
2024-02-08 16:00:00+00:00,1.284382736679402,1.3038697779315842,1.6909724218949
2024-02-08 20:00:00+00:00,1.2844603957179455,1.3039486152364221,1.6911408315328604
2024-02-09 00:00:00+00:00,1.297755244292024,1.3174451772524567,1.719971740041244
2024-02-09 04:00:00+00:00,1.3001876424704415,1.3199144805077574,1.7252465838235678
2024-02-09 08:00:00+00:00,1.3170284612900354,1.3370108132965801,1.7617672033619238
2024-02-09 12:00:00+00:00,1.3166835587308277,1.3366606777719896,1.7610192554576343
2024-02-09 16:00:00+00:00,1.322701531542488,1.3427699570774903,1.7740696954511521
2024-02-09 20:00:00+00:00,1.3162148494117245,1.3361848570540986,1.7600028230085698
2024-02-10 00:00:00+00:00,1.32041377547577,1.3404474904875194,1.7691085192872025
2024-02-10 04:00:00+00:00,1.3165411551279993,1.3365161135788608,1.7607104422190685
2024-02-10 08:00:00+00:00,1.317062555502079,1.3370454247962649,1.7618411393005406
2024-02-10 12:00:00+00:00,1.3200153208966354,1.340042990435646,1.7682444396813484
2024-02-10 16:00:00+00:00,1.3230736405941346,1.3431477118796071,1.7748766427408025
2024-02-10 20:00:00+00:00,1.3268618863767472,1.3469934340668233,1.7830917470315515
2024-02-11 00:00:00+00:00,1.3400952620533533,1.3604275905000924,1.8117893468021264
2024-02-11 04:00:00+00:00,1.3342391506524047,1.3544826284153184,1.7990899158101226
2024-02-11 08:00:00+00:00,1.3382372996899718,1.358541438572817,1.8077602115613454
2024-02-11 12:00:00+00:00,1.3337382412441492,1.3539741190588361,1.7980036549745868
2024-02-11 16:00:00+00:00,1.3360382230131653,1.356308996843138,1.8029913435205658
2024-02-11 20:00:00+00:00,1.3363135596043652,1.356588510923927,1.8035884322369706
2024-02-12 00:00:00+00:00,1.3336447404505147,1.3538791996430335,1.7978008912641381
2024-02-12 04:00:00+00:00,1.3346603347062354,1.3549102028003155,1.8000032860417219
2024-02-12 08:00:00+00:00,1.3294781866686114,1.3496494296537578,1.7887653967858086
2024-02-12 12:00:00+00:00,1.3641711137387666,1.384868728249836,1.8639996952943194
2024-02-12 16:00:00+00:00,1.3575284247589556,1.3781252543945526,1.849594509920491
2024-02-12 20:00:00+00:00,1.3641619875102904,1.3848594635554758,1.8639799043612553
2024-02-13 00:00:00+00:00,1.3619703151320588,1.3826345384646173,1.8592270931152257
2024-02-13 04:00:00+00:00,1.365295361771252,1.3860100337116692,1.8664377141995148
2024-02-13 08:00:00+00:00,1.3653819748452818,1.3860979609053135,1.8666255413567079
2024-02-13 12:00:00+00:00,1.3436744655459618,1.3640610987447959,1.819551126701559
2024-02-13 16:00:00+00:00,1.348999705958374,1.3694671353066976,1.8310993228513637
2024-02-13 20:00:00+00:00,1.3604136905013853,1.3810542962567793,1.8558514320793902
2024-02-14 00:00:00+00:00,1.3572973417662164,1.3778906653411325,1.849093388558755
2024-02-14 04:00:00+00:00,1.3628130276257,1.3834900368457188,1.8610545804060854
2024-02-14 08:00:00+00:00,1.3923646163968895,1.4134899912115289,1.9251394887367241
2024-02-14 12:00:00+00:00,1.3929652255464238,1.4140997129837567,1.926441956180639
2024-02-14 16:00:00+00:00,1.3944805238594689,1.4156380018586432,1.9297279978969384
2024-02-14 20:00:00+00:00,1.3964981091246902,1.4176861985344436,1.934103287759425
2024-02-15 00:00:00+00:00,1.4059368678780493,1.427268164975,1.9545719669274888
2024-02-15 04:00:00+00:00,1.3961785189350298,1.4173617594262857,1.9334102316883508
2024-02-15 08:00:00+00:00,1.405707506815211,1.4270353239771194,1.954074579704067
2024-02-15 12:00:00+00:00,1.3991336950314475,1.4203617723434219,1.939818759862798
2024-02-15 16:00:00+00:00,1.400059748932306,1.421301876612642,1.9418269794480547
2024-02-15 20:00:00+00:00,1.397958822259867,1.4191690740487226,1.9372709572911717
2024-02-16 00:00:00+00:00,1.4048508466893699,1.4261656663461464,1.952216845892864
2024-02-16 04:00:00+00:00,1.3954101938131194,1.4165817770444962,1.9317440591726547
2024-02-16 08:00:00+00:00,1.4037076574279714,1.425005132273377,1.9497377514662146
2024-02-16 12:00:00+00:00,1.398096748844952,1.4193090932974484,1.9375700617701213
2024-02-16 16:00:00+00:00,1.3958286227791077,1.4170065545406296,1.932651454782951
2024-02-16 20:00:00+00:00,1.4021622253416555,1.4234362524265467,1.9463863623294206
2024-02-17 00:00:00+00:00,1.3994870350471706,1.4207204733401564,1.9405850050448263
2024-02-17 04:00:00+00:00,1.398498302897909,1.4197167398492931,1.938440862824941
2024-02-17 08:00:00+00:00,1.3946954207111364,1.41585615918999,1.9301940183585233
2024-02-17 12:00:00+00:00,1.3825399731526737,1.4035162855245378,1.903833989172498
2024-02-17 16:00:00+00:00,1.3895976472386706,1.4106810407648749,1.919139101879995
2024-02-17 20:00:00+00:00,1.393871649446408,1.4150198894198245,1.928407606589117
2024-02-18 00:00:00+00:00,1.3910709304621263,1.4121766770845938,1.9223340306214336
2024-02-18 04:00:00+00:00,1.394361710696286,1.4155173860264072,1.9294703423532746
2024-02-18 08:00:00+00:00,1.397132468100287,1.4183301821952479,1.9354789443142948
2024-02-18 12:00:00+00:00,1.3961334043716178,1.4173159603711465,1.9333123972645252
2024-02-18 16:00:00+00:00,1.3958601340962995,1.4170385439570052,1.9327197895140973
2024-02-18 20:00:00+00:00,1.4023957190362564,1.4236732887577224,1.9468927114847963
2024-02-19 00:00:00+00:00,1.4011239016112393,1.4223821749361416,1.9441346769260928
2024-02-19 04:00:00+00:00,1.406810230723931,1.4281547787447069,1.9564659218803384
2024-02-19 08:00:00+00:00,1.4058146108550644,1.427144053031685,1.954306843107197
2024-02-19 12:00:00+00:00,1.4022290362218215,1.4235040769814848,1.946531246896003
2024-02-19 16:00:00+00:00,1.3969361680915515,1.4181309038637284,1.935053252546501
2024-02-19 20:00:00+00:00,1.3961461466528866,1.41732889598214,1.9333400298880485
2024-02-20 00:00:00+00:00,1.392796992995077,1.413928927957533,1.9260771308673637
2024-02-20 04:00:00+00:00,1.3972576524041032,1.41845726583298,1.9357504161697203
2024-02-20 08:00:00+00:00,1.4049636330978974,1.426280163983993,1.9524614319524296
2024-02-20 12:00:00+00:00,1.3945149624574917,1.4156729629694353,1.9298026806632183
2024-02-20 16:00:00+00:00,1.4017661814643825,1.423034199652429,1.9455275105172058
2024-02-20 20:00:00+00:00,1.404481837111545,1.4257910580440005,1.9514166200521788
2024-02-21 00:00:00+00:00,1.400059404546325,1.4213015270015337,1.941826232620392
2024-02-21 04:00:00+00:00,1.3925974213195293,1.4137263283204882,1.9256443442367734
2024-02-21 08:00:00+00:00,1.3822122898924774,1.4031836305553433,1.9031233826513478
2024-02-21 12:00:00+00:00,1.3854920497752692,1.4065131519417027,1.9102357958979794
2024-02-21 16:00:00+00:00,1.3838045584721053,1.4048000575128519,1.9065763403502822
2024-02-21 20:00:00+00:00,1.3974317395171127,1.4186339942480375,1.9361279375532632
2024-02-22 00:00:00+00:00,1.3928980702802762,1.4140315388177098,1.9262963247863936
2024-02-22 04:00:00+00:00,1.3970570475706146,1.4182536173626112,1.9353153890561419
2024-02-22 08:00:00+00:00,1.3935169318867633,1.414659789978658,1.927638374096437
2024-02-22 12:00:00+00:00,1.39317874485417,1.4143164718706718,1.926904989331572
2024-02-22 16:00:00+00:00,1.3915875094324828,1.4127010937464872,1.9234542721156258
2024-02-22 20:00:00+00:00,1.3877722293504213,1.4088279270872985,1.9151805418533474
2024-02-23 00:00:00+00:00,1.384527769030604,1.4055342408395022,1.9081446784421523
2024-02-23 04:00:00+00:00,1.3813587292404585,1.402317119424342,1.9012723702891094
2024-02-23 08:00:00+00:00,1.3865760046480664,1.4076135529039082,1.9125864359666276
2024-02-23 12:00:00+00:00,1.381275215640251,1.4022323387306694,1.9010912645808815
2024-02-23 16:00:00+00:00,1.384512099468503,1.405518333534091,1.908110697783495
2024-02-23 20:00:00+00:00,1.3750460464004368,1.395908658661274,1.8948567472518658
2024-02-24 00:00:00+00:00,1.3750460464004368,1.395908658661274,1.898808212415716
2024-02-24 04:00:00+00:00,1.3750460464004368,1.395908658661274,1.9069758931498773
2024-02-24 08:00:00+00:00,1.3750460464004368,1.395908658661274,1.908883664414488
2024-02-24 12:00:00+00:00,1.3750460464004368,1.395908658661274,1.9081200331292796
2024-02-24 16:00:00+00:00,1.3750460464004368,1.395908658661274,1.925212304433846
2024-02-24 20:00:00+00:00,1.3747930169841964,1.3956517902066132,1.9256286608558544
2024-02-25 00:00:00+00:00,1.3763064878694469,1.3971882239274207,1.9277485311766989
2024-02-25 04:00:00+00:00,1.3788202305111639,1.3997401058286882,1.9312694501929475
2024-02-25 08:00:00+00:00,1.3768399483664326,1.3977297782475435,1.9284957322533256
2024-02-25 12:00:00+00:00,1.3736146584651183,1.3944555532776066,1.9239781717210762
2024-02-25 16:00:00+00:00,1.377585353438682,1.3984864928297835,1.9295397973259136
2024-02-25 20:00:00+00:00,1.379075363792331,1.3999991100687468,1.9316268072295952
2024-02-26 00:00:00+00:00,1.374456305036324,1.3953099695637767,1.925157039186799
2024-02-26 04:00:00+00:00,1.36746266724651,1.3882102221975716,1.9153612741477437
2024-02-26 08:00:00+00:00,1.3620440842374,1.3827094268170155,1.9077716380245857
2024-02-26 12:00:00+00:00,1.4087601343859524,1.4301342669316626,1.9732053171142327
2024-02-26 16:00:00+00:00,1.435627249645846,1.4574090181465134,2.034624050688692
2024-02-26 20:00:00+00:00,1.4354570541529545,1.4572362403964052,2.0342267383720847
2024-02-27 00:00:00+00:00,1.45451015165743,1.4765784172278196,2.0787051800713567
2024-02-27 04:00:00+00:00,1.4607721940970062,1.4829354692590526,2.0933235847429135
2024-02-27 08:00:00+00:00,1.468269593483574,1.4905466214445005,2.110825864434354
2024-02-27 12:00:00+00:00,1.4717546021335957,1.4940845056941292,2.1189614315790153
2024-02-27 16:00:00+00:00,1.4812564373485664,1.5037305056113477,2.1411429599917002
2024-02-27 20:00:00+00:00,1.4764202620364653,1.4988209543925808,2.1298531662132225
2024-02-28 00:00:00+00:00,1.474485727928357,1.4968570689510328,2.125337099336299
2024-02-28 04:00:00+00:00,1.4956753867096637,1.5183682236096965,2.1748032295815496
2024-02-28 08:00:00+00:00,1.5068726185685775,1.5297353432387535,2.200942571193219
2024-02-28 12:00:00+00:00,1.5392659075355986,1.5626201129306139,2.2765629796033946
2024-02-28 16:00:00+00:00,1.5390242107407124,1.562374749039248,2.2759987513041526
2024-02-28 20:00:00+00:00,1.5627138557611158,1.58642382048028,2.3313009663203177
2024-02-29 00:00:00+00:00,1.5487851781911008,1.5722838128241126,2.298785210123702
2024-02-29 04:00:00+00:00,1.567113825143598,1.5908905475218433,2.341572460580574
2024-02-29 08:00:00+00:00,1.570774467864291,1.5946067306150984,2.35011803611211
2024-02-29 12:00:00+00:00,1.5680871706081125,1.5918786608765496,2.3438446837446287
2024-02-29 16:00:00+00:00,1.5494037364345319,1.5729117560192891,2.3002292014097168
2024-02-29 20:00:00+00:00,1.5419013783446938,1.5652955698956335,2.282715345889503
2024-03-01 00:00:00+00:00,1.5415003632124773,1.5648884704411967,2.2817791974141888
2024-03-01 04:00:00+00:00,1.5467484308123554,1.570216163301437,2.2940305318085152
2024-03-01 08:00:00+00:00,1.553622153294052,1.5771941759683967,2.3100768709713364
2024-03-01 12:00:00+00:00,1.5440289819640047,1.5674554541570878,2.287682123260923
2024-03-01 16:00:00+00:00,1.5592491617986857,1.5829065591387936,2.3232128227322435
2024-03-01 20:00:00+00:00,1.5620068406496688,1.5857060783228758,2.3296504771855395
2024-03-02 00:00:00+00:00,1.5607199771719333,1.5843996901653385,2.326646362911945
2024-03-02 04:00:00+00:00,1.5559916136664194,1.5795995865063206,2.31560825005583
2024-03-02 08:00:00+00:00,1.5530239097382126,1.5765868556813627,2.3086803032419088
2024-03-02 12:00:00+00:00,1.5521422203051138,1.575691788990953,2.3066220462032447
2024-03-02 16:00:00+00:00,1.5576379031521685,1.5812708539913884,2.3194514252085745
2024-03-02 20:00:00+00:00,1.555598596442703,1.5792006063070576,2.3146907722720855
2024-03-03 00:00:00+00:00,1.5546997914854133,1.578288164410575,2.312592559953462
2024-03-03 04:00:00+00:00,1.5493717448005295,1.5728792789985917,2.3001545186434362
2024-03-03 08:00:00+00:00,1.553100369743477,1.5766644757608281,2.3088587950533164
2024-03-03 12:00:00+00:00,1.5584354545878416,1.5820805061173653,2.321313266571923
2024-03-03 16:00:00+00:00,1.5674790096457318,1.591261272713099,2.342424964357654
2024-03-03 20:00:00+00:00,1.5736209234996297,1.5974963735316146,2.356762935241831
2024-03-04 00:00:00+00:00,1.579135481410746,1.6030945999742614,2.369636377079266
2024-03-04 04:00:00+00:00,1.5888593385656915,1.6129659904151175,2.392336203889931
2024-03-04 08:00:00+00:00,1.607468552148387,1.6318575485843605,2.4357784222070746
2024-03-04 12:00:00+00:00,1.6270098419877346,1.651695324751611,2.481396522919772
2024-03-04 16:00:00+00:00,1.6422636130381176,1.6671805306050487,2.5170056392956868
2024-03-04 20:00:00+00:00,1.6557072974366607,1.6808281866274497,2.5483892047555052
2024-03-05 00:00:00+00:00,1.6535995286304306,1.6786884381188272,2.543468730699178
2024-03-05 04:00:00+00:00,1.6218590289552228,1.6464663620342894,2.469372224134936
2024-03-05 08:00:00+00:00,1.6302835458951723,1.6550186982795365,2.4890388103931573
2024-03-05 12:00:00+00:00,1.6321508975718766,1.656914381977621,2.4933980434608944
2024-03-05 16:00:00+00:00,1.586421876537477,1.610491546479767,2.293170933168638
2024-03-05 20:00:00+00:00,1.586421876537477,1.610491546479767,2.379542672612416
2024-03-06 00:00:00+00:00,1.586421876537477,1.610491546479767,2.3623357632616107
2024-03-06 04:00:00+00:00,1.586421876537477,1.610491546479767,2.489791239263425
2024-03-06 08:00:00+00:00,1.6006483126942999,1.624933830405594,2.5131240025183086
2024-03-06 12:00:00+00:00,1.5811414748691708,1.6051310289688856,2.4824969734809024
2024-03-06 16:00:00+00:00,1.5872861323515837,1.6113689150430732,2.4921444932288925
2024-03-06 20:00:00+00:00,1.5714597626538869,1.595302422903394,2.467296043232365
2024-03-07 00:00:00+00:00,1.5660668957854198,1.5898277338365028,2.4588288846054227
2024-03-07 04:00:00+00:00,1.5789215401679457,1.6028774127505672,2.479011528778636
2024-03-07 08:00:00+00:00,1.5912308331180838,1.6153734659962575,2.498337935036454
2024-03-07 12:00:00+00:00,1.5996660617497893,1.6239366764542702,2.5115818033946358
2024-03-07 16:00:00+00:00,1.6053267287547017,1.6296832288018375,2.5204694259957323
2024-03-07 20:00:00+00:00,1.5892765580548782,1.6133895400839031,2.49526959358386
2024-03-08 00:00:00+00:00,1.597194499566896,1.6214276149864366,2.5077012868587514
2024-03-08 04:00:00+00:00,1.5987863168965832,1.6230435838475041,2.5102005456322964
2024-03-08 08:00:00+00:00,1.6111105933357057,1.6355548479161812,2.529550476961493
2024-03-08 12:00:00+00:00,1.6081707376637708,1.632570387869617,2.5249347085915863
2024-03-08 16:00:00+00:00,1.6378140247031918,1.662663431777369,2.5714766351231617
2024-03-08 20:00:00+00:00,1.6202191276390596,1.644801579642038,2.543851479876361
2024-03-09 00:00:00+00:00,1.6231480429857044,1.647774933373406,2.548450071210023
2024-03-09 04:00:00+00:00,1.6241302939302147,1.6487720873247298,2.549992270333696
2024-03-09 08:00:00+00:00,1.6244002345650859,1.6490461235801175,2.5504160950323325
2024-03-09 12:00:00+00:00,1.6241198292712413,1.6487614638928025,2.5499758401251142
2024-03-09 16:00:00+00:00,1.6218677870936222,1.6464752530537994,2.54643998455561
2024-03-09 20:00:00+00:00,1.6247160769995435,1.649366758071003,2.5509119886004283
2024-03-10 00:00:00+00:00,1.6443021132664453,1.6692499595720673,2.5816633644436897
2024-03-10 04:00:00+00:00,1.649305409421327,1.6743291672413152,2.589518871214803
2024-03-10 08:00:00+00:00,1.6545686572184242,1.6796722706172933,2.5977825193036335
2024-03-10 12:00:00+00:00,1.6456824969182462,1.6706512868198835,2.583830658321122
2024-03-10 16:00:00+00:00,1.650566638660731,1.6756095322301452,2.591499084762705
2024-03-10 20:00:00+00:00,1.6399994735964374,1.6648820389586545,2.574907934819875
2024-03-11 00:00:00+00:00,1.631640589408603,1.6563963312653813,2.5617839323015716
2024-03-11 04:00:00+00:00,1.6890908536708438,1.7147182482193435,2.651984657172502
2024-03-11 08:00:00+00:00,1.7034471790207324,1.729292392056147,2.669430924789233
2024-03-11 12:00:00+00:00,1.7109075295358405,1.7368659332535117,2.6889529998947035
2024-03-11 16:00:00+00:00,1.7103367299554957,1.7362864733302246,2.687459344569113
2024-03-11 20:00:00+00:00,1.711879315821378,1.7378524637729087,2.691495948086522
2024-03-12 00:00:00+00:00,1.705327963637969,1.7312017125033785,2.674352519087054
2024-03-12 04:00:00+00:00,1.7124929253702486,1.7384753831904423,2.6931016275615316
2024-03-12 08:00:00+00:00,1.7111047407908497,1.7370661366570075,2.689469057809695
2024-03-12 12:00:00+00:00,1.7065324934523918,1.7324245178064954,2.6775045052378816
2024-03-12 16:00:00+00:00,1.7014891937602543,1.7273046996542907,2.664307313608625
2024-03-12 20:00:00+00:00,1.702945018089924,1.7287826121886347,2.6681168815165437
2024-03-13 00:00:00+00:00,1.7115843551382348,1.73755302785755,2.690724101697022
2024-03-13 04:00:00+00:00,1.7229679538689484,1.7491093419726491,2.7205124432691097
2024-03-13 08:00:00+00:00,1.7259682191631365,1.752155128194428,2.7283634690742455
2024-03-13 12:00:00+00:00,1.7198255594792542,1.7459192702299715,2.712289497287901
2024-03-13 16:00:00+00:00,1.730018470285369,1.756266830945094,2.7389620738508063
2024-03-13 20:00:00+00:00,1.7260681090896965,1.7522565336810032,2.728624858756224
2024-03-14 00:00:00+00:00,1.7288460479473402,1.7550766202626618,2.7358941058120427
2024-03-14 04:00:00+00:00,1.7282312967993088,1.7544525419252814,2.7342854390263813
2024-03-14 08:00:00+00:00,1.723379500366377,1.7495271325773396,2.72158936875886
2024-03-14 12:00:00+00:00,1.694268864468681,1.7199748213546682,2.645413320567564
2024-03-14 16:00:00+00:00,1.668023874043618,1.6933316340397913,2.5920554713714865
2024-03-14 20:00:00+00:00,1.668023874043618,1.6933316340397913,2.6657617604819177
2024-03-15 00:00:00+00:00,1.668023874043618,1.6933316340397913,2.547578896741371
2024-03-15 04:00:00+00:00,1.668023874043618,1.6933316340397913,2.555953822151958
2024-03-15 08:00:00+00:00,1.668023874043618,1.6933316340397913,2.530168476852454
2024-03-15 12:00:00+00:00,1.668023874043618,1.6933316340397913,2.5450792645539955
2024-03-15 16:00:00+00:00,1.668023874043618,1.6933316340397913,2.575211146850968
2024-03-15 20:00:00+00:00,1.668023874043618,1.6933316340397913,2.595220527006413
2024-03-16 00:00:00+00:00,1.668023874043618,1.6933316340397913,2.5840267005826045
2024-03-16 04:00:00+00:00,1.668023874043618,1.6933316340397913,2.5927037177827925
2024-03-16 08:00:00+00:00,1.668023874043618,1.6933316340397913,2.5487738210018436
2024-03-16 12:00:00+00:00,1.668023874043618,1.6933316340397913,2.553612144015264
2024-03-16 16:00:00+00:00,1.668023874043618,1.6933316340397913,2.4985687047842573
2024-03-16 20:00:00+00:00,1.668023874043618,1.6933316340397913,2.438415844098236
2024-03-17 00:00:00+00:00,1.668023874043618,1.6933316340397913,2.4846579193232
2024-03-17 04:00:00+00:00,1.668023874043618,1.6933316340397913,2.450964042488524
2024-03-17 08:00:00+00:00,1.668023874043618,1.6933316340397913,2.5002106054009134
2024-03-17 12:00:00+00:00,1.668023874043618,1.6933316340397913,2.5379257757859106
2024-03-17 16:00:00+00:00,1.668023874043618,1.6933316340397913,2.55925629407684
2024-03-17 20:00:00+00:00,1.6638719315125838,1.6891166969876785,2.5539071409420684
2024-03-18 00:00:00+00:00,1.6536184380074335,1.6787076343945861,2.53816886819015
2024-03-18 04:00:00+00:00,1.6596121106172608,1.6847922448082815,2.5473686647542952
2024-03-18 08:00:00+00:00,1.6604640747963249,1.6856571352441603,2.5486763599918496
2024-03-18 12:00:00+00:00,1.641337211369073,1.6662400732911984,2.5193181911535327
2024-03-18 16:00:00+00:00,1.6284144571635526,1.653121251171416,2.4994828218435194
2024-03-18 20:00:00+00:00,1.6448112400604042,1.6697668109909007,2.524650540665892
2024-03-19 00:00:00+00:00,1.6026270925100206,1.6269426328639403,2.4599013291291962
2024-03-19 04:00:00+00:00,1.5593075399933498,1.5829658230649886,2.4161450697798474
2024-03-19 08:00:00+00:00,1.5593075399933498,1.5829658230649886,2.3555444859099803
2024-03-19 12:00:00+00:00,1.5593075399933498,1.5829658230649886,2.3917846716609565
2024-03-19 16:00:00+00:00,1.5593075399933498,1.5829658230649886,2.404485969722117
2024-03-19 20:00:00+00:00,1.5593075399933498,1.5829658230649886,2.3128281840810736
2024-03-20 00:00:00+00:00,1.5593075399933498,1.5829658230649886,2.3099682075463988
2024-03-20 04:00:00+00:00,1.5593075399933498,1.5829658230649886,2.3509331985060498
2024-03-20 08:00:00+00:00,1.5593075399933498,1.5829658230649886,2.367180060896332
2024-03-20 12:00:00+00:00,1.5593075399933498,1.5829658230649886,2.3749257840010136
2024-03-20 16:00:00+00:00,1.5593075399933498,1.5829658230649886,2.45648272550275
2024-03-20 20:00:00+00:00,1.607399209456126,1.6317871538039124,2.53325847630727
2024-03-21 00:00:00+00:00,1.5792969456852977,1.6032585140333586,2.4889693554205166
2024-03-21 04:00:00+00:00,1.5871334317986174,1.6112138976713812,2.5013196444801635
2024-03-21 08:00:00+00:00,1.5885268639456944,1.6126284713901695,2.503515691222613
2024-03-21 12:00:00+00:00,1.5770062294809206,1.6009330423936294,2.485359190498564
2024-03-21 16:00:00+00:00,1.5453979947051093,1.56884523797133,2.4355446651486186
2024-03-21 20:00:00+00:00,1.5519737339293627,1.5755207462892242,2.4459080192113984
2024-03-22 00:00:00+00:00,1.5633638155777723,1.5870836416827967,2.4638587689143483
2024-03-22 04:00:00+00:00,1.5680082734840821,1.5917985667016186,2.471178426837405
2024-03-22 08:00:00+00:00,1.5219449275998054,1.5450363338766926,2.3985826704615505
2024-03-22 12:00:00+00:00,1.5134895595330482,1.5364526784220613,2.385257024474293
2024-03-22 16:00:00+00:00,1.513250015254746,1.5362094997059084,2.3848795030907497
2024-03-22 20:00:00+00:00,1.5115845783287458,1.5345187942698661,2.3822547772698552
2024-03-23 00:00:00+00:00,1.5058829032416405,1.5287306116531467,2.3732689468311015
2024-03-23 04:00:00+00:00,1.5300365958968354,1.5532507713992814,2.4113351262176126
2024-03-23 08:00:00+00:00,1.5313210365819747,1.5545547000048845,2.413359402597619
2024-03-23 12:00:00+00:00,1.5425620842530827,1.565966300232819,2.4310752750006195
2024-03-23 16:00:00+00:00,1.537085263290714,1.560406383295258,2.422443814287862
2024-03-23 20:00:00+00:00,1.5161662476754612,1.539169978082179,2.3894754805275924
2024-03-24 00:00:00+00:00,1.515525804367597,1.5385198177757882,2.3884661429413243
2024-03-24 04:00:00+00:00,1.5302266201413441,1.5534436787487913,2.4116346041103935
2024-03-24 08:00:00+00:00,1.5480107095981244,1.5714975937606648,2.439662299467441
2024-03-24 12:00:00+00:00,1.5560511992956358,1.5796600761866275,2.452334097835921
2024-03-24 16:00:00+00:00,1.5600710887374505,1.5837409566003269,2.4586694368994144
2024-03-24 20:00:00+00:00,1.5924597971559196,1.6166210762461746,2.509713987409983
2024-03-25 00:00:00+00:00,1.5957771655441577,1.619988776745538,2.514942154463382
2024-03-25 04:00:00+00:00,1.583247649242578,1.6072691588534698,2.495195657645241
2024-03-25 08:00:00+00:00,1.5829860697339273,1.6070036105818248,2.494783408775378
2024-03-25 12:00:00+00:00,1.6536386002452286,1.6787281025399174,2.6061316791598528
2024-03-25 16:00:00+00:00,1.6790787580968465,1.704554246119433,2.6497777814289387
2024-03-25 20:00:00+00:00,1.6637126679169498,1.6889550169968606,2.609416227220826
2024-03-26 00:00:00+00:00,1.6714335283054313,1.696793020601765,2.629696332404034
2024-03-26 04:00:00+00:00,1.67233299219197,1.6977061314249693,2.6320589217152874
2024-03-26 08:00:00+00:00,1.6752726340832056,1.7006903744472892,2.6397803729209284
2024-03-26 12:00:00+00:00,1.66897254848247,1.6942947020526116,2.6232321655687088
2024-03-26 16:00:00+00:00,1.6579928907696437,1.6831484576700377,2.5943922951283716
2024-03-26 20:00:00+00:00,1.66524788373973,1.6905135255759314,2.6134487231860892
2024-03-27 00:00:00+00:00,1.6709342526345723,1.696286169770234,2.6283849030281656
2024-03-27 04:00:00+00:00,1.6615230768342135,1.6867322047795383,2.603664907389639
2024-03-27 08:00:00+00:00,1.6685564380358289,1.6938722782530984,2.622139183284208
2024-03-27 12:00:00+00:00,1.649410950444263,1.6744363095643988,2.5718504223683882
2024-03-27 16:00:00+00:00,1.6462549368072847,1.6712324119391204,2.56356063531136
2024-03-27 20:00:00+00:00,1.657883709757338,1.6830376201305688,2.594105513305859
2024-03-28 00:00:00+00:00,1.6553249219441861,1.6804400096189747,2.587384437754532
2024-03-28 04:00:00+00:00,1.6710912003397624,1.6964454987332205,2.628797151898029
2024-03-28 08:00:00+00:00,1.6746189696371323,1.7000267924076027,2.638063416124162
2024-03-28 12:00:00+00:00,1.683763021580559,1.7093095806578522,2.6620817671734924
2024-03-28 16:00:00+00:00,1.6767667648635944,1.7022071746293461,2.643704952288918
2024-03-28 20:00:00+00:00,1.6765157054004007,1.7019523060164525,2.64304550346267
2024-03-29 00:00:00+00:00,1.6717052013712084,1.6970688155730214,2.630409926235835
2024-03-29 04:00:00+00:00,1.6624899258767847,1.6877137231466337,2.6062044948569745
2024-03-29 08:00:00+00:00,1.667448279193475,1.6927473060914293,2.6192284224684625
2024-03-29 12:00:00+00:00,1.653761131403341,1.6788524927776205,2.583276885609157
2024-03-29 16:00:00+00:00,1.660670100175571,1.6858662865024365,2.6014244244012525
2024-03-29 20:00:00+00:00,1.6632937142147797,1.6885297068030902,2.6083157766596967
2024-03-30 00:00:00+00:00,1.6622054581611283,1.6874249394012208,2.605457293780348
2024-03-30 04:00:00+00:00,1.663317028910116,1.6885533752359976,2.608377016528046
2024-03-30 08:00:00+00:00,1.668027876833024,1.6933356975607212,2.6207508306590714
2024-03-30 12:00:00+00:00,1.665418336908683,1.6906865649116398,2.6138964463699357
2024-03-30 16:00:00+00:00,1.6639448197308773,1.6891906910879453,2.6100260120074985
2024-03-30 20:00:00+00:00,1.6594786339462237,1.6846567429890376,2.598294843080309
2024-03-31 00:00:00+00:00,1.6642329836787224,1.6894832271458933,2.610782921843742
2024-03-31 04:00:00+00:00,1.6697079565249975,1.6950412679271873,2.6251638353185296
2024-03-31 08:00:00+00:00,1.6706783596369803,1.6960263942871043,2.62771275813165
2024-03-31 12:00:00+00:00,1.6708367289699346,1.6961871664472192,2.628128741139827
2024-03-31 16:00:00+00:00,1.6799688392401406,1.7054578318415894,2.6521157254273198
2024-03-31 20:00:00+00:00,1.6836154566186146,1.7091597767959144,2.6616941636165015
2024-04-01 00:00:00+00:00,1.6737777924889348,1.6991728526666678,2.635853926483782
2024-04-01 04:00:00+00:00,1.6596600336489622,1.684840894942635,2.598771319129173
2024-04-01 08:00:00+00:00,1.6577418313064511,1.6828935890571448,2.593732846302124
2024-04-01 12:00:00+00:00,1.647261653501698,1.6722544028420643,2.548069562515827
2024-04-01 16:00:00+00:00,1.647261653501698,1.6722544028420643,2.6007530263324004
2024-04-01 20:00:00+00:00,1.647261653501698,1.6722544028420643,2.600819867408221
2024-04-02 00:00:00+00:00,1.647261653501698,1.6722544028420643,2.4908185007135977
2024-04-02 04:00:00+00:00,1.647261653501698,1.6722544028420643,2.4815402872448593
2024-04-02 08:00:00+00:00,1.647261653501698,1.6722544028420643,2.450442009952229
2024-04-02 12:00:00+00:00,1.647261653501698,1.6722544028420643,2.423082351939552
2024-04-02 16:00:00+00:00,1.647261653501698,1.6722544028420643,2.4613535355195
2024-04-02 20:00:00+00:00,1.647261653501698,1.6722544028420643,2.4445159324479473
2024-04-03 00:00:00+00:00,1.647261653501698,1.6722544028420643,2.472962598123823
2024-04-03 04:00:00+00:00,1.647261653501698,1.6722544028420643,2.469609341917872
2024-04-03 08:00:00+00:00,1.647261653501698,1.6722544028420643,2.466762808281127
2024-04-03 12:00:00+00:00,1.647261653501698,1.6722544028420643,2.4584076738036043
2024-04-03 16:00:00+00:00,1.647261653501698,1.6722544028420643,2.4564655484665052
2024-04-03 20:00:00+00:00,1.647261653501698,1.6722544028420643,2.4631601116358026
2024-04-04 00:00:00+00:00,1.647261653501698,1.6722544028420643,2.4503419350454143
2024-04-04 04:00:00+00:00,1.647261653501698,1.6722544028420643,2.467951757920298
2024-04-04 08:00:00+00:00,1.647261653501698,1.6722544028420643,2.477737814199737
2024-04-04 12:00:00+00:00,1.647261653501698,1.6722544028420643,2.5260695132252016
2024-04-04 16:00:00+00:00,1.647261653501698,1.6722544028420643,2.5578847450741153
2024-04-04 20:00:00+00:00,1.646309244905066,1.6712875440156982,2.5574288067859787
2024-04-05 00:00:00+00:00,1.6313143427922694,1.6560651347372417,2.5341352519833915
2024-04-05 04:00:00+00:00,1.6088808827140912,1.633291307454267,2.4992864061682027
2024-04-05 08:00:00+00:00,1.608237570644817,1.6326382348607549,2.4823804683655037
2024-04-05 12:00:00+00:00,1.608237570644817,1.6326382348607549,2.5463320679583332
2024-04-05 16:00:00+00:00,1.5892477344475489,1.613360279156131,2.5172722567713026
2024-04-05 20:00:00+00:00,1.58861227100953,1.612715174275669,2.5325157561966187
2024-04-06 00:00:00+00:00,1.58861227100953,1.612715174275669,2.5312980536924305
2024-04-06 04:00:00+00:00,1.58861227100953,1.612715174275669,2.5389160692667754
2024-04-06 08:00:00+00:00,1.58861227100953,1.612715174275669,2.5268226889231302
2024-04-06 12:00:00+00:00,1.58861227100953,1.612715174275669,2.543097557350767
2024-04-06 16:00:00+00:00,1.58861227100953,1.612715174275669,2.5489220662929077
2024-04-06 20:00:00+00:00,1.58861227100953,1.612715174275669,2.572671932797463
2024-04-07 00:00:00+00:00,1.58861227100953,1.612715174275669,2.591792588034181
2024-04-07 04:00:00+00:00,1.58861227100953,1.612715174275669,2.5901480735207056
2024-04-07 08:00:00+00:00,1.58861227100953,1.612715174275669,2.589886310424896
2024-04-07 12:00:00+00:00,1.58861227100953,1.612715174275669,2.5968594403124166
2024-04-07 16:00:00+00:00,1.58861227100953,1.612715174275669,2.5790950241113344
2024-04-07 20:00:00+00:00,1.58861227100953,1.612715174275669,2.59001289771374
2024-04-08 00:00:00+00:00,1.58861227100953,1.612715174275669,2.593693264435996
2024-04-08 04:00:00+00:00,1.58861227100953,1.612715174275669,2.6399846302867043
2024-04-08 08:00:00+00:00,1.58861227100953,1.612715174275669,2.7036655048517706
2024-04-08 12:00:00+00:00,1.58861227100953,1.612715174275669,2.6801396866460534
2024-04-08 16:00:00+00:00,1.58861227100953,1.612715174275669,2.679841702408598
2024-04-08 20:00:00+00:00,1.58861227100953,1.612715174275669,2.674389860470192
2024-04-09 00:00:00+00:00,1.58861227100953,1.612715174275669,2.6618804971183696
2024-04-09 04:00:00+00:00,1.58861227100953,1.612715174275669,2.6282355374956072
2024-04-09 08:00:00+00:00,1.58861227100953,1.612715174275669,2.6435776181724124
2024-04-09 12:00:00+00:00,1.58861227100953,1.612715174275669,2.5864135617928983
2024-04-09 16:00:00+00:00,1.58861227100953,1.612715174275669,2.5765841895090174
2024-04-09 20:00:00+00:00,1.58861227100953,1.612715174275669,2.5820072785824055
2024-04-10 00:00:00+00:00,1.58861227100953,1.612715174275669,2.5821633655639293
2024-04-10 04:00:00+00:00,1.58861227100953,1.612715174275669,2.5891125969662405
2024-04-10 08:00:00+00:00,1.58861227100953,1.612715174275669,2.578161116119009
2024-04-10 12:00:00+00:00,1.58861227100953,1.612715174275669,2.5637592914696636
2024-04-10 16:00:00+00:00,1.58861227100953,1.612715174275669,2.6170331225536767
2024-04-10 20:00:00+00:00,1.58861227100953,1.612715174275669,2.6374622198556126
2024-04-11 00:00:00+00:00,1.58861227100953,1.612715174275669,2.6456993555624138
2024-04-11 04:00:00+00:00,1.58861227100953,1.612715174275669,2.6413797043608054
2024-04-11 08:00:00+00:00,1.58861227100953,1.612715174275669,2.6132679908916936
2024-04-11 12:00:00+00:00,1.58861227100953,1.612715174275669,2.613896819783767
2024-04-11 16:00:00+00:00,1.58861227100953,1.612715174275669,2.631061533371624
2024-04-11 20:00:00+00:00,1.58861227100953,1.612715174275669,2.6141294566007276
2024-04-12 00:00:00+00:00,1.58861227100953,1.612715174275669,2.650389433284768
2024-04-12 04:00:00+00:00,1.58861227100953,1.612715174275669,2.642426009916381
2024-04-12 08:00:00+00:00,1.58861227100953,1.612715174275669,2.6476538035559485
2024-04-12 12:00:00+00:00,1.58861227100953,1.612715174275669,2.5895240990084405
2024-04-12 16:00:00+00:00,1.58861227100953,1.612715174275669,2.496046667766996
2024-04-12 20:00:00+00:00,1.58861227100953,1.612715174275669,2.5062236883279088
2024-04-13 00:00:00+00:00,1.58861227100953,1.612715174275669,2.5078678294275525
2024-04-13 04:00:00+00:00,1.58861227100953,1.612715174275669,2.518546344764032
2024-04-13 08:00:00+00:00,1.58861227100953,1.612715174275669,2.5153155682947794
2024-04-13 12:00:00+00:00,1.58861227100953,1.612715174275669,2.527115445366946
2024-04-13 16:00:00+00:00,1.58861227100953,1.612715174275669,2.4192739042731275
2024-04-13 20:00:00+00:00,1.58861227100953,1.612715174275669,2.387029619931938
2024-04-14 00:00:00+00:00,1.58861227100953,1.612715174275669,2.3688458599981965
2024-04-14 04:00:00+00:00,1.58861227100953,1.612715174275669,2.407186125136953
2024-04-14 08:00:00+00:00,1.58861227100953,1.612715174275669,2.3960490576155173
2024-04-14 12:00:00+00:00,1.58861227100953,1.612715174275669,2.3966061910519625
2024-04-14 16:00:00+00:00,1.58861227100953,1.612715174275669,2.3961450249701866
2024-04-14 20:00:00+00:00,1.58861227100953,1.612715174275669,2.451903925102151
2024-04-15 00:00:00+00:00,1.58861227100953,1.612715174275669,2.432350109821012
2024-04-15 04:00:00+00:00,1.58861227100953,1.612715174275669,2.4743834377522913
2024-04-15 08:00:00+00:00,1.58861227100953,1.612715174275669,2.459307974551104
2024-04-15 12:00:00+00:00,1.58861227100953,1.612715174275669,2.4110886730888903
2024-04-15 16:00:00+00:00,1.58861227100953,1.612715174275669,2.363751001682606
2024-04-15 20:00:00+00:00,1.58861227100953,1.612715174275669,2.368190145310262
2024-04-16 00:00:00+00:00,1.58861227100953,1.612715174275669,2.350864116947241
2024-04-16 04:00:00+00:00,1.58861227100953,1.612715174275669,2.3717823863683076
2024-04-16 08:00:00+00:00,1.58861227100953,1.612715174275669,2.3560459806855465
2024-04-16 12:00:00+00:00,1.6046237432467525,1.612715174275669,2.306285973754986
2024-04-16 16:00:00+00:00,1.5926851814292524,1.612715174275669,2.3421049487041454
2024-04-16 20:00:00+00:00,1.5798725043184039,1.612715174275669,2.3821334177746514
2024-04-17 00:00:00+00:00,1.5793096349473374,1.612715174275669,2.383949329236738
2024-04-17 04:00:00+00:00,1.5856418408142436,1.612715174275669,2.363628895359739
2024-04-17 08:00:00+00:00,1.5940529993665589,1.612715174275669,2.3373853712891104
2024-04-17 12:00:00+00:00,1.6222254668617668,1.612715174275669,2.251870243174559
2024-04-17 16:00:00+00:00,1.6137821981191909,1.612715174275669,2.2786589514390285
2024-04-17 20:00:00+00:00,1.6108482272738003,1.612715174275669,2.288181750967332
2024-04-18 00:00:00+00:00,1.6025842216856405,1.612715174275669,2.3147176580679454
2024-04-18 04:00:00+00:00,1.61185398013151,1.612715174275669,2.2844741250353846
2024-04-18 08:00:00+00:00,1.5951448595992241,1.612715174275669,2.3374929144725525
2024-04-18 12:00:00+00:00,1.5852952592265719,1.612715174275669,2.371129285577193
2024-04-18 16:00:00+00:00,1.5855259879975678,1.612715174275669,2.3703204712183856
2024-04-18 20:00:00+00:00,1.5855947789418205,1.612715174275669,2.370060575191733
2024-04-19 00:00:00+00:00,1.6043577393562487,1.612715174275669,2.307142585084212
2024-04-19 04:00:00+00:00,1.5736923168218304,1.612715174275669,2.4102809789715773
2024-04-19 08:00:00+00:00,1.5707363475493803,1.612715174275669,2.42236315690028
2024-04-19 12:00:00+00:00,1.5746784937909306,1.612715174275669,2.406173053412371
2024-04-19 16:00:00+00:00,1.5757197522852069,1.612715174275669,2.4019938058113683
2024-04-19 20:00:00+00:00,1.5805663187388717,1.612715174275669,2.3830527626275524
2024-04-20 00:00:00+00:00,1.5792049936613153,1.612715174275669,2.388205500087009
2024-04-20 04:00:00+00:00,1.5791463468939881,1.612715174275669,2.3884004221069985
2024-04-20 08:00:00+00:00,1.5817335407244149,1.612715174275669,2.3789138437203405
2024-04-20 12:00:00+00:00,1.5701965239257647,1.612715174275669,2.4200334280061906
2024-04-20 16:00:00+00:00,1.5696046483486454,1.612715174275669,2.42220258895278
2024-04-20 20:00:00+00:00,1.5688300962216215,1.612715174275669,2.4249714525125934
2024-04-21 00:00:00+00:00,1.566402172862998,1.612715174275669,2.433537939218688
2024-04-21 04:00:00+00:00,1.5666024324192764,1.612715174275669,2.432815756868765
2024-04-21 08:00:00+00:00,1.5656832954704294,1.612715174275669,2.435928161153465
2024-04-21 12:00:00+00:00,1.5677975823900137,1.612715174275669,2.4288213491143043
2024-04-21 16:00:00+00:00,1.573563816579413,1.612715174275669,2.409938185074355
2024-04-21 20:00:00+00:00,1.568840701841965,1.612715174275669,2.4249923636871524
2024-04-22 00:00:00+00:00,1.5598484498552414,1.612715174275669,2.4534595671237547
2024-04-22 04:00:00+00:00,1.5566263822116797,1.612715174275669,2.4637844595619005
2024-04-22 08:00:00+00:00,1.557828727096749,1.612715174275669,2.45995584754858
2024-04-22 12:00:00+00:00,1.5564100993973389,1.612715174275669,2.4643214286514503
2024-04-22 16:00:00+00:00,1.5498851912091811,1.612715174275669,2.484126924854952
2024-04-22 20:00:00+00:00,1.5462548321831049,1.612715174275669,2.4951258292587712
2024-04-23 00:00:00+00:00,1.545846462274354,1.612715174275669,2.4807751623043264
2024-04-23 04:00:00+00:00,1.5496824769510325,1.612715174275669,2.4682575838482133
2024-04-23 08:00:00+00:00,1.5504011072480626,1.612715174275669,2.4661739346690146
2024-04-23 12:00:00+00:00,1.5454040834121996,1.612715174275669,2.4801982379348173
2024-04-23 16:00:00+00:00,1.5445282690293034,1.612715174275669,2.482620573459094
2024-04-23 20:00:00+00:00,1.5454801195351904,1.612715174275669,2.47999061984456
2024-04-24 00:00:00+00:00,1.5427628034915264,1.612715174275669,2.4872400759673146
2024-04-24 04:00:00+00:00,1.5424310575662488,1.612715174275669,2.4880899658475752
2024-04-24 08:00:00+00:00,1.5432794431703925,1.612715174275669,2.485872634516736
2024-04-24 12:00:00+00:00,1.5722408122747786,1.612715174275669,2.4126308722125636
2024-04-24 16:00:00+00:00,1.5807286125864204,1.612715174275669,2.3889545682327933
2024-04-24 20:00:00+00:00,1.5763996976680554,1.612715174275669,2.4006622120886045
2024-04-25 00:00:00+00:00,1.576498158552552,1.612715174275669,2.4003791644044052
2024-04-25 04:00:00+00:00,1.5802387818364494,1.612715174275669,2.3905202924278437
2024-04-25 08:00:00+00:00,1.5825134798834517,1.612715174275669,2.3846666572068536
2024-04-25 12:00:00+00:00,1.5784045650074625,1.612715174275669,2.394924708569179
2024-04-25 16:00:00+00:00,1.569192160211335,1.612715174275669,2.417746641702711
2024-04-25 20:00:00+00:00,1.5728877038297884,1.612715174275669,2.408457225819031
2024-04-26 00:00:00+00:00,1.5746618629714941,1.612715174275669,2.4040845498533643
2024-04-26 04:00:00+00:00,1.5762772094202755,1.612715174275669,2.400190217005718
2024-04-26 08:00:00+00:00,1.5767920751159816,1.612715174275669,2.3989605652589256
2024-04-26 12:00:00+00:00,1.5888568713280178,1.612715174275669,2.3712980686289855
2024-04-26 16:00:00+00:00,1.5849089146415418,1.612715174275669,2.3802163111642565
2024-04-26 20:00:00+00:00,1.5844340232820144,1.612715174275669,2.3812603762368445
2024-04-27 00:00:00+00:00,1.5961290300774484,1.612715174275669,2.355569504636684
2024-04-27 04:00:00+00:00,1.598116960192786,1.612715174275669,2.3512685241266453
2024-04-27 08:00:00+00:00,1.5999574551301312,1.612715174275669,2.347359254725743
2024-04-27 12:00:00+00:00,1.5983228108291188,1.612715174275669,2.3507054160688976
2024-04-27 16:00:00+00:00,1.5909383477283583,1.612715174275669,2.365655412222735
2024-04-27 20:00:00+00:00,1.5889199688190414,1.612715174275669,2.3697581099883016
2024-04-28 00:00:00+00:00,1.5784792568794255,1.612715174275669,2.390655841648641
2024-04-28 04:00:00+00:00,1.5804178361906898,1.612715174275669,2.386693174069849
2024-04-28 08:00:00+00:00,1.588413272991436,1.612715174275669,2.3705807406588706
2024-04-28 12:00:00+00:00,1.5873625919716627,1.612715174275669,2.372671484700866
2024-04-28 16:00:00+00:00,1.583793461894412,1.612715174275669,2.3797846447751607
2024-04-28 20:00:00+00:00,1.5951978427354665,1.612715174275669,2.356936572673431
2024-04-29 00:00:00+00:00,1.6110999398127188,1.612715174275669,2.3256090192883225
2024-04-29 04:00:00+00:00,1.6087657338781152,1.612715174275669,2.3301015610938682
2024-04-29 08:00:00+00:00,1.6115497502796086,1.612715174275669,2.3247251487494043
2024-04-29 12:00:00+00:00,1.5963469232876144,1.612715174275669,2.3539660656446624
2024-04-29 16:00:00+00:00,1.5973288278739366,1.612715174275669,2.3520355161363367
2024-04-29 20:00:00+00:00,1.580617608290929,1.612715174275669,2.3848447756044306
2024-04-30 00:00:00+00:00,1.5846642502222794,1.612715174275669,2.3767039806661296
2024-04-30 04:00:00+00:00,1.5939867397493266,1.612715174275669,2.3580612951336004
2024-04-30 08:00:00+00:00,1.6307953161892061,1.612715174275669,2.2854576970672866
2024-04-30 12:00:00+00:00,1.6375437635889256,1.612715174275669,2.2702384695410114
2024-04-30 16:00:00+00:00,1.6634805082007333,1.612715174275669,2.214080763437114
2024-04-30 20:00:00+00:00,1.6405043015658851,1.612715174275669,2.2655763978560115
2024-05-01 00:00:00+00:00,1.6467175379182026,1.612715174275669,2.2496700888799643
2024-05-01 04:00:00+00:00,1.6881539243272252,1.612715174275669,2.1471291571228357
2024-05-01 08:00:00+00:00,1.6828310943847804,1.612715174275669,2.1620089514763703
2024-05-01 12:00:00+00:00,1.696117970495141,1.612715174275669,2.1242019212888494
2024-05-01 16:00:00+00:00,1.6951952942631812,1.612715174275669,2.126758685792429
2024-05-01 20:00:00+00:00,1.6758708466873642,1.612715174275669,2.179428706711072
2024-05-02 00:00:00+00:00,1.6873292902211618,1.612715174275669,2.144996590731723
2024-05-02 04:00:00+00:00,1.684280554456585,1.612715174275669,2.153891308195616
2024-05-02 08:00:00+00:00,1.6729237789541531,1.612715174275669,2.1866987005945537
2024-05-02 12:00:00+00:00,1.6641071988311418,1.612715174275669,2.2130053316026888
2024-05-02 16:00:00+00:00,1.663035206672337,1.612715174275669,2.2162525382805227
2024-05-02 20:00:00+00:00,1.6666711782562806,1.612715174275669,2.20540486647842
2024-05-03 00:00:00+00:00,1.6581667509592937,1.612715174275669,2.2300386035218933
2024-05-03 04:00:00+00:00,1.6649043649777329,1.612715174275669,2.2102641006663974
2024-05-03 08:00:00+00:00,1.6635866032251612,1.612715174275669,2.2140113084644732
2024-05-03 12:00:00+00:00,1.6316486649623685,1.612715174275669,2.3036175585158176
2024-05-03 16:00:00+00:00,1.627513839740702,1.612715174275669,2.3176795765785916
2024-05-03 20:00:00+00:00,1.6185912117071322,1.612715174275669,2.3481012280087294
2024-05-04 00:00:00+00:00,1.620299025945515,1.612715174275669,2.3422009160588146
2024-05-04 04:00:00+00:00,1.6176887101340736,1.612715174275669,2.3509772613381545
2024-05-04 08:00:00+00:00,1.6074022158185841,1.612715174275669,2.3851177411151814
2024-05-04 12:00:00+00:00,1.6103208969704634,1.612715174275669,2.375254388172643
2024-05-04 16:00:00+00:00,1.6067836942999567,1.612715174275669,2.386905273126082
2024-05-04 20:00:00+00:00,1.6071105075463823,1.612715174275669,2.385817145221389
2024-05-05 00:00:00+00:00,1.6147818510445484,1.612715174275669,2.361317090329556
2024-05-05 04:00:00+00:00,1.6087937895856974,1.612715174275669,2.380022882799591
2024-05-05 08:00:00+00:00,1.6073149726234897,1.612715174275669,2.3846069109938286
2024-05-05 12:00:00+00:00,1.6003561531393018,1.612715174275669,2.40585490482802
2024-05-05 16:00:00+00:00,1.6070593915000613,1.612715174275669,2.385365314485398
2024-05-05 20:00:00+00:00,1.6054073693148716,1.612715174275669,2.3902966175428357
2024-05-06 00:00:00+00:00,1.6072468090334773,1.612715174275669,2.3848668070204817
2024-05-06 04:00:00+00:00,1.59847630881846,1.612715174275669,2.410040873877988
2024-05-06 08:00:00+00:00,1.6028249994210024,1.612715174275669,2.3974497328970896
2024-05-06 12:00:00+00:00,1.6103644458635422,1.612715174275669,2.3761072653635553
2024-05-06 16:00:00+00:00,1.6159110124551903,1.612715174275669,2.360722242096139
2024-05-06 20:00:00+00:00,1.616660796999283,1.612715174275669,2.358675560886249
2024-05-07 00:00:00+00:00,1.6156049698145727,1.612715174275669,2.361450025653533
2024-05-07 04:00:00+00:00,1.609418867957501,1.612715174275669,2.3775142886802616
2024-05-07 08:00:00+00:00,1.611996203362756,1.612715174275669,2.3708204723386266
2024-05-07 12:00:00+00:00,1.6082988059357632,1.612715174275669,2.3801576851927257
2024-05-07 16:00:00+00:00,1.6184568234123737,1.612715174275669,2.3547479942076075
2024-05-07 20:00:00+00:00,1.629800860459084,1.612715174275669,2.3268192535158807
2024-05-08 00:00:00+00:00,1.6208455372751038,1.612715174275669,2.3485485777787427
2024-05-08 04:00:00+00:00,1.6312958936171655,1.612715174275669,2.3229327623586933
2024-05-08 08:00:00+00:00,1.6307470562255937,1.612715174275669,2.3242546473218413
2024-05-08 12:00:00+00:00,1.6302678352318394,1.612715174275669,2.3253629395734294
2024-05-08 16:00:00+00:00,1.631767344238656,1.612715174275669,2.321866665870053
2024-05-08 20:00:00+00:00,1.6480322919538712,1.612715174275669,2.2850323787133227
2024-05-09 00:00:00+00:00,1.639976842994459,1.612715174275669,2.3032314486141514
2024-05-09 04:00:00+00:00,1.646976719791777,1.612715174275669,2.287277716081517
2024-05-09 08:00:00+00:00,1.6503147168073067,1.612715174275669,2.2798404328015693
2024-05-09 12:00:00+00:00,1.6312789443125155,1.612715174275669,2.3211052750678327
2024-05-09 16:00:00+00:00,1.6265423375616677,1.612715174275669,2.3321530966835646
2024-05-09 20:00:00+00:00,1.6165872656947124,1.612715174275669,2.355270773571564
2024-05-10 00:00:00+00:00,1.6190882434863414,1.612715174275669,2.3493764362429514
2024-05-10 04:00:00+00:00,1.616452664870871,1.612715174275669,2.3554205125179544
2024-05-10 08:00:00+00:00,1.6127904466636116,1.612715174275669,2.363695736435558
2024-05-10 12:00:00+00:00,1.652378759542941,1.612715174275669,2.2751365387674527
2024-05-10 16:00:00+00:00,1.655269549252537,1.612715174275669,2.267255639855805
2024-05-10 20:00:00+00:00,1.6540508856570557,1.612715174275669,2.2703557214840684
2024-05-11 00:00:00+00:00,1.6550521868042753,1.612715174275669,2.267813146706082
2024-05-11 04:00:00+00:00,1.6506932159173944,1.612715174275669,2.278515933941602
2024-05-11 08:00:00+00:00,1.6558049748589116,1.612715174275669,2.2660248678675186
2024-05-11 12:00:00+00:00,1.6480996373879053,1.612715174275669,2.2843284936411385
2024-05-11 16:00:00+00:00,1.648567526328508,1.612715174275669,2.2832015306979803
2024-05-11 20:00:00+00:00,1.6536330774157577,1.612715174275669,2.2713265974457024
2024-05-12 00:00:00+00:00,1.6519220367131546,1.612715174275669,2.27521047470607
2024-05-12 04:00:00+00:00,1.6537436417004323,1.612715174275669,2.271102922560696
2024-05-12 08:00:00+00:00,1.6481761233579149,1.612715174275669,2.2832762134642604
2024-05-12 12:00:00+00:00,1.6434929733895516,1.612715174275669,2.293470411061417
2024-05-12 16:00:00+00:00,1.643707471620621,1.612715174275669,2.292988707218914
2024-05-12 20:00:00+00:00,1.6423218345195238,1.612715174275669,2.2958972275516705
2024-05-13 00:00:00+00:00,1.6479533048777109,1.612715174275669,2.2841724066596147
2024-05-13 04:00:00+00:00,1.626514930557684,1.612715174275669,2.327651592946067
2024-05-13 08:00:00+00:00,1.6197150352090863,1.612715174275669,2.3427236954227717
2024-05-13 12:00:00+00:00,1.6152710128952767,1.612715174275669,2.352581820571671
2024-05-13 16:00:00+00:00,1.6123603303945024,1.612715174275669,2.3589556212597977
2024-05-13 20:00:00+00:00,1.616364786986127,1.612715174275669,2.3502696421276563
2024-05-14 00:00:00+00:00,1.6243268625295393,1.612715174275669,2.333405526674074
2024-05-14 04:00:00+00:00,1.6324680797770894,1.612715174275669,2.3164872662149394
2024-05-14 08:00:00+00:00,1.6368040911262038,1.612715174275669,2.3076440798597795
2024-05-14 12:00:00+00:00,1.636999882004155,1.612715174275669,2.3072348183005675
2024-05-14 16:00:00+00:00,1.6406499379073578,1.612715174275669,2.300099253396389
2024-05-14 20:00:00+00:00,1.6410123690585459,1.612715174275669,2.299388646875239
2024-05-15 00:00:00+00:00,1.6335563749778332,1.612715174275669,2.3132983120948025
2024-05-15 04:00:00+00:00,1.628710091027404,1.612715174275669,2.322448818033203
2024-05-15 08:00:00+00:00,1.623365165240249,1.612715174275669,2.3326109020408596
2024-05-15 12:00:00+00:00,1.5787479546961405,1.612715174275669,2.416925131273636
2024-05-15 16:00:00+00:00,1.5787479546961405,1.612715174275669,2.4647639240416557
2024-05-15 20:00:00+00:00,1.5787479546961405,1.612715174275669,2.472242282843057
2024-05-16 00:00:00+00:00,1.5787479546961405,1.612715174275669,2.463612315785625
2024-05-16 04:00:00+00:00,1.5787479546961405,1.612715174275669,2.4698569152880885
2024-05-16 08:00:00+00:00,1.5787479546961405,1.612715174275669,2.4833438760505104
2024-05-16 12:00:00+00:00,1.5787479546961405,1.612715174275669,2.4577680159104203
2024-05-16 16:00:00+00:00,1.5787479546961405,1.612715174275669,2.4341671415245925
2024-05-16 20:00:00+00:00,1.5787479546961405,1.612715174275669,2.4359729708132316
2024-05-17 00:00:00+00:00,1.5787479546961405,1.612715174275669,2.4490170627716155
2024-05-17 04:00:00+00:00,1.5787479546961405,1.612715174275669,2.4789801620167973
2024-05-17 08:00:00+00:00,1.5787479546961405,1.612715174275669,2.4726717087491648
2024-05-17 12:00:00+00:00,1.5787479546961405,1.612715174275669,2.5091579742150323
2024-05-17 16:00:00+00:00,1.5746617249587092,1.6085410281217312,2.503664683341341
2024-05-17 20:00:00+00:00,1.5740983056111377,1.6079654866436845,2.5027688635598175
2024-05-18 00:00:00+00:00,1.572244118137576,1.6060714057895051,2.499820761360933
2024-05-18 04:00:00+00:00,1.570880779532886,1.6046787345598013,2.4976530940696695
2024-05-18 08:00:00+00:00,1.5780161720372246,1.6119676471008626,2.5089981530951944
2024-05-18 12:00:00+00:00,1.5693924975797562,1.603158431789322,2.495286770620103
2024-05-18 16:00:00+00:00,1.5714824803951106,1.6052933811903782,2.4986097803057103
2024-05-18 20:00:00+00:00,1.5715430732219857,1.6053552776894762,2.498706121074211
2024-05-19 00:00:00+00:00,1.577532133989978,1.6114731948348124,2.5082285471886836
2024-05-19 04:00:00+00:00,1.5811543168151507,1.6151733099727485,2.51398770871033
2024-05-19 08:00:00+00:00,1.5812848967056257,1.6153066993273937,2.514195326800587
2024-05-19 12:00:00+00:00,1.5709484180373043,1.6047478283262357,2.4977606372531125
2024-05-19 16:00:00+00:00,1.550847804573121,1.5842147443405925,2.4658012676652787
2024-05-19 20:00:00+00:00,1.5564843466080143,1.589972558210169,2.4747631996188235
2024-05-20 00:00:00+00:00,1.5659070008989286,1.599597943637722,2.48974493594833
2024-05-20 04:00:00+00:00,1.5694279608233919,1.6031946580349172,2.495343156108644
2024-05-20 08:00:00+00:00,1.5733984349751375,1.607250558088211,2.501656090342253
2024-05-20 12:00:00+00:00,1.583398365112792,1.6174656396195732,2.517555677869335
2024-05-20 16:00:00+00:00,1.6397177007889285,1.6749967021174572,2.6138964463699366
2024-05-20 20:00:00+00:00,1.6601026777987715,1.6958202678128198,2.667915611461419
2024-05-21 00:00:00+00:00,1.6578111416344858,1.6934794285841437,2.6618431557352302
2024-05-21 04:00:00+00:00,1.6520941379620446,1.6876394219215791,2.6466933831815944
2024-05-21 08:00:00+00:00,1.655641072951052,1.6912626702443567,2.656092582731706
2024-05-21 12:00:00+00:00,1.637279896358837,1.6725064476188651,2.607436387086757
2024-05-21 16:00:00+00:00,1.6296564732566443,1.6647190043602633,2.587234698808143
2024-05-21 20:00:00+00:00,1.6418081533161193,1.677132131336336,2.6194360405587216
2024-05-22 00:00:00+00:00,1.6390938764992167,1.6743594560674417,2.61224334333834
2024-05-22 04:00:00+00:00,1.635701805502618,1.6708944036807307,2.6032545255889348
2024-05-22 08:00:00+00:00,1.6359995558356113,1.6711985601983912,2.604043549014678
2024-05-22 12:00:00+00:00,1.6461420904867485,1.6815593144206535,2.6309207563571886
2024-05-22 16:00:00+00:00,1.6346093027427049,1.6697783954074603,2.6003594481541086
2024-05-22 20:00:00+00:00,1.6279743881998814,1.6630007287562352,2.5827772579027486
2024-05-23 00:00:00+00:00,1.6319132037738648,1.6670242890882951,2.5932149213179767
2024-05-23 04:00:00+00:00,1.6359701049034792,1.6711684756209229,2.6039655055239157
2024-05-23 08:00:00+00:00,1.6394743430865724,1.6747481085036386,2.6132515606831133
2024-05-23 12:00:00+00:00,1.6157304884036863,1.6504933979090923,2.5420519986228545
2024-05-23 16:00:00+00:00,1.6157304884036863,1.6504933979090923,2.509340200164755
2024-05-23 20:00:00+00:00,1.6157304884036863,1.6504933979090923,2.53808074252594
2024-05-24 00:00:00+00:00,1.6157304884036863,1.6504933979090923,2.535174836090004
2024-05-24 04:00:00+00:00,1.6157304884036863,1.6504933979090923,2.5076953122374483
2024-05-24 08:00:00+00:00,1.6157304884036863,1.6504933979090923,2.514941781049552
2024-05-24 12:00:00+00:00,1.6157304884036863,1.6504933979090923,2.551404521444041
2024-05-24 16:00:00+00:00,1.6157304884036863,1.6504933979090923,2.5808862902605503
2024-05-24 20:00:00+00:00,1.6018582894901978,1.6363227346174594,2.5597514408172732
2024-05-25 00:00:00+00:00,1.606715507763365,1.6412844573488206,2.5675132207167053
2024-05-25 04:00:00+00:00,1.606623672548251,1.6411906462724504,2.5673664690809654
2024-05-25 08:00:00+00:00,1.6148199070778066,1.6495632251622077,2.5804639592172394
2024-05-25 12:00:00+00:00,1.6107476111648609,1.6454033126230256,2.573956476377472
2024-05-25 16:00:00+00:00,1.616003483069031,1.6507722661337434,2.582355300273269
2024-05-25 20:00:00+00:00,1.619163969797819,1.6540007516500361,2.5874057223429228
2024-05-26 00:00:00+00:00,1.61409433877519,1.6488220460473764,2.5793045092707496
2024-05-26 04:00:00+00:00,1.6203225423080834,1.6551842511834758,2.589257108118992
2024-05-26 08:00:00+00:00,1.6155265475116591,1.6502850691696949,2.581593162643386
2024-05-26 12:00:00+00:00,1.6088218757761779,1.6434361444796046,2.5708791729929237
2024-05-26 16:00:00+00:00,1.610119953689554,1.6447621509153165,2.5729534868263375
2024-05-26 20:00:00+00:00,1.6008693667666314,1.6353125349350224,2.5581711534827978
2024-05-27 00:00:00+00:00,1.6094163510617996,1.644043410073205,2.571829137779999
2024-05-27 04:00:00+00:00,1.604040135300674,1.638551523472588,2.563238005761033
2024-05-27 08:00:00+00:00,1.5991539410308806,1.6335602013176393,2.5554299225465074
2024-05-27 12:00:00+00:00,1.644477774334318,1.679859190024081,2.62785689587057
2024-05-27 16:00:00+00:00,1.618449851687418,1.6532712690816225,2.5862645696741704
2024-05-27 20:00:00+00:00,1.622572388239675,1.6574825032020242,2.592852336487688
2024-05-28 00:00:00+00:00,1.590181663882005,1.624394883026802,2.541092325076162
2024-05-28 04:00:00+00:00,1.5818557383998078,1.615889822845988,2.5277875902634626
2024-05-28 08:00:00+00:00,1.59811664708714,1.6325005896942142,2.553772338548933
2024-05-28 12:00:00+00:00,1.5977476704849403,1.6321236744535323,2.553182718109156
2024-05-28 16:00:00+00:00,1.5989209646709102,1.6333222124037952,2.555057628956604
2024-05-28 20:00:00+00:00,1.5983157402252497,1.6327039663788638,2.5540904871332843
2024-05-29 00:00:00+00:00,1.608387936858961,1.6429928692408797,2.5701857435080186
2024-05-29 04:00:00+00:00,1.5877654396472054,1.621926673027655,2.5372312260595105
2024-05-29 08:00:00+00:00,1.5834818993717592,1.6175509711423195,2.5303861771161595
2024-05-29 12:00:00+00:00,1.5744979383532764,1.6083737176000357,2.516029908954245
2024-05-29 16:00:00+00:00,1.571872572852505,1.6056918665999949,2.5118346045584916
2024-05-29 20:00:00+00:00,1.5808841078032614,1.6148972873356926,2.526234935552512
2024-05-30 00:00:00+00:00,1.5917683333746835,1.6260156901732439,2.5436278049913534
2024-05-30 04:00:00+00:00,1.5792983730201517,1.6132774350093662,2.5237009492926474
2024-05-30 08:00:00+00:00,1.5847302040006086,1.618826133406869,2.5323809538034863
2024-05-30 12:00:00+00:00,1.6014089278650998,1.6358637048468243,2.559033366019496
2024-05-30 16:00:00+00:00,1.6042658676614894,1.638782112530536,2.5635987235221642
2024-05-30 20:00:00+00:00,1.597235683318747,1.6316006717351443,2.552364568404565
2024-05-31 00:00:00+00:00,1.6015269349481343,1.6359842508864344,2.559221940004352
2024-05-31 04:00:00+00:00,1.593095387284687,1.6273712960325437,2.5457484221398614
2024-05-31 08:00:00+00:00,1.5971786660350633,1.6315424277080852,2.552273455429704
2024-05-31 12:00:00+00:00,1.570676144604713,1.604469696851868,2.5099227257417365
2024-05-31 16:00:00+00:00,1.581551957790018,1.6155795063083775,2.527302152282647
2024-05-31 20:00:00+00:00,1.5782573402381375,1.6122140041054782,2.5220373906737708
2024-06-01 00:00:00+00:00,1.5823537049224743,1.61639850326264,2.528583335138172
2024-06-01 04:00:00+00:00,1.580408807987635,1.6144117613068467,2.5254754118194493
2024-06-01 08:00:00+00:00,1.5810745548778622,1.6150918319342717,2.5265392678251013
2024-06-01 12:00:00+00:00,1.5817921781491455,1.615824895078119,2.5276860217013235
2024-06-01 16:00:00+00:00,1.58325219449528,1.6173163240988806,2.530019111319896
2024-06-01 20:00:00+00:00,1.5835580782016008,1.6176287889817518,2.530507910025196
2024-06-02 00:00:00+00:00,1.5840866564626372,1.618168739757194,2.531352572111817
2024-06-02 04:00:00+00:00,1.5824866673586069,1.616534326424103,2.528795807608237
2024-06-02 08:00:00+00:00,1.594883720366789,1.6291981056189544,2.548606158191547
2024-06-02 12:00:00+00:00,1.5923284580836614,1.626587866127593,2.5445228779452127
2024-06-02 16:00:00+00:00,1.5828593827990811,1.616915060945248,2.529391402669316
2024-06-02 20:00:00+00:00,1.583529569559759,1.6175996669682227,2.5304623535377653
2024-06-03 00:00:00+00:00,1.5979516708482866,1.6323320639437902,2.553508708383967
2024-06-03 04:00:00+00:00,1.610193795745475,1.6448375817044598,2.57307148559706
2024-06-03 08:00:00+00:00,1.6142434249513822,1.648974339855835,2.579542747295182
2024-06-03 12:00:00+00:00,1.626751708398226,1.6617517426444572,2.599530842862237
2024-06-03 16:00:00+00:00,1.6171410246140046,1.6519342822145802,2.584173078804513
2024-06-03 20:00:00+00:00,1.6079317985894919,1.6425269170244066,2.5694568397091304
2024-06-04 00:00:00+00:00,1.616351662383332,1.6511279366268508,2.5829116868820523
2024-06-04 04:00:00+00:00,1.6126925080997025,1.6473900545788192,2.577064399696196
2024-06-04 08:00:00+00:00,1.6113423201278776,1.6460108169216556,2.57490681457838
2024-06-04 12:00:00+00:00,1.646140388979446,1.6815575763049257,2.6305137352809655
2024-06-04 16:00:00+00:00,1.6456403193602513,1.6810467475430133,2.6297146296817746
2024-06-04 20:00:00+00:00,1.6483098498881383,1.6837737137935218,2.6339805092916615
2024-06-05 00:00:00+00:00,1.6578845473539692,1.6935544136489438,2.6492807676193504
2024-06-05 04:00:00+00:00,1.6637830320865432,1.6995798059892218,2.6587064795514905
2024-06-05 08:00:00+00:00,1.6584484109012199,1.6941304088837545,2.650181815194513
2024-06-05 12:00:00+00:00,1.6726627729881285,1.7086505970886021,2.6728962051446024
2024-06-05 16:00:00+00:00,1.6656512828367582,1.7014882526955253,2.6616919231335148
2024-06-05 20:00:00+00:00,1.661633200078791,1.6973837197230557,2.655271072302632
2024-06-06 00:00:00+00:00,1.6602778712043385,1.6959992305552554,2.6531052720805253
2024-06-06 04:00:00+00:00,1.6596111896045433,1.6953182051077151,2.6520399224195477
2024-06-06 08:00:00+00:00,1.6630822335874944,1.698863929607457,2.657586611471128
2024-06-06 12:00:00+00:00,1.6661198060080133,1.7019668562785322,2.662440617865467
2024-06-06 16:00:00+00:00,1.646946342304961,1.682380869949709,2.631801639585456
2024-06-06 20:00:00+00:00,1.6544139707258025,1.6900091665592594,2.6437348253954314
2024-06-07 00:00:00+00:00,1.6588683291749082,1.694559361820743,2.6508528398495335
2024-06-07 04:00:00+00:00,1.661679935557221,1.6974314607288419,2.6553457550689106
2024-06-07 08:00:00+00:00,1.6754666680165013,1.7115148187307463,2.677376797707543
2024-06-07 12:00:00+00:00,1.6687563727804657,1.7046601495488583,2.6554032607989457
2024-06-07 16:00:00+00:00,1.6403897171730053,1.675683177128705,2.5860774893446408
2024-06-07 20:00:00+00:00,1.6403897171730053,1.675683177128705,2.589834032488502
2024-06-08 00:00:00+00:00,1.6403897171730053,1.675683177128705,2.5926869141603794
2024-06-08 04:00:00+00:00,1.6403897171730053,1.675683177128705,2.5982955899079725
2024-06-08 08:00:00+00:00,1.6403897171730053,1.675683177128705,2.590219768976335
2024-06-08 12:00:00+00:00,1.6403897171730053,1.675683177128705,2.592612604807931
2024-06-08 16:00:00+00:00,1.6403897171730053,1.675683177128705,2.5937328463021245
2024-06-08 20:00:00+00:00,1.6403897171730053,1.675683177128705,2.588148442453573
2024-06-09 00:00:00+00:00,1.6403897171730053,1.675683177128705,2.5862410446027932
2024-06-09 04:00:00+00:00,1.6403897171730053,1.675683177128705,2.587595043155441
2024-06-09 08:00:00+00:00,1.6403897171730053,1.675683177128705,2.590285489810661
2024-06-09 12:00:00+00:00,1.6403897171730053,1.675683177128705,2.5955487577642113
2024-06-09 16:00:00+00:00,1.6403897171730053,1.675683177128705,2.603077527432851
2024-06-09 20:00:00+00:00,1.6403897171730053,1.675683177128705,2.6007578807122087
2024-06-10 00:00:00+00:00,1.6403897171730053,1.675683177128705,2.599453172785305
2024-06-10 04:00:00+00:00,1.6403897171730053,1.675683177128705,2.587906843704658
2024-06-10 08:00:00+00:00,1.6403897171730053,1.675683177128705,2.594251144700104
2024-06-10 12:00:00+00:00,1.6403897171730053,1.675683177128705,2.6163658320369687
2024-06-10 16:00:00+00:00,1.6262695431204504,1.6612592034410547,2.5948825874889976
2024-06-10 20:00:00+00:00,1.6274209539765854,1.662435387235302,2.5967197835394744
2024-06-11 00:00:00+00:00,1.6083797726028972,1.642984529328479,2.556540455281084
2024-06-11 04:00:00+00:00,1.6083797726028972,1.642984529328479,2.5231639802030963
2024-06-11 08:00:00+00:00,1.6083797726028972,1.642984529328479,2.4977654916329204
2024-06-11 12:00:00+00:00,1.6083797726028972,1.642984529328479,2.473660508574706
2024-06-11 16:00:00+00:00,1.6083797726028972,1.642984529328479,2.5170709867161807
2024-06-11 20:00:00+00:00,1.6055235089657902,1.6400668123518127,2.5136068266023046
2024-06-12 00:00:00+00:00,1.6048810611458895,1.6394105420809615,2.5170706133023493
2024-06-12 04:00:00+00:00,1.6048810611458895,1.6394105420809615,2.518811841998157
2024-06-12 08:00:00+00:00,1.6048810611458895,1.6394105420809615,2.530940323241953
2024-06-12 12:00:00+00:00,1.6505252483360902,1.6860367771808404,2.6039640118685896
2024-06-12 16:00:00+00:00,1.6190029133977335,1.6538362300748446,2.5217726402673084
2024-06-12 20:00:00+00:00,1.6186192906384924,1.6534443535608099,2.549071805239299
2024-06-13 00:00:00+00:00,1.5992702597016375,1.6336790226182902,2.5196075868728647
2024-06-13 04:00:00+00:00,1.598630788519872,1.6330257930288061,2.5289380782779984
2024-06-13 08:00:00+00:00,1.598349749789989,1.632738707669238,2.5295049204740607
2024-06-13 12:00:00+00:00,1.5683841088851365,1.6021283473198227,2.4820821107142175
2024-06-13 16:00:00+00:00,1.5677567552415825,1.601487495980895,2.4870858560549465
2024-06-13 20:00:00+00:00,1.5677567552415825,1.601487495980895,2.4933965498055675
2024-06-14 00:00:00+00:00,1.5677567552415825,1.601487495980895,2.492313276280683
2024-06-14 04:00:00+00:00,1.5677567552415825,1.601487495980895,2.4983244921385226
2024-06-14 08:00:00+00:00,1.5677567552415825,1.601487495980895,2.503216960157495
2024-06-14 12:00:00+00:00,1.5677567552415825,1.601487495980895,2.4791691094154844
2024-06-14 16:00:00+00:00,1.5677567552415825,1.601487495980895,2.4466081701452693
2024-06-14 20:00:00+00:00,1.5677567552415825,1.601487495980895,2.466173934669014
2024-06-15 00:00:00+00:00,1.5677567552415825,1.601487495980895,2.474533923526345
2024-06-15 04:00:00+00:00,1.5677567552415825,1.601487495980895,2.4674062003126265
2024-06-15 08:00:00+00:00,1.5677567552415825,1.601487495980895,2.476478662760264
2024-06-15 12:00:00+00:00,1.5677567552415825,1.601487495980895,2.476331911124525
2024-06-15 16:00:00+00:00,1.5677567552415825,1.601487495980895,2.4703079991964176
2024-06-15 20:00:00+00:00,1.5677567552415825,1.601487495980895,2.4730544579263474
2024-06-16 00:00:00+00:00,1.5677567552415825,1.601487495980895,2.4699831291631016
2024-06-16 04:00:00+00:00,1.5677567552415825,1.601487495980895,2.474475297554816
2024-06-16 08:00:00+00:00,1.5632618667369462,1.601487495980895,2.4829342410774675
2024-06-16 12:00:00+00:00,1.55940702626484,1.601487495980895,2.491148225126722
2024-06-16 16:00:00+00:00,1.5620366197918765,1.601487495980895,2.4855365620684777
2024-06-16 20:00:00+00:00,1.5600240132138068,1.601487495980895,2.48980654923051
2024-06-17 00:00:00+00:00,1.5680058829711594,1.601487495980895,2.472821074281724
2024-06-17 04:00:00+00:00,1.568893808745244,1.601487495980895,2.4709540051247356
2024-06-17 08:00:00+00:00,1.575202861554697,1.601487495980895,2.457705282386746
2024-06-17 12:00:00+00:00,1.5832658883023825,1.601487495980895,2.440931533080362
2024-06-17 16:00:00+00:00,1.559214805928895,1.601487495980895,2.490371150943584
2024-06-17 20:00:00+00:00,1.5624352499819736,1.601487495980895,2.483363666983575
2024-06-18 00:00:00+00:00,1.5801212528653183,1.601487495980895,2.4458605956548114
2024-06-18 04:00:00+00:00,1.5770921451735773,1.601487495980895,2.4523023576602525
2024-06-18 08:00:00+00:00,1.5824952391069438,1.601487495980895,2.4408568503140824
2024-06-18 12:00:00+00:00,1.5944344920534244,1.601487495980895,2.4162115374418356
2024-06-18 16:00:00+00:00,1.5998345791763136,1.601487495980895,2.4052402656615404
2024-06-18 20:00:00+00:00,1.5856157889796265,1.601487495980895,2.433736595376992
2024-06-19 00:00:00+00:00,1.5814991651491612,1.601487495980895,2.4422758228733943
2024-06-19 04:00:00+00:00,1.5828880648584152,1.601487495980895,2.439396428819487
2024-06-19 08:00:00+00:00,1.585012092935997,1.601487495980895,2.4350315945442795
2024-06-19 12:00:00+00:00,1.5902622480053756,1.601487495980895,2.4242772762000264
2024-06-19 16:00:00+00:00,1.5909969133033224,1.601487495980895,2.422783994288267
2024-06-19 20:00:00+00:00,1.589298316786591,1.601487495980895,2.4262328444350563
2024-06-20 00:00:00+00:00,1.585342705100027,1.601487495980895,2.434284393467653
2024-06-20 04:00:00+00:00,1.5731434801694877,1.601487495980895,2.4592601775806866
2024-06-20 08:00:00+00:00,1.5675717525878046,1.601487495980895,2.4708737211509866
2024-06-20 12:00:00+00:00,1.5913558049105285,1.601487495980895,2.42088779885243
2024-06-20 16:00:00+00:00,1.5873304323449124,1.601487495980895,2.429056973241917
2024-06-20 20:00:00+00:00,1.590624481029496,1.601487495980895,2.422335150862927
2024-06-21 00:00:00+00:00,1.597315734382039,1.601487495980895,2.408748488607522
2024-06-21 04:00:00+00:00,1.602970993876833,1.601487495980895,2.397377664027631
2024-06-21 08:00:00+00:00,1.6110536200899883,1.601487495980895,2.381260002823013
2024-06-21 12:00:00+00:00,1.611773250988032,1.601487495980895,2.3798417770913645
2024-06-21 16:00:00+00:00,1.6022897467648625,1.601487495980895,2.3985120952474173
2024-06-21 20:00:00+00:00,1.60394455868926,1.601487495980895,2.3952092499087048
2024-06-22 00:00:00+00:00,1.6004958566890433,1.601487495980895,2.4020759568542767
2024-06-22 04:00:00+00:00,1.5969028088081758,1.601487495980895,2.4092660401778394
2024-06-22 08:00:00+00:00,1.6016315172107924,1.601487495980895,2.399753696236815
2024-06-22 12:00:00+00:00,1.6008498324788345,1.601487495980895,2.4013153128797198
2024-06-22 16:00:00+00:00,1.601075183919275,1.601487495980895,2.4008646023852225
2024-06-22 20:00:00+00:00,1.6016915087445143,1.601487495980895,2.39963233674161
2024-06-23 00:00:00+00:00,1.5988103113748382,1.601487495980895,2.4053877641249426
2024-06-23 04:00:00+00:00,1.5988265064422267,1.601487495980895,2.4053552771216107
2024-06-23 08:00:00+00:00,1.6002006996968567,1.601487495980895,2.4025987362182333
2024-06-23 12:00:00+00:00,1.6048163440032095,1.601487495980895,2.3933586109602976
2024-06-23 16:00:00+00:00,1.6037688591879167,1.601487495980895,2.3954415133118334
2024-06-23 20:00:00+00:00,1.6213898143275796,1.601487495980895,2.3603492016785736
2024-06-24 00:00:00+00:00,1.6280848757895714,1.601487495980895,2.347354026932103
2024-06-24 04:00:00+00:00,1.6359712275549927,1.601487495980895,2.332193425377357
2024-06-24 08:00:00+00:00,1.6588395545464192,1.601487495980895,2.28872618833351
2024-06-24 12:00:00+00:00,1.667932434200941,1.601487495980895,2.2719987423422197
2024-06-24 16:00:00+00:00,1.6995386268560093,1.601487495980895,2.214594954282948
2024-06-24 20:00:00+00:00,1.6783344848319235,1.601487495980895,2.2514352160609805
2024-06-25 00:00:00+00:00,1.6586379910180968,1.601487495980895,2.2891235006501165
2024-06-25 04:00:00+00:00,1.6695604575696017,1.601487495980895,2.26606781045813
2024-06-25 08:00:00+00:00,1.6604325710768884,1.601487495980895,2.2848311086582007
2024-06-25 12:00:00+00:00,1.6493131346884649,1.601487495980895,2.308070891869067
2024-06-25 16:00:00+00:00,1.6464286179635563,1.601487495980895,2.3142493971233726
2024-06-25 20:00:00+00:00,1.6494069700562881,1.601487495980895,2.307921899750339
2024-06-26 00:00:00+00:00,1.6470449725845382,1.601487495980895,2.312778520041497
2024-06-26 04:00:00+00:00,1.650998119395615,1.601487495980895,2.30471091421415
2024-06-26 08:00:00+00:00,1.6561564330811827,1.601487495980895,2.2944509957826678
2024-06-26 12:00:00+00:00,1.6557095816689107,1.601487495980895,2.2952949110416263
2024-06-26 16:00:00+00:00,1.6649063445666339,1.601487495980895,2.277824744939686
2024-06-26 20:00:00+00:00,1.6676197121776195,1.601487495980895,2.272782911388154
2024-06-27 00:00:00+00:00,1.664068630599203,1.601487495980895,2.279217578530799
2024-06-27 04:00:00+00:00,1.6690434717802545,1.601487495980895,2.2701324200128936
2024-06-27 08:00:00+00:00,1.660765861460294,1.601487495980895,2.2851440294489116
2024-06-27 12:00:00+00:00,1.65303180687589,1.601487495980895,2.299333008214361
2024-06-27 16:00:00+00:00,1.6555686963417497,1.601487495980895,2.29462799393875
2024-06-27 20:00:00+00:00,1.6503863891381196,1.601487495980895,2.3042049384726067
2024-06-28 00:00:00+00:00,1.6479451699650154,1.601487495980895,2.3087493848007163
2024-06-28 04:00:00+00:00,1.6575036947742219,1.601487495980895,2.290894229038605
2024-06-28 08:00:00+00:00,1.6506145188655346,1.601487495980895,2.303589925892295
2024-06-28 12:00:00+00:00,1.663216675759306,1.601487495980895,2.280139910694352
2024-06-28 16:00:00+00:00,1.6823844399206656,1.601487495980895,2.2451032377219704
2024-06-28 20:00:00+00:00,1.6760022269571948,1.601487495980895,2.2564591257486053
2024-06-29 00:00:00+00:00,1.6690511315991612,1.601487495980895,2.26893712233859
2024-06-29 04:00:00+00:00,1.6630705161219315,1.601487495980895,2.279777325864065
2024-06-29 08:00:00+00:00,1.6620483996178657,1.601487495980895,2.281645515262547
2024-06-29 12:00:00+00:00,1.6619735286887218,1.601487495980895,2.2817825581386697
2024-06-29 16:00:00+00:00,1.6629651072558371,1.601487495980895,2.2799673935042457
2024-06-29 20:00:00+00:00,1.6644095056660957,1.601487495980895,2.277326984302433
2024-06-30 00:00:00+00:00,1.666218104165645,1.601487495980895,2.274027499688203
2024-06-30 04:00:00+00:00,1.6532965546301397,1.601487495980895,2.2975409952374837
2024-06-30 08:00:00+00:00,1.6526518609761929,1.601487495980895,2.298735546084125
2024-06-30 12:00:00+00:00,1.6494726001471463,1.601487495980895,2.304631750481894
2024-06-30 16:00:00+00:00,1.6432802527443247,1.601487495980895,2.3161676239752627
2024-06-30 20:00:00+00:00,1.628473681393588,1.601487495980895,2.343993675863355
2024-07-01 00:00:00+00:00,1.6155215428501102,1.601487495980895,2.368851087791836
2024-07-01 04:00:00+00:00,1.6185746306748476,1.601487495980895,2.362882067696944
2024-07-01 08:00:00+00:00,1.630387265186843,1.601487495980895,2.3398891110286315
2024-07-01 12:00:00+00:00,1.6211998606294467,1.601487495980895,2.357469807624666
2024-07-01 16:00:00+00:00,1.6193917909512454,1.601487495980895,2.3609754166738273
2024-07-01 20:00:00+00:00,1.6256692066685055,1.601487495980895,2.3487726260775825
2024-07-02 00:00:00+00:00,1.6210426392447947,1.601487495980895,2.3576852674053823
2024-07-02 04:00:00+00:00,1.6308376504051232,1.601487495980895,2.338690452629845
2024-07-02 08:00:00+00:00,1.6268923142075422,1.601487495980895,2.346234158851741
2024-07-02 12:00:00+00:00,1.6440578352926243,1.601487495980895,2.313226990053006
2024-07-02 16:00:00+00:00,1.6442365773863372,1.601487495980895,2.312891664432411
2024-07-02 20:00:00+00:00,1.6403269459495546,1.601487495980895,2.320224391839567
2024-07-03 00:00:00+00:00,1.6630463648732976,1.601487495980895,2.2773759015143455
2024-07-03 04:00:00+00:00,1.6654592113631688,1.601487495980895,2.2729703651315156
2024-07-03 08:00:00+00:00,1.6753912237568718,1.601487495980895,2.2548971356918677
2024-07-03 12:00:00+00:00,1.6795479334507768,1.601487495980895,2.2474378209958674
2024-07-03 16:00:00+00:00,1.6903297040119578,1.601487495980895,2.2282014074714156
2024-07-03 20:00:00+00:00,1.678910628329018,1.601487495980895,2.2482716540813783
2024-07-04 00:00:00+00:00,1.702053288267556,1.601487495980895,2.2069504263265736
2024-07-04 04:00:00+00:00,1.7211037605965578,1.601487495980895,2.1740149529834665
2024-07-04 08:00:00+00:00,1.73123103451921,1.601487495980895,2.156910732436296
2024-07-04 12:00:00+00:00,1.7227309645624742,1.601487495980895,2.171028015746116
2024-07-04 16:00:00+00:00,1.7195392898832886,1.601487495980895,2.1763909851926497
2024-07-04 20:00:00+00:00,1.7468356494358472,1.601487495980895,2.1303262815376005
2024-07-05 00:00:00+00:00,1.7863396546344494,1.601487495980895,2.06228953462928
2024-07-05 04:00:00+00:00,1.802142711530069,1.601487495980895,2.031933230619637
2024-07-05 08:00:00+00:00,1.7806927992452959,1.601487495980895,2.0719426555847416
2024-07-05 12:00:00+00:00,1.7595328898711204,1.601487495980895,2.1158374514655387
2024-07-05 16:00:00+00:00,1.7626961039213493,1.601487495980895,2.108496882367923
2024-07-05 20:00:00+00:00,1.759961179249462,1.601487495980895,2.1145973441314667
2024-07-06 00:00:00+00:00,1.763648013896062,1.601487495980895,2.106427422914317
2024-07-06 04:00:00+00:00,1.7602396448945785,1.601487495980895,2.1137463340097113
2024-07-06 08:00:00+00:00,1.7580349245501607,1.601487495980895,2.118429690283101
2024-07-06 12:00:00+00:00,1.74760188500955,1.601487495980895,2.1403326519775634
2024-07-06 16:00:00+00:00,1.738191460061262,1.601487495980895,2.1604973722868697
2024-07-06 20:00:00+00:00,1.7317904024061659,1.601487495980895,2.1743935946085027
2024-07-07 00:00:00+00:00,1.736378866154914,1.601487495980895,2.164435394552789
2024-07-07 04:00:00+00:00,1.7468574620257018,1.601487495980895,2.1422747773146624
2024-07-07 08:00:00+00:00,1.7452290199342009,1.601487495980895,2.145635875211073
2024-07-07 12:00:00+00:00,1.7568758531651243,1.601487495980895,2.1219397802982387
2024-07-07 16:00:00+00:00,1.7507675102051246,1.601487495980895,2.134101121959198
2024-07-07 20:00:00+00:00,1.7750602018740433,1.601487495980895,2.0858078845583674
2024-07-08 00:00:00+00:00,1.7878384800583083,1.601487495980895,2.0597510674034374
2024-07-08 04:00:00+00:00,1.7748438202761805,1.601487495980895,2.085591304536157
2024-07-08 08:00:00+00:00,1.751254538497402,1.601487495980895,2.134209785384135
2024-07-08 12:00:00+00:00,1.7737983860448974,1.601487495980895,2.082212282775839
2024-07-08 16:00:00+00:00,1.7623359724919458,1.601487495980895,2.1089408714134534
2024-07-08 20:00:00+00:00,1.7586352973831918,1.601487495980895,2.117802355046352
2024-07-09 00:00:00+00:00,1.7514799488376869,1.601487495980895,2.1347456342321904
2024-07-09 04:00:00+00:00,1.7522855368723511,1.601487495980895,2.1328218061728292
2024-07-09 08:00:00+00:00,1.7472727607993668,1.601487495980895,2.144441324364431
2024-07-09 12:00:00+00:00,1.746471798491967,1.601487495980895,2.1462710521382795
2024-07-09 16:00:00+00:00,1.7401042062287557,1.601487495980895,2.1606474846470904
2024-07-09 20:00:00+00:00,1.7369835823145774,1.601487495980895,2.1676672912635357
2024-07-10 00:00:00+00:00,1.7347899780642733,1.601487495980895,2.1725220444855373
2024-07-10 04:00:00+00:00,1.7211486415443766,1.601487495980895,2.2023197214034096
2024-07-10 08:00:00+00:00,1.7291980909976072,1.601487495980895,2.184172182611314
2024-07-10 12:00:00+00:00,1.7426005008790688,1.601487495980895,2.1545862313358444
2024-07-10 16:00:00+00:00,1.7478592060102145,1.601487495980895,2.1430977813990633
2024-07-10 20:00:00+00:00,1.7419952558914436,1.601487495980895,2.1555630819187805
2024-07-11 00:00:00+00:00,1.744771274189366,1.601487495980895,2.1496687445901683
2024-07-11 04:00:00+00:00,1.733500041469871,1.601487495980895,2.1729510969778136
2024-07-11 08:00:00+00:00,1.7230973727959347,1.601487495980895,2.1948514447754564
2024-07-11 12:00:00+00:00,1.7471967806063151,1.601487495980895,2.143470448402798
2024-07-11 16:00:00+00:00,1.74756502889922,1.601487495980895,2.142574255207444
2024-07-11 20:00:00+00:00,1.748212706551232,1.601487495980895,2.141150801682156
2024-07-12 00:00:00+00:00,1.7557146979827445,1.601487495980895,2.1252478534305914
2024-07-12 04:00:00+00:00,1.7522214290053426,1.601487495980895,2.132452126479747
2024-07-12 08:00:00+00:00,1.7504441878593975,1.601487495980895,2.1360593040910487
2024-07-12 12:00:00+00:00,1.7316188206267529,1.601487495980895,2.173791278098459
2024-07-12 16:00:00+00:00,1.742725747235763,1.601487495980895,2.1499678490691183
2024-07-12 20:00:00+00:00,1.7371737654699169,1.601487495980895,2.161659062716348
2024-07-13 00:00:00+00:00,1.7385065906818369,1.601487495980895,2.1588547248425516
2024-07-13 04:00:00+00:00,1.7319894628649608,1.601487495980895,2.1721602064829137
2024-07-13 08:00:00+00:00,1.7253152665745122,1.601487495980895,2.1857405207031846
2024-07-13 12:00:00+00:00,1.719848782926967,1.601487495980895,2.196817095183934
2024-07-13 16:00:00+00:00,1.723667889630272,1.601487495980895,2.189115434911357
2024-07-13 20:00:00+00:00,1.7126497956992055,1.601487495980895,2.210759994234492
2024-07-14 00:00:00+00:00,1.7077373264566367,1.601487495980895,2.2205482909969194
2024-07-14 04:00:00+00:00,1.6964411677007127,1.601487495980895,2.242798527554582
2024-07-14 08:00:00+00:00,1.6957459738002219,1.601487495980895,2.2441835194552358
2024-07-14 12:00:00+00:00,1.6960220979084488,1.601487495980895,2.243619664569825
2024-07-14 16:00:00+00:00,1.6992799999498185,1.601487495980895,2.2373459387885126
2024-07-14 20:00:00+00:00,1.6817343917142016,1.601487495980895,2.2702780514071375
2024-07-15 00:00:00+00:00,1.6466635139115053,1.601487495980895,2.3393581165603825
2024-07-15 04:00:00+00:00,1.6460994558244788,1.601487495980895,2.346536997469003
2024-07-15 08:00:00+00:00,1.6460994558244788,1.601487495980895,2.3321187426110757
2024-07-15 12:00:00+00:00,1.6460994558244788,1.601487495980895,2.3534780137670226
2024-07-15 16:00:00+00:00,1.6460994558244788,1.601487495980895,2.3652778908391894
2024-07-15 20:00:00+00:00,1.6460994558244788,1.601487495980895,2.4168889101319886
2024-07-16 00:00:00+00:00,1.6460994558244788,1.601487495980895,2.4179344688599023
2024-07-16 04:00:00+00:00,1.6460994558244788,1.601487495980895,2.348586665989545
2024-07-16 08:00:00+00:00,1.6460994558244788,1.601487495980895,2.3803679171798016
2024-07-16 12:00:00+00:00,1.6460994558244788,1.601487495980895,2.422643217273827
2024-07-16 16:00:00+00:00,1.6460994558244788,1.601487495980895,2.433367289097737
2024-07-16 20:00:00+00:00,1.6460994558244788,1.601487495980895,2.4288325515292435
2024-07-17 00:00:00+00:00,1.6460994558244788,1.601487495980895,2.4533908589787745
2024-07-17 04:00:00+00:00,1.6460994558244788,1.601487495980895,2.4368239809349848
2024-07-17 08:00:00+00:00,1.6460994558244788,1.601487495980895,2.4168736001649007
2024-07-17 12:00:00+00:00,1.6460994558244788,1.601487495980895,2.4168840557521802
2024-07-17 16:00:00+00:00,1.6460994558244788,1.601487495980895,2.41172235636077
2024-07-17 20:00:00+00:00,1.6460994558244788,1.601487495980895,2.393134189247625
2024-07-18 00:00:00+00:00,1.6460994558244788,1.601487495980895,2.4221518046717074
2024-07-18 04:00:00+00:00,1.6460994558244788,1.601487495980895,2.414792564882522
2024-07-18 08:00:00+00:00,1.6477310156005676,1.6030748378459967,2.418153289365101
2024-07-18 12:00:00+00:00,1.6166918526969756,1.5728768865011193,2.3726012829005607
2024-07-18 16:00:00+00:00,1.6171213548363768,1.5732947484372946,2.37323160544796
2024-07-18 20:00:00+00:00,1.6281367616011595,1.5840116198477812,2.389397437036828
2024-07-19 00:00:00+00:00,1.636713573280622,1.592355986047187,2.401984470465581
2024-07-19 04:00:00+00:00,1.6206583863765511,1.576735920697231,2.3784224311182185
2024-07-19 08:00:00+00:00,1.6313956854171838,1.5871822215530733,2.394180121389369
2024-07-19 12:00:00+00:00,1.6751797136409552,1.629779631737456,2.458436053254788
2024-07-19 16:00:00+00:00,1.70935714054818,1.6630307950514653,2.50774497627702
2024-07-19 20:00:00+00:00,1.7017656393453862,1.6556450358198587,2.489176600096939
2024-07-20 00:00:00+00:00,1.7008803255161018,1.654783715428432,2.4870111732886637
2024-07-20 04:00:00+00:00,1.7002737809663953,1.6541936092178544,2.4855276001365207
2024-07-20 08:00:00+00:00,1.6990739738644216,1.653026318830508,2.4825929408355667
2024-07-20 12:00:00+00:00,1.7042846388596462,1.6580957663697018,2.4953379283150006
2024-07-20 16:00:00+00:00,1.7103760376850388,1.6640220784265956,2.5102371401877677
2024-07-20 20:00:00+00:00,1.7090930272657758,1.6627738396665421,2.507098970348702
2024-07-21 00:00:00+00:00,1.7095719425067597,1.6632397755292607,2.5082703695377964
2024-07-21 04:00:00+00:00,1.7024066865551064,1.6562687096125126,2.4907445647749777
2024-07-21 08:00:00+00:00,1.705124152697763,1.658912528023859,2.4973913309738562
2024-07-21 12:00:00+00:00,1.7094600378616722,1.6631309036811985,2.5079966571993815
2024-07-21 16:00:00+00:00,1.7133991424354262,1.6669632521446567,2.5176314808771045
2024-07-21 20:00:00+00:00,1.7247471589138492,1.6780037190071384,2.545388077792557
2024-07-22 00:00:00+00:00,1.7203911217538257,1.6737657375054,2.5347334609412866
2024-07-22 04:00:00+00:00,1.710559237649713,1.6642003133756755,2.5106852367854446
2024-07-22 08:00:00+00:00,1.7148340561587307,1.6683592773833216,2.521141197478411
2024-07-22 12:00:00+00:00,1.7079313868231092,1.661643681560254,2.5042576645055963
2024-07-22 16:00:00+00:00,1.7257659033840707,1.6789948538531445,2.5478798682894737
2024-07-22 20:00:00+00:00,1.7150783227782953,1.6685969239820941,2.5217386596086473
2024-07-23 00:00:00+00:00,1.7141925509490996,1.667735158003295,2.5195721125588784
2024-07-23 04:00:00+00:00,1.7004832395926726,1.6543973911763024,2.486039923913198
2024-07-23 08:00:00+00:00,1.7020100586315887,1.6558828309477558,2.489774435641006
2024-07-23 12:00:00+00:00,1.7006055255690922,1.654516363004813,2.4863390283921474
2024-07-23 16:00:00+00:00,1.6846060619876098,1.638950510785202,2.44720525886167
2024-07-23 20:00:00+00:00,1.6907127274767249,1.644891675754519,2.4621418121175775
2024-07-24 00:00:00+00:00,1.6924943471331744,1.6466250106343174,2.4664995515299886
2024-07-24 04:00:00+00:00,1.692880441058724,1.6470006407895028,2.467443915109593
2024-07-24 08:00:00+00:00,1.697307620871695,1.651307836863133,2.4782725428062946
2024-07-24 12:00:00+00:00,1.6943765741035568,1.648456226206985,2.4711033706572905
2024-07-24 16:00:00+00:00,1.6863768423128156,1.6406733000971796,2.4515364858920523
2024-07-24 20:00:00+00:00,1.6821632431253262,1.636573896268351,2.441230264145476
2024-07-25 00:00:00+00:00,1.6757752205771548,1.6303589994717194,2.393343300993206
2024-07-25 04:00:00+00:00,1.6757752205771548,1.6303589994717194,2.3948522662858847
2024-07-25 08:00:00+00:00,1.6757752205771548,1.6303589994717194,2.3934332937265737
2024-07-25 12:00:00+00:00,1.6757752205771548,1.6303589994717194,2.4193810740427355
2024-07-25 16:00:00+00:00,1.6757752205771548,1.6303589994717194,2.415689131491707
2024-07-25 20:00:00+00:00,1.6757752205771548,1.6303589994717194,2.4570611435275813
2024-07-26 00:00:00+00:00,1.7067247035909228,1.6604697013969545,2.5034413818701617
2024-07-26 04:00:00+00:00,1.7028691590396952,1.6567186483441512,2.497786029393644
2024-07-26 08:00:00+00:00,1.7138525604340937,1.667404381781599,2.5138965957354653
2024-07-26 12:00:00+00:00,1.719911709715293,1.6732993183091505,2.522784218336561
2024-07-26 16:00:00+00:00,1.7308581976755595,1.6839491387262844,2.5388406396728302
2024-07-26 20:00:00+00:00,1.7287704247561397,1.6819179478325217,2.535778272841538
2024-07-27 00:00:00+00:00,1.725970349845677,1.6791937594846982,2.5316710941099947
2024-07-27 04:00:00+00:00,1.7320465556791997,1.685105290304395,2.540583735437794
2024-07-27 08:00:00+00:00,1.7364558017424063,1.6893950386619094,2.5470512629976025
2024-07-27 12:00:00+00:00,1.747119173467192,1.6997694157518328,2.570730180874192
2024-07-27 16:00:00+00:00,1.7379850078350991,1.6908828007941186,2.5484000337566104
2024-07-27 20:00:00+00:00,1.7326465615333995,1.6856890350286986,2.5353492203492616
2024-07-28 00:00:00+00:00,1.733325514146019,1.686349586926475,2.537009044829824
2024-07-28 04:00:00+00:00,1.7275198201408317,1.68070123662668,2.52281595851223
2024-07-28 08:00:00+00:00,1.7317224528030626,1.6847899711408365,2.5330900666693057
2024-07-28 12:00:00+00:00,1.7288050186296016,1.6819516041560147,2.52595786248961
2024-07-28 16:00:00+00:00,1.7359382215563364,1.6888914857367048,2.5433962884158814
2024-07-28 20:00:00+00:00,1.738044272990037,1.6909404597674234,2.5485449183231927
2024-07-29 00:00:00+00:00,1.7548124932061824,1.7072542340724886,2.5895379153201983
2024-07-29 04:00:00+00:00,1.7575671009488105,1.709934187486325,2.596272060355624
2024-07-29 08:00:00+00:00,1.7583613762211665,1.710706936613083,2.598213812278892
2024-07-29 12:00:00+00:00,1.735816025360589,1.6887726012556652,2.5430975573507633
2024-07-29 16:00:00+00:00,1.723581894987638,1.6768700356195763,2.513188976524966
2024-07-29 20:00:00+00:00,1.715664192484207,1.6691669156706117,2.493832697160636
2024-07-30 00:00:00+00:00,1.7067902080906094,1.6605334306186663,2.48730953093995
2024-07-30 04:00:00+00:00,1.7067902080906094,1.6605334306186663,2.500080283973751
2024-07-30 08:00:00+00:00,1.7067902080906094,1.6605334306186663,2.4859656145607496
2024-07-30 12:00:00+00:00,1.7067902080906094,1.6605334306186663,2.4725973993967125
2024-07-30 16:00:00+00:00,1.7067902080906094,1.6605334306186663,2.4619554786157103
2024-07-30 20:00:00+00:00,1.7067902080906094,1.6605334306186663,2.4715514672549674
2024-07-31 00:00:00+00:00,1.7067902080906094,1.6605334306186663,2.4666970874467977
2024-07-31 04:00:00+00:00,1.7067902080906094,1.6605334306186663,2.4728957570479992
2024-07-31 08:00:00+00:00,1.7067902080906094,1.6605334306186663,2.468041750653661
2024-07-31 12:00:00+00:00,1.7067902080906094,1.6605334306186663,2.478720639403972
2024-07-31 16:00:00+00:00,1.7067902080906094,1.6605334306186663,2.43678029151671
2024-07-31 20:00:00+00:00,1.7067902080906094,1.6605334306186663,2.4132989095569295
2024-08-01 00:00:00+00:00,1.7067902080906094,1.6605334306186663,2.3874590458380416
2024-08-01 04:00:00+00:00,1.7067902080906094,1.6605334306186663,2.402118526031052
2024-08-01 08:00:00+00:00,1.7067902080906094,1.6605334306186663,2.415025948527144
2024-08-01 12:00:00+00:00,1.7067902080906094,1.6605334306186663,2.3490194526201327
2024-08-01 16:00:00+00:00,1.7067902080906094,1.6605334306186663,2.3682655749042003
2024-08-01 20:00:00+00:00,1.7067902080906094,1.6605334306186663,2.4404095005440634
2024-08-02 00:00:00+00:00,1.7067902080906094,1.6605334306186663,2.4125961447262387
2024-08-02 04:00:00+00:00,1.7067902080906094,1.6605334306186663,2.3959751216768965
2024-08-02 08:00:00+00:00,1.7067902080906094,1.6605334306186663,2.414494207231233
2024-08-02 12:00:00+00:00,1.7067902080906094,1.6605334306186663,2.368041526605362
2024-08-02 16:00:00+00:00,1.7067902080906094,1.6605334306186663,2.3388241347814818
2024-08-02 20:00:00+00:00,1.7067902080906094,1.6605334306186663,2.2964327029858915
2024-08-03 00:00:00+00:00,1.7067902080906094,1.6605334306186663,2.3112818774052517
2024-08-03 04:00:00+00:00,1.7067902080906094,1.6605334306186663,2.3025447405782087
2024-08-03 08:00:00+00:00,1.7067902080906094,1.6605334306186663,2.312155292356891
2024-08-03 12:00:00+00:00,1.7067902080906094,1.6605334306186663,2.273306064165939
2024-08-03 16:00:00+00:00,1.7067902080906094,1.6605334306186663,2.249668968638466
2024-08-03 20:00:00+00:00,1.7067902080906094,1.6605334306186663,2.26654690040381
2024-08-04 00:00:00+00:00,1.7067902080906094,1.6605334306186663,2.2679289049938127
2024-08-04 04:00:00+00:00,1.7067902080906094,1.6605334306186663,2.2544482922665248
2024-08-04 08:00:00+00:00,1.7067902080906094,1.6605334306186663,2.273940867679315
2024-08-04 12:00:00+00:00,1.7067902080906094,1.6605334306186663,2.2063533376101665
2024-08-04 16:00:00+00:00,1.7036746643331284,1.6605334306186663,2.2127629860261075
2024-08-04 20:00:00+00:00,1.7208323287237488,1.6605334306186663,2.1718121847920493
2024-08-05 00:00:00+00:00,1.7886339685292723,1.6605334306186663,2.012359624405432
2024-08-05 04:00:00+00:00,1.8026803027984406,1.6605334306186663,1.9669271103669388
2024-08-05 08:00:00+00:00,1.8188245521035045,1.6605334306186663,1.9171066103956915
2024-08-05 12:00:00+00:00,1.7814724100834278,1.6605334306186663,2.0284246342598222
2024-08-05 16:00:00+00:00,1.7895078071362693,1.6605334306186663,1.9966471172078797
2024-08-05 20:00:00+00:00,1.784092179466613,1.6605334306186663,2.017137080964333
2024-08-06 00:00:00+00:00,1.7679020149180744,1.6605334306186663,2.07863535168488
2024-08-06 04:00:00+00:00,1.7648355320805373,1.6605334306186663,2.0911170824131786
2024-08-06 08:00:00+00:00,1.7721262403406346,1.6605334306186663,2.061618136560425
2024-08-06 12:00:00+00:00,1.7606968093962558,1.6605334306186663,2.1062776839679245
2024-08-06 16:00:00+00:00,1.7573783337308249,1.6605334306186663,2.1197015377928397
2024-08-06 20:00:00+00:00,1.7642957871384497,1.6605334306186663,2.091939339669916
2024-08-07 00:00:00+00:00,1.7562127665151477,1.6605334306186663,2.1233057280934897
2024-08-07 04:00:00+00:00,1.7556518204131928,1.6605334306186663,2.1255055089742534
2024-08-07 08:00:00+00:00,1.7552353267606267,1.6605334306186663,2.127091397516199
2024-08-07 12:00:00+00:00,1.7638024832651111,1.6605334306186663,2.0946462165337176
2024-08-07 16:00:00+00:00,1.7773964134370162,1.6605334306186663,2.044785014454848
2024-08-07 20:00:00+00:00,1.7734673728422243,1.6605334306186663,2.0587857926492728
2024-08-08 00:00:00+00:00,1.7532613462698938,1.6605334306186663,2.1303161993641493
2024-08-08 04:00:00+00:00,1.751869888461749,1.6605334306186663,2.1356840231904908
2024-08-08 08:00:00+00:00,1.750626570981745,1.6605334306186663,2.1404271256769043
2024-08-08 12:00:00+00:00,1.7297241577900806,1.6605334306186663,2.219124837471628
2024-08-08 16:00:00+00:00,1.7298320974720738,1.6605334306186663,2.218619981971578
2024-08-08 20:00:00+00:00,1.708968081711889,1.6605334306186663,2.3034401869458985
2024-08-09 00:00:00+00:00,1.708698578087486,1.6605334306186663,2.2912071498293103
2024-08-09 04:00:00+00:00,1.7126642050350163,1.6605334306186663,2.27272988662409
2024-08-09 08:00:00+00:00,1.7144878501032181,1.6605334306186663,2.264950556274582
2024-08-09 12:00:00+00:00,1.7220781566652754,1.6605334306186663,2.233396714107647
2024-08-09 16:00:00+00:00,1.7140254758654807,1.6605334306186663,2.265928153685181
2024-08-09 20:00:00+00:00,1.7125877694004712,1.6605334306186663,2.271774694043375
2024-08-10 00:00:00+00:00,1.7163127637833324,1.6605334306186663,2.256832539579997
2024-08-10 04:00:00+00:00,1.712439488582135,1.6605334306186663,2.2719244329897657
2024-08-10 08:00:00+00:00,1.7116714086591736,1.6605334306186663,2.2748699212918306
2024-08-10 12:00:00+00:00,1.7156558851031143,1.6605334306186663,2.259747034534056
2024-08-10 16:00:00+00:00,1.7105882405336772,1.6605334306186663,2.278438637278498
2024-08-10 20:00:00+00:00,1.7115286289751581,1.6605334306186663,2.2749681291294883
2024-08-11 00:00:00+00:00,1.7098416177489744,1.6605334306186663,2.280998762506561
2024-08-11 04:00:00+00:00,1.7080144930316448,1.6605334306186663,2.2874211069927695
2024-08-11 08:00:00+00:00,1.7143352282794317,1.6605334306186663,2.265469974914057
2024-08-11 12:00:00+00:00,1.7203140959381928,1.6605334306186663,2.2452361730459423
2024-08-11 16:00:00+00:00,1.7260462042036167,1.6605334306186663,2.2263347117282546
2024-08-11 20:00:00+00:00,1.7366146582381623,1.6605334306186663,2.1924093183181124
2024-08-12 00:00:00+00:00,1.7390340518165577,1.6605334306186663,2.184825656816257
2024-08-12 04:00:00+00:00,1.737009465482127,1.6605334306186663,2.1909910925864637
2024-08-12 08:00:00+00:00,1.7223912296474053,1.6605334306186663,2.234945261266453
2024-08-12 12:00:00+00:00,1.7181614182529579,1.6605334306186663,2.248226471007775
2024-08-12 16:00:00+00:00,1.7321060256728493,1.6605334306186663,2.2047838792768
2024-08-12 20:00:00+00:00,1.7284188200429873,1.6605334306186663,2.2160856222978826
2024-08-13 00:00:00+00:00,1.732184379730348,1.6605334306186663,2.204635260571904
2024-08-13 04:00:00+00:00,1.7296773186907834,1.6605334306186663,2.2120307215027357
2024-08-13 08:00:00+00:00,1.734897932222761,1.6605334306186663,2.196793570112553
2024-08-13 12:00:00+00:00,1.7264430425887851,1.6605334306186663,2.2207764468479008
2024-08-13 16:00:00+00:00,1.7088463073044455,1.6605334306186663,2.2711085237681625
2024-08-13 20:00:00+00:00,1.7116942760815383,1.6605334306186663,2.2624079814965965
2024-08-14 00:00:00+00:00,1.70709057457188,1.6605334306186663,2.276062978483147
2024-08-14 04:00:00+00:00,1.707576083399901,1.6605334306186663,2.2746137594034925
2024-08-14 08:00:00+00:00,1.7026049166618868,1.6605334306186663,2.288909907938553
2024-08-14 12:00:00+00:00,1.7269320112155506,1.6605334306186663,2.2194108724664794
2024-08-14 16:00:00+00:00,1.7337779163684897,1.6605334306186663,2.199076248863887
2024-08-14 20:00:00+00:00,1.7364663193700105,1.6605334306186663,2.191318949930432
2024-08-15 00:00:00+00:00,1.7396545982733531,1.6605334306186663,2.1823417080098
2024-08-15 04:00:00+00:00,1.7448649361501989,1.6605334306186663,2.1680545214066935
2024-08-15 08:00:00+00:00,1.735261405248837,1.6605334306186663,2.193632995443603
2024-08-15 12:00:00+00:00,1.7223118251249212,1.6605334306186663,2.2286397953094728
2024-08-15 16:00:00+00:00,1.7575731101255136,1.6605334306186663,2.130231061010591
2024-08-15 20:00:00+00:00,1.7514894899757878,1.6605334306186663,2.1486627677283807
2024-08-16 00:00:00+00:00,1.747224765220227,1.6605334306186663,2.1616926699611714
2024-08-16 04:00:00+00:00,1.7402404104484293,1.6605334306186663,2.1828648607875882
2024-08-16 08:00:00+00:00,1.7409360723660938,1.6605334306186663,2.180736775362453
2024-08-16 12:00:00+00:00,1.745057568619445,1.6605334306186663,2.1684537007924574
2024-08-16 16:00:00+00:00,1.7242684484906046,1.6605334306186663,2.2286603330701995
2024-08-16 20:00:00+00:00,1.7337876033860413,1.6605334306186663,2.1984589958005865
2024-08-17 00:00:00+00:00,1.7303595841869293,1.6605334306186663,2.2090553600941587
2024-08-17 04:00:00+00:00,1.7292575930965064,1.6605334306186663,2.212402268264976
2024-08-17 08:00:00+00:00,1.7306303070537636,1.6605334306186663,2.2082618557024385
2024-08-17 12:00:00+00:00,1.7274251982225761,1.6605334306186663,2.2176341694566886
2024-08-17 16:00:00+00:00,1.7263198041208168,1.6605334306186663,2.22081117433422
2024-08-17 20:00:00+00:00,1.7260645857515933,1.6605334306186663,2.2215131923372473
2024-08-18 00:00:00+00:00,1.728130707621826,1.6605334306186663,2.2157413347453336
2024-08-18 04:00:00+00:00,1.724879828041756,1.6605334306186663,2.224552780924825
2024-08-18 08:00:00+00:00,1.718596107796458,1.6605334306186663,2.241379554995267
2024-08-18 12:00:00+00:00,1.7208264601668921,1.6605334306186663,2.235404186865241
2024-08-18 16:00:00+00:00,1.7230447439032184,1.6605334306186663,2.229593494234862
2024-08-18 20:00:00+00:00,1.741802674619449,1.6605334306186663,2.181758062191325
2024-08-19 00:00:00+00:00,1.7372758983197003,1.6605334306186663,2.193315220273083
2024-08-19 04:00:00+00:00,1.740718843144919,1.6605334306186663,2.1845526913055053
2024-08-19 08:00:00+00:00,1.7422971344668556,1.6605334306186663,2.180622884143876
2024-08-19 12:00:00+00:00,1.7400921307372883,1.6605334306186663,2.1859361895508336
2024-08-19 16:00:00+00:00,1.7333674868484985,1.6605334306186663,2.201929130535765
2024-08-19 20:00:00+00:00,1.7259666563728107,1.6605334306186663,2.2195158017531016
2024-08-20 00:00:00+00:00,1.7074356930774646,1.6605334306186663,2.2636040259985633
2024-08-20 04:00:00+00:00,1.7029274650425579,1.6605334306186663,2.2749987490636636
2024-08-20 08:00:00+00:00,1.7089560122473644,1.6605334306186663,2.259856444786656
2024-08-20 12:00:00+00:00,1.7347249498966475,1.6605334306186663,2.196626654129918
2024-08-20 16:00:00+00:00,1.7247028842356638,1.6605334306186663,2.222260020000043
2024-08-20 20:00:00+00:00,1.7318460909874729,1.6605334306186663,2.203656916333642
2024-08-21 00:00:00+00:00,1.7273415916461692,1.6605334306186663,2.2150908478510387
2024-08-21 04:00:00+00:00,1.721519154252946,1.6605334306186663,2.229728670041828
2024-08-21 08:00:00+00:00,1.7267446497762613,1.6605334306186663,2.216627072353409
2024-08-21 12:00:00+00:00,1.7244350638164923,1.6605334306186663,2.2222529251372465
2024-08-21 16:00:00+00:00,1.6924589125452172,1.6605334306186663,2.2991089599155172
2024-08-21 20:00:00+00:00,1.6977751167011408,1.6605334306186663,2.2836507475371475
2024-08-22 00:00:00+00:00,1.7058291204184728,1.6605334306186663,2.2609796735915
2024-08-22 04:00:00+00:00,1.6999224437660683,1.6605334306186663,2.277238485224386
2024-08-22 08:00:00+00:00,1.695119895078062,1.6605334306186663,2.2903744369852936
2024-08-22 12:00:00+00:00,1.7078951666982773,1.6605334306186663,2.2556958678772228
2024-08-22 16:00:00+00:00,1.7092733262134088,1.6605334306186663,2.2519841343931297
2024-08-22 20:00:00+00:00,1.7082990637168485,1.6605334306186663,2.2545173738253315
2024-08-23 00:00:00+00:00,1.705134818643005,1.6605334306186663,2.262638004416737
2024-08-23 04:00:00+00:00,1.6981223731535824,1.6605334306186663,2.280411009135941
2024-08-23 08:00:00+00:00,1.7029451126362387,1.6605334306186663,2.2681783454331845
2024-08-23 12:00:00+00:00,1.6909964772845913,1.6605334306186663,2.2977291958085027
2024-08-23 16:00:00+00:00,1.6905413990817513,1.6605334306186663,2.3759888931789965
2024-08-23 20:00:00+00:00,1.6905413990817513,1.6605334306186663,2.391239114053278
2024-08-24 00:00:00+00:00,1.6905413990817513,1.6605334306186663,2.3835755419915037
2024-08-24 04:00:00+00:00,1.6905413990817513,1.6605334306186663,2.40161105663418
2024-08-24 08:00:00+00:00,1.6905413990817513,1.6605334306186663,2.3863014629607067
2024-08-24 12:00:00+00:00,1.6905413990817513,1.6605334306186663,2.388952327749799
2024-08-24 16:00:00+00:00,1.6905413990817513,1.6605334306186663,2.3977126162343887
2024-08-24 20:00:00+00:00,1.6905413990817513,1.6605334306186663,2.395711491511929
2024-08-25 00:00:00+00:00,1.6905413990817513,1.6605334306186663,2.393620374056102
2024-08-25 04:00:00+00:00,1.6837293022726183,1.6538422519877731,2.384929167130321
2024-08-25 08:00:00+00:00,1.6838782506009093,1.6539885564075858,2.385140145945061
2024-08-25 12:00:00+00:00,1.6906863755179167,1.6606758336494558,2.3947835581409063
2024-08-25 16:00:00+00:00,1.6921429056308486,1.6621065096131087,2.3968466695593786
2024-08-25 20:00:00+00:00,1.6930020606784584,1.6629504142222569,2.3980636252359036
2024-08-26 00:00:00+00:00,1.6902337307751283,1.6602312235807513,2.394142406592396
2024-08-26 04:00:00+00:00,1.6773693404672825,1.6475951827347193,2.375920558447852
2024-08-26 08:00:00+00:00,1.6834851851894375,1.653602468106806,2.384583385922447
2024-08-26 12:00:00+00:00,1.6748786080678288,1.645148662100404,2.372392544568807
2024-08-26 16:00:00+00:00,1.669881852998053,1.6402406019709785,2.365314858808495
2024-08-26 20:00:00+00:00,1.6564635858092533,1.627060515839945,2.346308468204185
2024-08-27 00:00:00+00:00,1.6600488907026238,1.6305821797504745,2.3513868963111935
2024-08-27 04:00:00+00:00,1.6582644106420925,1.6288293751173586,2.3488592580864625
2024-08-27 08:00:00+00:00,1.6454704083053149,1.6162624728201582,2.330737111434902
2024-08-27 12:00:00+00:00,1.6315908556512435,1.6026292892751492,2.304304266551754
2024-08-27 16:00:00+00:00,1.6315908556512435,1.6026292892751492,2.3189749491597067
2024-08-27 20:00:00+00:00,1.6315908556512435,1.6026292892751492,2.2186382792493182
2024-08-28 00:00:00+00:00,1.6315908556512435,1.6026292892751492,2.22662970865506
2024-08-28 04:00:00+00:00,1.6315908556512435,1.6026292892751492,2.188241646545884
2024-08-28 08:00:00+00:00,1.6315908556512435,1.6026292892751492,2.238055798481997
2024-08-28 12:00:00+00:00,1.6315908556512435,1.6026292892751492,2.203141605246314
2024-08-28 16:00:00+00:00,1.6315908556512435,1.6026292892751492,2.199364524341726
2024-08-28 20:00:00+00:00,1.6315908556512435,1.6026292892751492,2.204444819517892
2024-08-29 00:00:00+00:00,1.6315908556512435,1.6026292892751492,2.2084104744073354
2024-08-29 04:00:00+00:00,1.6315908556512435,1.6026292892751492,2.224944492033962
2024-08-29 08:00:00+00:00,1.6315908556512435,1.6026292892751492,2.242987101539435
2024-08-29 12:00:00+00:00,1.6210426769032882,1.6026292892751492,2.2696088938212697
2024-08-29 16:00:00+00:00,1.6206190343754252,1.6026292892751492,2.212775682096374
2024-08-29 20:00:00+00:00,1.6188579508734342,1.6026292892751492,2.2165475352073223
2024-08-30 00:00:00+00:00,1.62333367727506,1.6026292892751492,2.2043369029206183
2024-08-30 04:00:00+00:00,1.619959334200871,1.6026292892751492,2.2132648542155056
2024-08-30 08:00:00+00:00,1.6181740141602328,1.6026292892751492,2.2179287929696625
2024-08-30 12:00:00+00:00,1.636991418674873,1.6026292892751492,2.1693472800909928
2024-08-30 16:00:00+00:00,1.6282616072840552,1.6026292892751492,2.1919399371320467
2024-08-30 20:00:00+00:00,1.6222412794445185,1.6026292892751492,2.2077715633418142
2024-08-31 00:00:00+00:00,1.620702226259571,1.6026292892751492,2.211805179548572
2024-08-31 04:00:00+00:00,1.622673361048346,1.6026292892751492,2.2066890366445926
2024-08-31 08:00:00+00:00,1.622279831084579,1.6026292892751492,2.207659539192395
2024-08-31 12:00:00+00:00,1.6239986123668018,1.6026292892751492,2.2033858178920487
2024-08-31 16:00:00+00:00,1.626316400632498,1.6026292892751492,2.197764446074188
2024-08-31 20:00:00+00:00,1.6244380602366246,1.6026292892751492,2.2021703558708494
2024-09-01 00:00:00+00:00,1.6316699116680051,1.6026292892751492,2.1853749485622447
2024-09-01 04:00:00+00:00,1.6324159150740283,1.6026292892751492,2.1836733017325654
2024-09-01 08:00:00+00:00,1.6364238547078849,1.6026292892751492,2.1747815715793237
2024-09-01 12:00:00+00:00,1.6368214958376612,1.6026292892751492,2.173903302247876
2024-09-01 16:00:00+00:00,1.6315576796973712,1.6026292892751492,2.1849936930403873
2024-09-01 20:00:00+00:00,1.6530913771270714,1.6026292892751492,2.139730708881349
2024-09-02 00:00:00+00:00,1.645396337094412,1.6026292892751492,2.156166518670318
2024-09-02 04:00:00+00:00,1.6487482042292883,1.6026292892751492,2.14892154351354
2024-09-02 08:00:00+00:00,1.6332380435455796,1.6026292892751492,2.1815586592053604
2024-09-02 12:00:00+00:00,1.6312756291441688,1.6026292892751492,2.1858895128219107
2024-09-02 16:00:00+00:00,1.6329385228126567,1.6026292892751492,2.1822300572742135
2024-09-02 20:00:00+00:00,1.6208368494729335,1.6026292892751492,2.2080755222005726
2024-09-03 00:00:00+00:00,1.6211910530042777,1.6026292892751492,2.207286125360998
2024-09-03 04:00:00+00:00,1.621162966800895,1.6026292892751492,2.207323840157969
2024-09-03 08:00:00+00:00,1.6218605594071756,1.6026292892751492,2.2058301848323785
2024-09-03 12:00:00+00:00,1.6462322451788367,1.6026292892751492,2.155531341743111
2024-09-03 16:00:00+00:00,1.6406231683394898,1.6026292892751492,2.167517925730977
2024-09-03 20:00:00+00:00,1.6503335169189262,1.6026292892751492,2.1466713517655385
2024-09-04 00:00:00+00:00,1.6651615507932795,1.6026292892751492,2.115537973572757
2024-09-04 04:00:00+00:00,1.6635000375416442,1.6026292892751492,2.1189741276492784
2024-09-04 08:00:00+00:00,1.66665248068511,1.6026292892751492,2.1125140683660986
2024-09-04 12:00:00+00:00,1.6373770790827409,1.6026292892751492,2.1708039674472763
2024-09-04 16:00:00+00:00,1.6385098699333522,1.6026292892751492,2.1679663957424857
2024-09-04 20:00:00+00:00,1.6399030576782785,1.6026292892751492,2.1647135878571806
2024-09-05 00:00:00+00:00,1.6536608015821743,1.6026292892751492,2.133515609071567
2024-09-05 04:00:00+00:00,1.653327330249636,1.6026292892751492,2.1342504874917574
2024-09-05 08:00:00+00:00,1.6610914459119763,1.6026292892751492,2.117182114672401
2024-09-05 12:00:00+00:00,1.673677661035861,1.6026292892751492,2.0902216360454884
2024-09-05 16:00:00+00:00,1.6721844680886402,1.6026292892751492,2.093358312229229
2024-09-05 20:00:00+00:00,1.670007998334475,1.6026292892751492,2.0978389047921695
2024-09-06 00:00:00+00:00,1.662521138900599,1.6026292892751492,2.113074189113195
2024-09-06 04:00:00+00:00,1.6768023888228312,1.6026292892751492,2.0838093737327275
2024-09-06 08:00:00+00:00,1.6732010225772442,1.6026292892751492,2.0910834751683542
2024-09-06 12:00:00+00:00,1.709635874238642,1.6026292892751492,2.0181154252025966
2024-09-06 16:00:00+00:00,1.7181312304457284,1.6026292892751492,1.9990440605916229
2024-09-06 20:00:00+00:00,1.710714587916569,1.6026292892751492,2.01505193812981
2024-09-07 00:00:00+00:00,1.7131802843858233,1.6026292892751492,2.009672538474695
2024-09-07 04:00:00+00:00,1.7049693304073879,1.6026292892751492,2.0271143251254493
2024-09-07 08:00:00+00:00,1.7042747106026976,1.6026292892751492,2.0286079804510404
2024-09-07 12:00:00+00:00,1.6962431069639057,1.6026292892751492,2.045560968396495
2024-09-07 16:00:00+00:00,1.7028232083649484,1.6026292892751492,2.031520981749774
2024-09-07 20:00:00+00:00,1.7071889762347816,1.6026292892751492,2.0224414244393394
2024-09-08 00:00:00+00:00,1.702705850099126,1.6026292892751492,2.0314828935389713
2024-09-08 04:00:00+00:00,1.7020804207470717,1.6026292892751492,2.0327248679422
2024-09-08 08:00:00+00:00,1.6997991980058647,1.6026292892751492,2.0371994858838383
2024-09-08 12:00:00+00:00,1.7165033416822806,1.6026292892751492,2.0047468366247285
2024-09-08 16:00:00+00:00,1.703896728564312,1.6026292892751492,2.0290191090794094
2024-09-08 20:00:00+00:00,1.6939111440607344,1.6026292892751492,2.048919825809917
2024-09-09 00:00:00+00:00,1.6894008637472129,1.6026292892751492,2.058070331748317
2024-09-09 04:00:00+00:00,1.6920093231865327,1.6026292892751492,2.052805570139441
2024-09-09 08:00:00+00:00,1.6864683888375065,1.6026292892751492,2.0636666848394745
2024-09-09 12:00:00+00:00,1.6841464454133903,1.6026292892751492,2.0681898465791946
2024-09-09 16:00:00+00:00,1.6510653235575325,1.6026292892751492,2.131802386413115
2024-09-09 20:00:00+00:00,1.6517490356059046,1.6026292892751492,2.13002717705865
2024-09-10 00:00:00+00:00,1.6601513407586155,1.6026292892751492,2.1107119732157735
2024-09-10 04:00:00+00:00,1.6486386885228745,1.6026292892751492,2.1366205450796385
2024-09-10 08:00:00+00:00,1.648484676713556,1.6026292892751492,2.1369726743226467
2024-09-10 12:00:00+00:00,1.6589550211209163,1.6026292892751492,2.113372920178313
2024-09-10 16:00:00+00:00,1.6361216385723125,1.6026292892751492,2.16400820912967
2024-09-10 20:00:00+00:00,1.6408945860935034,1.6026292892751492,2.1522075852298403
2024-09-11 00:00:00+00:00,1.6535794692912724,1.6026292892751492,2.1217205863792086
2024-09-11 04:00:00+00:00,1.6552610338069575,1.6026292892751492,2.1177045206225262
2024-09-11 08:00:00+00:00,1.6538715668761033,1.6026292892751492,2.1209155061587146
2024-09-11 12:00:00+00:00,1.655444016065894,1.6026292892751492,2.117302353926111
2024-09-11 16:00:00+00:00,1.6406439002769484,1.6026292892751492,2.1503222187951136
2024-09-11 20:00:00+00:00,1.6446081032846447,1.6026292892751492,2.141080226468021
2024-09-12 00:00:00+00:00,1.629903195329499,1.6026292892751492,2.174490308790834
2024-09-12 04:00:00+00:00,1.631389489917706,1.6026292892751492,2.1709593076011378
2024-09-12 08:00:00+00:00,1.6326746131340932,1.6026292892751492,2.1679656489148225
2024-09-12 12:00:00+00:00,1.641673992341171,1.6026292892751492,2.1475787473758348
2024-09-12 16:00:00+00:00,1.626970371536274,1.6026292892751492,2.1802886787647773
2024-09-12 20:00:00+00:00,1.6310890065297454,1.6026292892751492,2.1707412339236014
2024-09-13 00:00:00+00:00,1.635807280365599,1.6026292892751492,2.160048528861529
2024-09-13 04:00:00+00:00,1.631355095316638,1.6026292892751492,2.1698820086975554
2024-09-13 08:00:00+00:00,1.635411340240684,1.6026292892751492,2.1609869178198315
2024-09-13 12:00:00+00:00,1.604043164949755,1.6026292892751492,2.228062497526134
2024-09-13 16:00:00+00:00,1.6035476875171841,1.6026292892751492,2.2309232208884717
2024-09-13 20:00:00+00:00,1.6035476875171841,1.6026292892751492,2.2590789971896887
2024-09-14 00:00:00+00:00,1.6035476875171841,1.6026292892751492,2.25278211975083
2024-09-14 04:00:00+00:00,1.6035476875171841,1.6026292892751492,2.245641327053012
2024-09-14 08:00:00+00:00,1.6035476875171841,1.6026292892751492,2.2295191848824167
2024-09-14 12:00:00+00:00,1.6035476875171841,1.6026292892751492,2.2358526568767525
2024-09-14 16:00:00+00:00,1.6035476875171841,1.6026292892751492,2.233388125589528
2024-09-14 20:00:00+00:00,1.6035476875171841,1.6026292892751492,2.240222718945599
2024-09-15 00:00:00+00:00,1.6035476875171841,1.6026292892751492,2.2463056302590676
2024-09-15 04:00:00+00:00,1.6035476875171841,1.6026292892751492,2.247801899481478
2024-09-15 08:00:00+00:00,1.6035476875171841,1.6026292892751492,2.240502032491485
2024-09-15 12:00:00+00:00,1.6035476875171841,1.6026292892751492,2.2530076617049932
2024-09-15 16:00:00+00:00,1.6035476875171841,1.6026292892751492,2.2359355547473223
2024-09-15 20:00:00+00:00,1.6035476875171841,1.6026292892751492,2.2080706678207647
2024-09-16 00:00:00+00:00,1.6035476875171841,1.6026292892751492,2.1872748781363964
2024-09-16 04:00:00+00:00,1.5970454337846882,1.6026292892751492,2.19982195628519
2024-09-16 08:00:00+00:00,1.5965262327855085,1.6026292892751492,2.190594527097522
2024-09-16 12:00:00+00:00,1.5965262327855085,1.6026292892751492,2.1613823630672817
2024-09-16 16:00:00+00:00,1.5948718690572479,1.6026292892751492,2.163708731236889
2024-09-16 20:00:00+00:00,1.5898750413079619,1.6026292892751492,2.1737909046846267
2024-09-17 00:00:00+00:00,1.592732074960063,1.6026292892751492,2.168040705094934
2024-09-17 04:00:00+00:00,1.580615270062973,1.6026292892751492,2.191767046528111
2024-09-17 08:00:00+00:00,1.5800663616348063,1.6026292892751492,2.206165883866806
2024-09-17 12:00:00+00:00,1.5800663616348063,1.6026292892751492,2.2828841289412907
2024-09-17 16:00:00+00:00,1.5800663616348063,1.6026292892751492,2.23928769071178
2024-09-17 20:00:00+00:00,1.5800663616348063,1.6026292892751492,2.25220780927814
2024-09-18 00:00:00+00:00,1.5800663616348063,1.6026292892751492,2.2595267203735343
2024-09-18 04:00:00+00:00,1.5800663616348063,1.6026292892751492,2.256465473783736
2024-09-18 08:00:00+00:00,1.5800663616348063,1.6026292892751492,2.2347324153825596
2024-09-18 12:00:00+00:00,1.5800663616348063,1.6026292892751492,2.2191677800622416
2024-09-18 16:00:00+00:00,1.5800663616348063,1.6026292892751492,2.242648415194359
2024-09-18 20:00:00+00:00,1.5800663616348063,1.6026292892751492,2.306203449298244
2024-09-19 00:00:00+00:00,1.5885899935975811,1.6112746364366515,2.319571664462281
2024-09-19 04:00:00+00:00,1.5879762235794856,1.6106521019458464,2.3186754712669266
2024-09-19 08:00:00+00:00,1.6020788684327623,1.624956128818947,2.3392673769993517
2024-09-19 12:00:00+00:00,1.6150856780662313,1.6381486722365894,2.358259204464238
2024-09-19 16:00:00+00:00,1.6175906269525824,1.6406893911271871,2.361916792942778
2024-09-19 20:00:00+00:00,1.6098162067233757,1.6328039542436572,2.3505650124682886
2024-09-20 00:00:00+00:00,1.630126112359656,1.6534038799337658,2.3802204187163984
2024-09-20 04:00:00+00:00,1.6245674018957732,1.647765792562042,2.3721038956771383
2024-09-20 08:00:00+00:00,1.6223987478318365,1.6455661706945308,2.3689373463868857
2024-09-20 12:00:00+00:00,1.6150843993786936,1.6381473752897335,2.3582573373950804
2024-09-20 16:00:00+00:00,1.6062650356936796,1.629202073435608,2.3453797880055
2024-09-20 20:00:00+00:00,1.6162879000891754,1.6393680616704536,2.360014622885638
2024-09-21 00:00:00+00:00,1.6083221882043288,1.6312886015372892,2.348383528865263
2024-09-21 04:00:00+00:00,1.613474020293716,1.6365140004194834,2.355905950498769
2024-09-21 08:00:00+00:00,1.6134420531052736,1.6364815767480874,2.3558592737698443
2024-09-21 12:00:00+00:00,1.6154421761517415,1.6385102610199982,2.3587797433452056
2024-09-21 16:00:00+00:00,1.6163528574160904,1.6394339465707302,2.3601094699988128
2024-09-21 20:00:00+00:00,1.6200705135631952,1.6432046898594104,2.365537786865841
2024-09-22 00:00:00+00:00,1.6138571150800107,1.6369025656974945,2.356465324418203
2024-09-22 04:00:00+00:00,1.609509577451836,1.6324929463876259,2.3501172892844426
2024-09-22 08:00:00+00:00,1.6056223673372325,1.6285502279458608,2.3444413990471977
2024-09-22 12:00:00+00:00,1.6022497010877992,1.6251294009188875,2.3395168174387253
2024-09-22 16:00:00+00:00,1.6152380976207252,1.6383032683018057,2.3584817591077507
2024-09-22 20:00:00+00:00,1.625947361486458,1.6491654576088683,2.3741188367113604
2024-09-23 00:00:00+00:00,1.6463514933144747,1.6698609550156847,2.4030673705766343
2024-09-23 04:00:00+00:00,1.633996609735226,1.6573296469830257,2.373000835700156
2024-09-23 08:00:00+00:00,1.6322507409187539,1.6555588476239307,2.368752133126513
2024-09-23 12:00:00+00:00,1.6350581249815217,1.658406320384873,2.375584112585765
2024-09-23 16:00:00+00:00,1.6301565576170127,1.6534347599413042,2.3636557811555976
2024-09-23 20:00:00+00:00,1.630792269913255,1.6540795500401557,2.365202834659078
2024-09-24 00:00:00+00:00,1.6274780652580452,1.6507180194234314,2.3571374693147193
2024-09-24 04:00:00+00:00,1.6341669309152473,1.6575024003042242,2.373415325053007
2024-09-24 08:00:00+00:00,1.6329151469633418,1.6562327412102273,2.3703690150164642
2024-09-24 12:00:00+00:00,1.628030304831826,1.6512781448315332,2.3584813856939193
2024-09-24 16:00:00+00:00,1.6454053668315805,1.668901318098109,2.400764900892235
2024-09-24 20:00:00+00:00,1.6449505632481718,1.6684400200404224,2.399658102295972
2024-09-25 00:00:00+00:00,1.647977983862427,1.6715106714163184,2.4070255571894483
2024-09-25 04:00:00+00:00,1.6385156449359566,1.6619132128052003,2.3839982464486478
2024-09-25 08:00:00+00:00,1.6384340135235498,1.6618304157179231,2.3837995902903444
2024-09-25 12:00:00+00:00,1.633180909381177,1.6565022986447462,2.371015767772445
2024-09-25 16:00:00+00:00,1.6283603596590566,1.6516129127539636,2.3592845988452553
2024-09-25 20:00:00+00:00,1.627907857713216,1.6511539492006178,2.3581834014564635
2024-09-26 00:00:00+00:00,1.6334675399796275,1.656793022251952,2.3717133048094956
2024-09-26 04:00:00+00:00,1.6386497536849103,1.6620492365914412,2.3843246101372895
2024-09-26 08:00:00+00:00,1.6469651098900648,1.670483333872867,2.4045606524883927
2024-09-26 12:00:00+00:00,1.6597781727878216,1.683479363902912,2.4357422010654246
2024-09-26 16:00:00+00:00,1.6518303113810013,1.6754180091478554,2.416400484840519
2024-09-26 20:00:00+00:00,1.6589336252429228,1.6826227564435645,2.433686931337412
2024-09-27 00:00:00+00:00,1.6618800282147888,1.6856112332666735,2.4408572237279103
2024-09-27 04:00:00+00:00,1.6633225411998172,1.6870743449536878,2.44436768715688
2024-09-27 08:00:00+00:00,1.6629746870420619,1.6867215235310242,2.4435211580011016
2024-09-27 12:00:00+00:00,1.671700348504313,1.695571785119553,2.464755708937362
2024-09-27 16:00:00+00:00,1.6663602424618753,1.6901554237823047,2.4517601607770603
2024-09-27 20:00:00+00:00,1.668078184742524,1.6918978978220678,2.4559409020333884
2024-09-28 00:00:00+00:00,1.672586478967938,1.696470569290653,2.4669121738136837
2024-09-28 04:00:00+00:00,1.6689076949219794,1.6927392531863905,2.457959577205924
2024-09-28 08:00:00+00:00,1.6685087444102173,1.6923346057673672,2.45698870124429
2024-09-28 12:00:00+00:00,1.6657639648892955,1.6895506315244875,2.4503090746282488
2024-09-28 16:00:00+00:00,1.6673731164342365,1.6911827613257553,2.4542250654781164
2024-09-28 20:00:00+00:00,1.6694292459948559,1.6932682518699522,2.459228810818845
2024-09-29 00:00:00+00:00,1.6687835599358194,1.6926133455856252,2.4576574854163233
2024-09-29 04:00:00+00:00,1.663583240015003,1.6873387664786574,2.4450021172564247
2024-09-29 08:00:00+00:00,1.666880872879724,1.6906834886641295,2.4530271539069926
2024-09-29 12:00:00+00:00,1.6677926282416045,1.6916082636502203,2.4552459788931578
2024-09-29 16:00:00+00:00,1.6709762533254653,1.6948373500540264,2.462993569066997
2024-09-29 20:00:00+00:00,1.6655012713215505,1.6892841867624226,2.449669790148896
2024-09-30 00:00:00+00:00,1.645564743694193,1.669062970819955,2.4105236979619833
2024-09-30 04:00:00+00:00,1.645564743694193,1.669062970819955,2.410834751683538
2024-09-30 08:00:00+00:00,1.645564743694193,1.669062970819955,2.3831061608054402
2024-09-30 12:00:00+00:00,1.645564743694193,1.669062970819955,2.3734709637138858
2024-09-30 16:00:00+00:00,1.645564743694193,1.669062970819955,2.3707297327775954
2024-09-30 20:00:00+00:00,1.645564743694193,1.669062970819955,2.364739801508145
2024-10-01 00:00:00+00:00,1.645564743694193,1.669062970819955,2.379522881679348
2024-10-01 04:00:00+00:00,1.645564743694193,1.669062970819955,2.3915632372589344
2024-10-01 08:00:00+00:00,1.645564743694193,1.669062970819955,2.3799157130299777
2024-10-01 12:00:00+00:00,1.645564743694193,1.669062970819955,2.338647883453063
2024-10-01 16:00:00+00:00,1.645564743694193,1.669062970819955,2.306054083765685
2024-10-01 20:00:00+00:00,1.645564743694193,1.669062970819955,2.2705719280924463
2024-10-02 00:00:00+00:00,1.645564743694193,1.669062970819955,2.3058479593307535
2024-10-02 04:00:00+00:00,1.645564743694193,1.669062970819955,2.304986493621719
2024-10-02 08:00:00+00:00,1.645564743694193,1.669062970819955,2.283948731774605
2024-10-02 12:00:00+00:00,1.645564743694193,1.669062970819955,2.3104611138038402
2024-10-02 16:00:00+00:00,1.645564743694193,1.669062970819955,2.2475782245964706
2024-10-02 20:00:00+00:00,1.645564743694193,1.669062970819955,2.264728001631072
2024-10-03 00:00:00+00:00,1.6670030448971955,1.690807405265535,2.2951503998888727
2024-10-03 04:00:00+00:00,1.6524118839894146,1.6760078864585262,2.275061109173509
2024-10-03 08:00:00+00:00,1.648038251379164,1.671571799537174,2.26903943772839
2024-10-03 12:00:00+00:00,1.6446957828011703,1.6681816013963615,2.264437485670245
2024-10-03 16:00:00+00:00,1.6553952623047292,1.6790338666231595,2.2791686613188835
2024-10-03 20:00:00+00:00,1.6477119782779528,1.6712408673428054,2.2685902208892186
2024-10-04 00:00:00+00:00,1.6531167749204603,1.676722843044697,2.2760316117213115
2024-10-04 04:00:00+00:00,1.6664511199088625,1.6902475989350776,2.294390502741978
2024-10-04 08:00:00+00:00,1.6666192739593617,1.6904181541807204,2.2946220193174445
2024-10-04 12:00:00+00:00,1.6780971439870074,1.702059925141382,2.3104248926621946
2024-10-04 16:00:00+00:00,1.6915212615410793,1.7156757355258072,2.3289073836610545
2024-10-04 20:00:00+00:00,1.6838729644054555,1.7079182227401113,2.31837711361564
2024-10-05 00:00:00+00:00,1.6777974500744235,1.701755951679389,2.3100122703785004
2024-10-05 04:00:00+00:00,1.683606901302972,1.7076483603272474,2.318010794647039
2024-10-05 08:00:00+00:00,1.686422396783997,1.7105040603353434,2.3218872036307783
2024-10-05 12:00:00+00:00,1.686087715980261,1.7101646003786928,2.3214264109628338
2024-10-05 16:00:00+00:00,1.6774310369740608,1.7013843062973508,2.3095077882922825
2024-10-05 20:00:00+00:00,1.6831135590161033,1.7071479732436596,2.3173315548877267
2024-10-06 00:00:00+00:00,1.678249567497299,1.702214525218884,2.310634751235441
2024-10-06 04:00:00+00:00,1.6801575735380478,1.70414977707872,2.3132617175393233
2024-10-06 08:00:00+00:00,1.684304740612545,1.7083561645966658,2.3189715884352253
2024-10-06 12:00:00+00:00,1.7010683433662959,1.7253591471417393,2.3420519239400845
2024-10-06 16:00:00+00:00,1.6986645540927838,1.7229210323963624,2.3387423571524066
2024-10-06 20:00:00+00:00,1.7037777933090221,1.7281072873094379,2.3457823281157473
2024-10-07 00:00:00+00:00,1.7188948300519284,1.7434401913187125,2.3723171149748667
2024-10-07 04:00:00+00:00,1.7189189140514194,1.7434646192313141,2.3723723802219134
2024-10-07 08:00:00+00:00,1.7124658667553951,1.736919424135213,2.3575646547378386
2024-10-07 12:00:00+00:00,1.720865324307573,1.7454388237085423,2.3768387830592608
2024-10-07 16:00:00+00:00,1.716478130886798,1.740988982331896,2.366771546164779
2024-10-07 20:00:00+00:00,1.6976340285824314,1.72187579125565,2.3235302244889278
2024-10-08 00:00:00+00:00,1.7042376008752746,1.728573660805513,2.338683357767046
2024-10-08 04:00:00+00:00,1.6991960712250882,1.723460139452031,2.3271146238565144
2024-10-08 08:00:00+00:00,1.7041433803637527,1.7284780948501315,2.338467151158667
2024-10-08 12:00:00+00:00,1.698675661560413,1.7229322984756765,2.325920446423705
2024-10-08 16:00:00+00:00,1.6979843856831336,1.7222311513626203,2.3243341844679275
2024-10-08 20:00:00+00:00,1.6966005320907644,1.7208275367087997,2.321158673245722
2024-10-09 00:00:00+00:00,1.7004015730374433,1.7246828555098273,2.329880873519509
2024-10-09 04:00:00+00:00,1.6984929160777895,1.7227469434361373,2.3255011026910455
2024-10-09 08:00:00+00:00,1.6972434772393359,1.721479662943189,2.3226340312935743
2024-10-09 12:00:00+00:00,1.6882947577029908,1.71240315807056,2.3269656317377874
2024-10-09 16:00:00+00:00,1.6882947577029908,1.71240315807056,2.2790185489586623
2024-10-09 20:00:00+00:00,1.6882947577029908,1.71240315807056,2.2642328548906394
2024-10-10 00:00:00+00:00,1.6882947577029908,1.71240315807056,2.2727941138030943
2024-10-10 04:00:00+00:00,1.6882947577029908,1.71240315807056,2.2740902332118753
2024-10-10 08:00:00+00:00,1.6882947577029908,1.71240315807056,2.2876078139084712
2024-10-10 12:00:00+00:00,1.6882947577029908,1.71240315807056,2.2699587825812912
2024-10-10 16:00:00+00:00,1.6882947577029908,1.71240315807056,2.230299246376206
2024-10-10 20:00:00+00:00,1.6882947577029908,1.71240315807056,2.2526708424290725
2024-10-11 00:00:00+00:00,1.6882947577029908,1.71240315807056,2.2634105976339014
2024-10-11 04:00:00+00:00,1.6882947577029908,1.71240315807056,2.265676846176654
2024-10-11 08:00:00+00:00,1.6882947577029908,1.71240315807056,2.2843542591955033
2024-10-11 12:00:00+00:00,1.6882947577029908,1.71240315807056,2.324839039967977
2024-10-11 16:00:00+00:00,1.710035632663329,1.7344544869463023,2.3557188701692393
2024-10-11 20:00:00+00:00,1.6952352584473893,1.719442767320706,2.3353301015610946
2024-10-12 00:00:00+00:00,1.6959942380961983,1.7202125849971526,2.336375660289008
2024-10-12 04:00:00+00:00,1.7014038655430856,1.7256994604860265,2.3438278801222117
2024-10-12 08:00:00+00:00,1.7059940660334194,1.7303552078192226,2.3501512699430998
2024-10-12 12:00:00+00:00,1.7119731992810743,1.7364197215003163,2.3583880322360695
2024-10-12 16:00:00+00:00,1.7077044808848432,1.7320900469400722,2.352507511219219
2024-10-12 20:00:00+00:00,1.7132940949341626,1.737759479192218,2.3602076778364705
2024-10-13 00:00:00+00:00,1.6999059649933288,1.7241801703145816,2.3417643952899074
2024-10-13 04:00:00+00:00,1.7034615135838396,1.7277864911938503,2.346662464516351
2024-10-13 08:00:00+00:00,1.6958134383012855,1.720029203429227,2.3361265932634656
2024-10-13 12:00:00+00:00,1.68681356605137,1.710900815395875,2.3237285072333997
2024-10-13 16:00:00+00:00,1.7005025772101248,1.7247853019952455,2.342586279132814
2024-10-13 20:00:00+00:00,1.7041809178652465,1.728516168377168,2.3476535048248808
2024-10-14 00:00:00+00:00,1.742445527122641,1.767327186083488,2.4010505624732548
2024-10-14 04:00:00+00:00,1.747664271187853,1.772620452426736,2.4130326654951437
2024-10-14 08:00:00+00:00,1.7525302523548651,1.777555918511367,2.424204833916731
2024-10-14 12:00:00+00:00,1.767979933660361,1.7932262171591633,2.4596769074165223
2024-10-14 16:00:00+00:00,1.7691086448238043,1.7943710460179931,2.462268399406422
2024-10-14 20:00:00+00:00,1.771460234839975,1.7967562161145092,2.4676675899946017
2024-10-15 00:00:00+00:00,1.760335924340211,1.7854730534178063,2.4421264573408314
2024-10-15 04:00:00+00:00,1.7642187557978546,1.789411330676554,2.4510413391516197
2024-10-15 08:00:00+00:00,1.7603308825468298,1.785467939628956,2.442114881512058
2024-10-15 12:00:00+00:00,1.7704520388021965,1.7957336233053038,2.4653527976537672
2024-10-15 16:00:00+00:00,1.7858730957323659,1.8113748888293026,2.5007591503192326
2024-10-15 20:00:00+00:00,1.7875638855385847,1.8130898226645187,2.504641160510443
2024-10-16 00:00:00+00:00,1.7879190880142273,1.8134500973370957,2.5054566963182157
2024-10-16 04:00:00+00:00,1.7859113157789668,1.8114136546480095,2.500846902569611
2024-10-16 08:00:00+00:00,1.8009096752575815,1.8266261867132045,2.535282752687274
2024-10-16 12:00:00+00:00,1.7985558083024642,1.824238707163659,2.5298783343054554
2024-10-16 16:00:00+00:00,1.7981981662493787,1.8238759580771218,2.5290571972902116
2024-10-16 20:00:00+00:00,1.796441833129202,1.822094544986847,2.525024701324948
2024-10-17 00:00:00+00:00,1.7961391628878232,1.8217875526948752,2.524329778184717
2024-10-17 04:00:00+00:00,1.79128895765494,1.8168680878205192,2.513193830904775
2024-10-17 08:00:00+00:00,1.7842833044322708,1.8097623957320312,2.4971090301173198
2024-10-17 12:00:00+00:00,1.795964489142933,1.8216103846553389,2.5239287317297956
2024-10-17 16:00:00+00:00,1.783755867789181,1.809227427433878,2.495898049062097
2024-10-17 20:00:00+00:00,1.7932178502195564,1.8188245244582315,2.517622518945151
2024-10-18 00:00:00+00:00,1.7953910258054255,1.8210287324138064,2.522612074560287
2024-10-18 04:00:00+00:00,1.8021291387018894,1.8278630637713469,2.5380826095950932
2024-10-18 08:00:00+00:00,1.7977753061593276,1.823447059657387,2.5280863213285776
2024-10-18 12:00:00+00:00,1.8145815551614055,1.8404932974278778,2.566673039596057
2024-10-18 16:00:00+00:00,1.8125105165511335,1.8383926849367622,2.561917987867038
2024-10-18 20:00:00+00:00,1.8095828609815159,1.8354232232238226,2.5551961654880486
2024-10-19 00:00:00+00:00,1.8099408283115936,1.8357863022322212,2.5560180493309548
2024-10-19 04:00:00+00:00,1.8082580077916872,1.8340794514826078,2.552154336417483
2024-10-19 08:00:00+00:00,1.8040905589657399,1.8298524925951924,2.5425859804017494
2024-10-19 12:00:00+00:00,1.8063126887389571,1.832106353790898,2.5476879335801357
2024-10-19 16:00:00+00:00,1.8055816286986575,1.831364854407549,2.5460094384080034
2024-10-19 20:00:00+00:00,1.8087696685006487,1.8345984185704869,2.5533290963310606
2024-10-20 00:00:00+00:00,1.805679537073354,1.8314641608878106,2.5462342335345047
2024-10-20 04:00:00+00:00,1.808769668500649,1.834598418570487,2.5533290963310606
2024-10-20 08:00:00+00:00,1.8094529128230736,1.8352914194402201,2.5548978078367623
2024-10-20 12:00:00+00:00,1.8128029405672532,1.8386892846901022,2.562589385935892
2024-10-20 16:00:00+00:00,1.8108886854672919,1.8367476945361494,2.558194305140341
2024-10-20 20:00:00+00:00,1.8194060635118932,1.845386698475189,2.5777499874906376
2024-10-21 00:00:00+00:00,1.8179097893470975,1.8438690579130508,2.574314580241779
2024-10-21 04:00:00+00:00,1.8109815520486068,1.8368418872275605,2.558407524438069
2024-10-21 08:00:00+00:00,1.8064928921927172,1.8322891305020774,2.548101676105324
2024-10-21 12:00:00+00:00,1.788462176814557,1.8140009413011342,2.514606828842784
2024-10-21 16:00:00+00:00,1.788462176814557,1.8140009413011342,2.530364145700103
2024-10-21 20:00:00+00:00,1.788462176814557,1.8140009413011342,2.5159690424997225
2024-10-22 00:00:00+00:00,1.788462176814557,1.8140009413011342,2.5164365566166325
2024-10-22 04:00:00+00:00,1.788462176814557,1.8140009413011342,2.516883906386647
2024-10-22 08:00:00+00:00,1.788462176814557,1.8140009413011342,2.513043345130722
2024-10-22 12:00:00+00:00,1.788462176814557,1.8140009413011342,2.512413022583323
2024-10-22 16:00:00+00:00,1.788462176814557,1.8140009413011342,2.5199078115933053
2024-10-22 20:00:00+00:00,1.788462176814557,1.8140009413011342,2.5177800995820014
2024-10-23 00:00:00+00:00,1.788462176814557,1.8140009413011342,2.5049383979202355
2024-10-23 04:00:00+00:00,1.788462176814557,1.8140009413011342,2.496358841730042
2024-10-23 08:00:00+00:00,1.788462176814557,1.8140009413011342,2.479990619844556
2024-10-23 12:00:00+00:00,1.788462176814557,1.8140009413011342,2.472874845873442
2024-10-23 16:00:00+00:00,1.788462176814557,1.8140009413011342,2.482156420066663
2024-10-23 20:00:00+00:00,1.788462176814557,1.8140009413011342,2.4894996030610983
2024-10-24 00:00:00+00:00,1.788462176814557,1.8140009413011342,2.509832359594534
2024-10-24 04:00:00+00:00,1.788462176814557,1.8140009413011342,2.5064686478013036
2024-10-24 08:00:00+00:00,1.788462176814557,1.8140009413011342,2.5125519325286034
2024-10-24 12:00:00+00:00,1.7987789267556928,1.8244650116890926,2.5280571950497293
2024-10-24 16:00:00+00:00,1.814948249722926,1.8408652282902649,2.5507820405870976
2024-10-24 20:00:00+00:00,1.8119854990055457,1.8378601702801813,2.5466181029531825
2024-10-25 00:00:00+00:00,1.8069298788234711,1.8327323571857614,2.5395127845693475
2024-10-25 04:00:00+00:00,1.7942820604753895,1.819903931353637,2.521737165953324
2024-10-25 08:00:00+00:00,1.8095280977513932,1.8353676779893313,2.5431643984265855
2024-10-25 12:00:00+00:00,1.7984810840909824,1.824162915910301,2.527638598144733
2024-10-25 16:00:00+00:00,1.7761625455733006,1.8015256745951673,2.4962714628934966
2024-10-25 20:00:00+00:00,1.772132768859956,1.7974383537415273,2.490607895312688
2024-10-26 00:00:00+00:00,1.777862985407507,1.8032503962582054,2.498661311414441
2024-10-26 04:00:00+00:00,1.7803602407202739,1.805783311713033,2.502171028015748
2024-10-26 08:00:00+00:00,1.7838145248272292,1.8092869220788386,2.5070257812377488
2024-10-26 12:00:00+00:00,1.7771320619725226,1.802509035430859,2.497634049964266
2024-10-26 16:00:00+00:00,1.784877034029884,1.8103646036304772,2.5085190631495085
2024-10-26 20:00:00+00:00,1.7826125264194244,1.8080677594532781,2.5053364570645056
2024-10-27 00:00:00+00:00,1.7878416446033334,1.8133715480548802,2.512685614680244
2024-10-27 04:00:00+00:00,1.7855683690999786,1.811065810781606,2.509490685938805
2024-10-27 08:00:00+00:00,1.7835498938780308,1.8090185122700277,2.5066538610616766
2024-10-27 12:00:00+00:00,1.8011906286893011,1.8269111520852483,2.5314466723973266
2024-10-27 16:00:00+00:00,1.8027319179827743,1.828474450580136,2.533612846033264
2024-10-27 20:00:00+00:00,1.807293879225481,1.8331015554167551,2.540024361518362
2024-10-28 00:00:00+00:00,1.7994795611061305,1.8251756509118158,2.529041887323125
2024-10-28 04:00:00+00:00,1.8177574294677799,1.8437145223751557,2.554730145026466
2024-10-28 08:00:00+00:00,1.8267447853790082,1.852830215339831,2.567361241287324
2024-10-28 12:00:00+00:00,1.8262196430642281,1.8522975741323862,2.557668165051903
2024-10-28 16:00:00+00:00,1.8443258201413673,1.8706623026053109,2.6000797611943884
2024-10-28 20:00:00+00:00,1.849622105698727,1.8760342177126026,2.612485688914914
2024-10-29 00:00:00+00:00,1.8651800142680734,1.8918142890808092,2.648928264962507
2024-10-29 04:00:00+00:00,1.8664526340677423,1.893105081552937,2.6519092275785545
2024-10-29 08:00:00+00:00,1.873371936308107,1.9001231895900466,2.6681168815165393
2024-10-29 12:00:00+00:00,1.8885164785815065,1.9154839919014786,2.703591195499319
2024-10-29 16:00:00+00:00,1.8906550473667452,1.917653098880509,2.7086005420475194
2024-10-29 20:00:00+00:00,1.8938475168779776,1.9208911560077586,2.7160785274350894
2024-10-30 00:00:00+00:00,1.885838126426397,1.9127673935895377,2.697317469718007
2024-10-30 04:00:00+00:00,1.8857423172694885,1.912670216303336,2.6970930480053372
2024-10-30 08:00:00+00:00,1.8818525611487416,1.9087249154991366,2.687981750519234
2024-10-30 12:00:00+00:00,1.8830856457222651,1.9099756081925987,2.690870106505095
2024-10-30 16:00:00+00:00,1.8792703369830093,1.906105817858709,2.681933193278254
2024-10-30 20:00:00+00:00,1.8876035018067718,1.9145579780610829,2.7014526544869053
2024-10-31 00:00:00+00:00,1.887746976417783,1.9147035014514018,2.7017887269351633
2024-10-31 04:00:00+00:00,1.8887584724254114,1.9157294413531494,2.704158037695381
2024-10-31 08:00:00+00:00,1.8857105934388312,1.91263803946481,2.697018738652889
2024-10-31 12:00:00+00:00,1.8572294572478085,1.883750200219665,2.6370484773304215
2024-10-31 16:00:00+00:00,1.8572294572478085,1.883750200219665,2.617334840929444
2024-10-31 20:00:00+00:00,1.8572294572478085,1.883750200219665,2.624800877074409
2024-11-01 00:00:00+00:00,1.8572294572478085,1.883750200219665,2.5903713749918804
2024-11-01 04:00:00+00:00,1.8572294572478085,1.883750200219665,2.586775773209352
2024-11-01 08:00:00+00:00,1.8572294572478085,1.883750200219665,2.6139718759638764
2024-11-01 12:00:00+00:00,1.8572294572478085,1.883750200219665,2.5910353047841057
2024-11-01 16:00:00+00:00,1.8572294572478085,1.883750200219665,2.586562927325456
2024-11-01 20:00:00+00:00,1.8572294572478085,1.883750200219665,2.5950771360951546
2024-11-02 00:00:00+00:00,1.8572294572478085,1.883750200219665,2.598959893114028
2024-11-02 04:00:00+00:00,1.8572294572478085,1.883750200219665,2.606947961795287
2024-11-02 08:00:00+00:00,1.8572294572478085,1.883750200219665,2.5992589975929774
2024-11-02 12:00:00+00:00,1.8572294572478085,1.883750200219665,2.591236948253061
2024-11-02 16:00:00+00:00,1.8572294572478085,1.883750200219665,2.5955995420452798
2024-11-02 20:00:00+00:00,1.8572294572478085,1.883750200219665,2.590548746561795
2024-11-03 00:00:00+00:00,1.8572294572478085,1.883750200219665,2.5533996715451965
2024-11-03 04:00:00+00:00,1.8572294572478085,1.883750200219665,2.554054265991637
2024-11-03 08:00:00+00:00,1.8572294572478085,1.883750200219665,2.552614382257768
2024-11-03 12:00:00+00:00,1.8572294572478085,1.883750200219665,2.542608385231635
2024-11-03 16:00:00+00:00,1.8572294572478085,1.883750200219665,2.564568852656133
2024-11-03 20:00:00+00:00,1.8572294572478085,1.883750200219665,2.568190593406859
2024-11-04 00:00:00+00:00,1.8572294572478085,1.883750200219665,2.5783425952410677
2024-11-04 04:00:00+00:00,1.8572294572478085,1.883750200219665,2.562291028284607
2024-11-04 08:00:00+00:00,1.8572294572478085,1.883750200219665,2.568814941332956
2024-11-04 12:00:00+00:00,1.8572294572478085,1.883750200219665,2.563336960426352
2024-11-04 16:00:00+00:00,1.8572294572478085,1.883750200219665,2.533836894332104
2024-11-04 20:00:00+00:00,1.8572294572478085,1.883750200219665,2.5336132194470964
2024-11-05 00:00:00+00:00,1.8572294572478085,1.883750200219665,2.548288009607194
2024-11-05 04:00:00+00:00,1.8572294572478085,1.883750200219665,2.572596876617352
2024-11-05 08:00:00+00:00,1.8542238259389408,1.8807016492946456,2.569461694088937
2024-11-05 12:00:00+00:00,1.8765887574260551,1.9033859460584834,2.600453548439619
2024-11-05 16:00:00+00:00,1.8592348899171371,1.8857842699344394,2.5764056976976084
2024-11-05 20:00:00+00:00,1.8693675005704031,1.896061571574444,2.5904468045858238
2024-11-06 00:00:00+00:00,1.96924194788326,1.9973621994468993,2.776276944608543
2024-11-06 04:00:00+00:00,1.9534352692825592,1.9813298056774173,2.7397705147957803
2024-11-06 08:00:00+00:00,1.96800475725427,1.99610734206459,2.7734195819706877
2024-11-06 12:00:00+00:00,1.968424968760379,1.996533554079308,2.7743900845184903
2024-11-06 16:00:00+00:00,1.9930903655723944,2.0215511662013905,2.8313562315673635
2024-11-06 20:00:00+00:00,1.9890230932954902,2.01742581435751,2.8219626332247234
2024-11-07 00:00:00+00:00,1.9805512800992269,2.008833025920731,2.802396495287147
2024-11-07 04:00:00+00:00,1.9758555499061068,2.0040702419486442,2.7915514373818646
2024-11-07 08:00:00+00:00,1.975668322155405,2.00388034063543,2.791119024165106
2024-11-07 12:00:00+00:00,1.9969083242123526,2.0254236442758606,2.840174025781988
2024-11-07 16:00:00+00:00,2.004518695736994,2.03314268988293,2.8577506148258767
2024-11-07 20:00:00+00:00,1.9936455815446827,2.022114310510179,2.8326385346643828
2024-11-08 00:00:00+00:00,1.9941775153096297,2.022653840147894,2.833867066169681
2024-11-08 04:00:00+00:00,1.9983440603317246,2.026879882325378,2.8434899406047998
2024-11-08 08:00:00+00:00,1.9948835805836493,2.0233699878463445,2.8354977643713952
2024-11-08 12:00:00+00:00,2.002858706689969,2.0314589966335617,2.853916775018917
2024-11-08 16:00:00+00:00,2.0106980199201305,2.0394102531728504,2.872022118048065
2024-11-08 20:00:00+00:00,2.0041854691444234,2.0328047049031936,2.8569810089193663
2024-11-09 00:00:00+00:00,2.0014641994794307,2.030044576230736,2.8506960807231123
2024-11-09 04:00:00+00:00,2.004497515395593,2.0331212070918836,2.857701697613964
2024-11-09 08:00:00+00:00,2.0038189360607954,2.032432937824561,2.856134479763588
2024-11-09 12:00:00+00:00,2.0011154514152993,2.0296908481369513,2.849890627088787
2024-11-09 16:00:00+00:00,1.9992564318319057,2.0278052822480603,2.8455971148553765
2024-11-09 20:00:00+00:00,2.0068965528437053,2.0355545021570567,2.863242412044243
2024-11-10 00:00:00+00:00,2.015441446301901,2.044221414422483,2.8829773330336104
2024-11-10 04:00:00+00:00,2.0417375677197698,2.070893037464321,2.9437097319859604
2024-11-10 08:00:00+00:00,2.058093965104914,2.0874829998563653,2.9814857688254754
2024-11-10 12:00:00+00:00,2.055669058537535,2.085023466267778,2.9758853081821734
2024-11-10 16:00:00+00:00,2.056557662784389,2.0859247595470736,2.9779375905995353
2024-11-10 20:00:00+00:00,2.066598438064254,2.096108914428956,3.0011273363569932
2024-11-11 00:00:00+00:00,2.0866828988999013,2.116480176026605,3.0475135493208763
2024-11-11 04:00:00+00:00,2.0785481926640985,2.108229308348074,3.028725979221765
2024-11-11 08:00:00+00:00,2.0951189803751764,2.125036722502918,3.0669971628017136
2024-11-11 12:00:00+00:00,2.1262514953221845,2.1566138014879104,3.1388994896926623
2024-11-11 16:00:00+00:00,2.1592777914816024,2.190111704377632,3.2151756127907727
2024-11-11 20:00:00+00:00,2.2004384705128324,2.231860146964342,3.3102385591603314
2024-11-12 00:00:00+00:00,2.190728981641593,2.2220120091729396,3.2878139383434064
2024-11-12 04:00:00+00:00,2.2058606379113956,2.2373597414720687,3.322761365410084
2024-11-12 08:00:00+00:00,2.1763084027876682,2.2073855082861735,3.2545087853072157
2024-11-12 12:00:00+00:00,2.167843541917208,2.1987997714525616,3.2349587041643897
2024-11-12 16:00:00+00:00,2.2013485784650784,2.232783251016227,3.312340505617269
2024-11-12 20:00:00+00:00,2.189185726995264,2.2204467172604803,3.284249703322715
2024-11-13 00:00:00+00:00,2.175992314486613,2.2070649063282,3.253778761266833
2024-11-13 04:00:00+00:00,2.1795493183859564,2.2106727032977243,3.2619938655575824
2024-11-13 08:00:00+00:00,2.1846162704405714,2.2158120100808123,3.273696281619755
2024-11-13 12:00:00+00:00,2.263365426496118,2.2956856831522017,3.4555719691679716
2024-11-13 16:00:00+00:00,2.2254267462697115,2.2572052486567955,3.3679504136305054
2024-11-13 20:00:00+00:00,2.228364346444583,2.2601847969813087,3.3747349695331703
2024-11-14 00:00:00+00:00,2.221279764769063,2.2529990493626437,3.358372722268987
2024-11-14 04:00:00+00:00,2.2347381740682155,2.266649641169154,3.38945568959453
2024-11-14 08:00:00+00:00,2.246418728145678,2.2784969904539873,3.416432598430024
2024-11-14 12:00:00+00:00,2.1891207308331038,2.220380792970401,3.2840995909624944
2024-11-14 16:00:00+00:00,2.213631721339489,2.245241793905852,3.340709127802383
2024-11-14 20:00:00+00:00,2.17905764343787,2.210174007362073,3.2608583140963026
2024-11-15 00:00:00+00:00,2.19348970171347,2.2248121515936052,3.2941899795145226
2024-11-15 04:00:00+00:00,2.183688377468829,2.2148708670440804,3.2715532596413635
2024-11-15 08:00:00+00:00,2.218114516344633,2.2497886020320803,3.3510623996917146
2024-11-15 12:00:00+00:00,2.1971631166495187,2.2285380219184954,3.3026739417638775
2024-11-15 16:00:00+00:00,2.2284078389013517,2.260228910498799,3.374835417853816
2024-11-15 20:00:00+00:00,2.238984751678045,2.270956858778452,3.3992634038761897
2024-11-16 00:00:00+00:00,2.242541108849407,2.274563999784891,3.407477014511613
2024-11-16 04:00:00+00:00,2.240366486010945,2.272358323910341,3.4024545984793138
2024-11-16 08:00:00+00:00,2.2412098192990806,2.2732136997736614,3.404402325023884
2024-11-16 12:00:00+00:00,2.2307249035777836,2.262579062242902,3.3801868114715754
2024-11-16 16:00:00+00:00,2.2400869378408563,2.272074783866691,3.401808965964827
2024-11-16 20:00:00+00:00,2.2317874776517157,2.2636568095921623,3.382640887171521
2024-11-17 00:00:00+00:00,2.2263054879148454,2.2580965384990392,3.369979917804151
2024-11-17 04:00:00+00:00,2.2312034822842413,2.2630644749260744,3.3812921164125123
2024-11-17 08:00:00+00:00,2.233360158421212,2.265251947825006,3.3862730835095256
2024-11-17 12:00:00+00:00,2.2265019315392864,2.2582957872862197,3.3704336156092984
2024-11-17 16:00:00+00:00,2.2230094387561175,2.2547534226344608,3.362367503437277
2024-11-17 20:00:00+00:00,2.2199696555601376,2.2516702321424593,3.3553469499931694
2024-11-18 00:00:00+00:00,2.233107772826354,2.264995958230941,3.3856901845187135
2024-11-18 04:00:00+00:00,2.2501057243693436,2.2822366360036708,3.424947927441214
2024-11-18 08:00:00+00:00,2.226746394716369,2.258543741332489,3.370998217322372
2024-11-18 12:00:00+00:00,2.2596386565015796,2.291905695872768,3.4469647803542527
2024-11-18 16:00:00+00:00,2.2321325070299514,2.2640067658982055,3.383437752287722
2024-11-18 20:00:00+00:00,2.2298013760199185,2.2616423469569966,3.378053871666631
2024-11-19 00:00:00+00:00,2.245386226922897,2.277449745388197,3.414047977702716
2024-11-19 04:00:00+00:00,2.2484906829170463,2.280598532188735,3.4212178966793827
2024-11-19 08:00:00+00:00,2.2490082269844014,2.2811234666478013,3.4224131943536866
2024-11-19 12:00:00+00:00,2.260972209599843,2.293258291754797,3.450044697635621
2024-11-19 16:00:00+00:00,2.2744868842334025,2.3069659523497337,3.4812576129744897
2024-11-19 20:00:00+00:00,2.2596593517969943,2.2919266866914993,3.447012577324671
2024-11-20 00:00:00+00:00,2.2552810033608934,2.2874858166035574,3.4369005307704223
2024-11-20 04:00:00+00:00,2.2683835505881156,2.300775464722343,3.4671616142530595
2024-11-20 08:00:00+00:00,2.2781535085256444,2.310684935062228,3.4897258918429266
2024-11-20 12:00:00+00:00,2.2989348187615724,2.331762996884361,3.5377215184201334
2024-11-20 16:00:00+00:00,2.2869708361461307,2.3196281717773655,3.510090015138199
2024-11-20 20:00:00+00:00,2.291603995407021,2.3243274913209424,3.5207905618907307
2024-11-21 00:00:00+00:00,2.316043199107437,2.349115680353917,3.577234302989478
2024-11-21 04:00:00+00:00,2.334052794895799,2.367382448382934,3.618828496255034
2024-11-21 08:00:00+00:00,2.3512392676454543,2.3848143393950485,3.658521639704945
2024-11-21 12:00:00+00:00,2.3301722653236108,2.3634465058799536,3.6098661908876584
2024-11-21 16:00:00+00:00,2.348892291799869,2.382433849358247,3.653101164528376
2024-11-21 20:00:00+00:00,2.356770893754919,2.3904249556549724,3.6712972471185537
2024-11-22 00:00:00+00:00,2.3651683332332873,2.3989423083369346,3.690691614693687
2024-11-22 04:00:00+00:00,2.3706202501190083,2.4044720771465875,3.7032831290884163
2024-11-22 08:00:00+00:00,2.3657161118337866,2.3994979090702415,3.691956740754462
2024-11-22 12:00:00+00:00,2.362379318812212,2.396113467531285,3.6842502261020766
2024-11-22 16:00:00+00:00,2.369101086089999,2.402931219859058,3.6997745327286045
2024-11-22 20:00:00+00:00,2.366065668307895,2.3998524571178828,3.6927640614579444
2024-11-23 00:00:00+00:00,2.3624224879049907,2.396157253067233,3.6843499275950604
2024-11-23 04:00:00+00:00,2.360711569029407,2.394421902724892,3.6803984624312105
2024-11-23 08:00:00+00:00,2.358595798437279,2.39227591949111,3.6755119690335403
2024-11-23 12:00:00+00:00,2.3581109141330003,2.3917841111678553,3.6743921009531784
2024-11-23 16:00:00+00:00,2.343624207342947,2.3770905380556098,3.640934221659946
2024-11-23 20:00:00+00:00,2.3463469321458987,2.379852142645009,3.647222510580683
2024-11-24 00:00:00+00:00,2.3548788910444607,2.388505935648728,3.666927558463539
2024-11-24 04:00:00+00:00,2.3586129367287945,2.3922933025128725,3.675551550899668
2024-11-24 08:00:00+00:00,2.3400030156914196,2.373417636749862,3.6325708720781322
2024-11-24 12:00:00+00:00,2.3177148292581333,2.350811180938821,3.581095028592299
2024-11-24 16:00:00+00:00,2.324481382448653,2.3576743587102564,3.596722770850124
2024-11-24 20:00:00+00:00,2.350027461089747,2.383585228563839,3.6557229030386202
2024-11-25 00:00:00+00:00,2.3500074125223143,2.3835648937081926,3.6556765997235274
2024-11-25 04:00:00+00:00,2.3524090368823525,2.386000812625707,3.661223288775108
2024-11-25 08:00:00+00:00,2.354684710967955,2.3883089827323456,3.6664790884520304
2024-11-25 12:00:00+00:00,2.302077358376186,2.3349504111293387,3.5847936925922936
2024-11-25 16:00:00+00:00,2.302077358376186,2.3349504111293387,3.535089324322611
2024-11-25 20:00:00+00:00,2.302077358376186,2.3349504111293387,3.4731224192436603
2024-11-26 00:00:00+00:00,2.302077358376186,2.3349504111293387,3.527416416915052
2024-11-26 04:00:00+00:00,2.302077358376186,2.3349504111293387,3.5020881301451787
2024-11-26 08:00:00+00:00,2.302077358376186,2.3349504111293387,3.4487325214320896
2024-11-26 12:00:00+00:00,2.302077358376186,2.3349504111293387,3.4657657933512946
2024-11-26 16:00:00+00:00,2.302077358376186,2.3349504111293387,3.4236032642343512
2024-11-26 20:00:00+00:00,2.302077358376186,2.3349504111293387,3.434106275070074
2024-11-27 00:00:00+00:00,2.302077358376186,2.3349504111293387,3.457363982144847
2024-11-27 04:00:00+00:00,2.302077358376186,2.3349504111293387,3.4950474123541753
2024-11-27 08:00:00+00:00,2.302077358376186,2.3349504111293387,3.4864898875800345
2024-11-27 12:00:00+00:00,2.302077358376186,2.3349504111293387,3.5681935807175096
2024-11-27 16:00:00+00:00,2.326971931864193,2.360200472509427,3.608222796615679
2024-11-27 20:00:00+00:00,2.308552276325003,2.3415177891853403,3.579661119479733
2024-11-28 00:00:00+00:00,2.2991199331056875,2.331950754612102,3.5650352465315485
2024-11-28 04:00:00+00:00,2.2949834094262003,2.3277551624740176,3.558621117149631
2024-11-28 08:00:00+00:00,2.298652265353137,2.3314764086883577,3.5643100768709743
2024-11-28 12:00:00+00:00,2.287939013392412,2.320610174337366,3.547698015753586
2024-11-28 16:00:00+00:00,2.2906443581566527,2.323354150705722,3.5518929467355074
2024-11-28 20:00:00+00:00,2.303275240556905,2.3361653987491837,3.571478502192315
2024-11-29 00:00:00+00:00,2.3260657352870306,2.3592813356860223,3.6068176403681287
2024-11-29 04:00:00+00:00,2.302819372866082,2.3357030213889116,3.5707716298094794
2024-11-29 08:00:00+00:00,2.3416598780864275,2.375098158699452,3.630998053020286
2024-11-29 12:00:00+00:00,2.3604812173595278,2.394188261694396,3.6601825844270035
2024-11-29 16:00:00+00:00,2.343871065163627,2.377340920940349,3.6344267388201796
2024-11-29 20:00:00+00:00,2.3470081958600635,2.380522849029237,3.6392912008017975
2024-11-30 00:00:00+00:00,2.3272616354204847,2.360494312955494,3.608672013454851
2024-11-30 04:00:00+00:00,2.3307139963373587,2.3639959726685746,3.614025274141768
2024-11-30 08:00:00+00:00,2.318302498758205,2.3514072422031407,3.5947798986853634
2024-11-30 12:00:00+00:00,2.327391436099489,2.3606259671536907,3.6088732835099746
2024-11-30 16:00:00+00:00,2.3364045159010947,2.3697677513390603,3.622849042977695
2024-11-30 20:00:00+00:00,2.3216739449660895,2.3548268317666956,3.600007692324931
2024-12-01 00:00:00+00:00,2.3199583604814484,2.3530867491916405,3.5973474921900537
2024-12-01 04:00:00+00:00,2.32323877764172,2.3564140098369797,3.602434135401353
2024-12-01 08:00:00+00:00,2.3385528495882757,2.371946762660237,3.626180267767594
2024-12-01 12:00:00+00:00,2.33660535776805,2.3699714611744893,3.6231604701130813
2024-12-01 16:00:00+00:00,2.340234719610837,2.373652649339656,3.628788189966076
2024-12-01 20:00:00+00:00,2.3403900469539862,2.3738101947159773,3.629029041887327
2024-12-02 00:00:00+00:00,2.323498378999727,2.3566773182333733,3.6028366755115995
2024-12-02 04:00:00+00:00,2.3118485874459687,2.3448611707529055,3.5847724080039054
2024-12-02 08:00:00+00:00,2.2908659103360276,2.3235788665913244,3.5522364874603936
2024-12-02 12:00:00+00:00,2.337086511305432,2.3704594854564873,3.623906550948213
2024-12-02 16:00:00+00:00,2.3074177846760495,2.3403670972972015,3.577901966920019
2024-12-02 20:00:00+00:00,2.3080106775734643,2.3409684565475923,3.5788213117729195
2024-12-03 00:00:00+00:00,2.3137599566282527,2.346799833779044,3.5877361935837078
2024-12-03 04:00:00+00:00,2.3010120368810694,2.3338698771264466,3.56796915900484
2024-12-03 08:00:00+00:00,2.2874783293498626,2.3201429118491435,3.5469836750941215
2024-12-03 12:00:00+00:00,2.304203833169591,2.3371072514175437,3.572918385926185
2024-12-03 16:00:00+00:00,2.2980885113836615,2.3309046044620496,3.563435915091673
2024-12-03 20:00:00+00:00,2.3082290991242185,2.341189997100031,3.579159998117998
2024-12-04 00:00:00+00:00,2.306317729941935,2.339251334073893,3.5761962125381945
2024-12-04 04:00:00+00:00,2.326028408561158,2.359243475944423,3.6067597612242634
2024-12-04 08:00:00+00:00,2.316434235923864,2.3495123010721346,3.59188295418138
2024-12-04 12:00:00+00:00,2.305655240762085,2.3385793847246537,3.5751689510880196
2024-12-04 16:00:00+00:00,2.340979086770021,2.3744076458640087,3.6299424121189254
2024-12-04 20:00:00+00:00,2.374156043996293,2.4080583612205713,3.681386888842921
2024-12-05 00:00:00+00:00,2.448887101308295,2.4838565581664254,3.8448181736030804
2024-12-05 04:00:00+00:00,2.438369634045214,2.4731889042665176,3.817637380815644
2024-12-05 08:00:00+00:00,2.4431495259882006,2.478037051795888,3.8299902837721103
2024-12-05 12:00:00+00:00,2.424728425543493,2.459352902933417,3.7823837544072196
2024-12-05 16:00:00+00:00,2.3920156201330114,2.426172967357197,3.6978424895649535
2024-12-05 20:00:00+00:00,2.365780699768757,2.399563419303751,3.620083913556195
2024-12-06 00:00:00+00:00,2.365780699768757,2.399563419303751,3.649570910166344
2024-12-06 04:00:00+00:00,2.365780699768757,2.399563419303751,3.6646288229174555
2024-12-06 08:00:00+00:00,2.365780699768757,2.399563419303751,3.6620552547914627
2024-12-06 12:00:00+00:00,2.365780699768757,2.399563419303751,3.7083723861965368
2024-12-06 16:00:00+00:00,2.415555096350066,2.450048581037508,3.787909532284243
2024-12-06 20:00:00+00:00,2.3750938301180478,2.409009538678869,3.7244609211223056
2024-12-07 00:00:00+00:00,2.364587450296238,2.3983531305459467,3.707985529467209
2024-12-07 04:00:00+00:00,2.3671013518800383,2.4009029299761333,3.7119276592852737
2024-12-07 08:00:00+00:00,2.3722163093509137,2.406090927680065,3.719948588383696
2024-12-07 12:00:00+00:00,2.3754550680362656,2.409375934978536,3.725027389904536
2024-12-07 16:00:00+00:00,2.3831094066276903,2.417139575490416,3.737030404100983
2024-12-07 20:00:00+00:00,2.377264353272006,2.41121105632651,3.727864588195496
2024-12-08 00:00:00+00:00,2.379713008191606,2.413694677387475,3.731704402623758
2024-12-08 04:00:00+00:00,2.373528624556778,2.4074219823982377,3.7220064720085286
2024-12-08 08:00:00+00:00,2.3741489441197032,2.4080511599596317,3.7229792150393197
2024-12-08 12:00:00+00:00,2.379169841618465,2.4131437545400507,3.73085264567434
2024-12-08 16:00:00+00:00,2.383669718309672,2.4177078882742777,3.7379090468462617
2024-12-08 20:00:00+00:00,2.407687396404176,2.442068532427735,3.775571939294863
2024-12-09 00:00:00+00:00,2.359615606858882,2.3933102905058905,3.700189022081456
2024-12-09 04:00:00+00:00,2.371180697151619,2.4050405272138446,3.718324611630947
2024-12-09 08:00:00+00:00,2.335746519707667,2.3691003591348943,3.662759139863647
2024-12-09 12:00:00+00:00,2.3291630360392643,2.3624228650696892,3.652435367666995
2024-12-09 16:00:00+00:00,2.3115016689210215,2.3445092983236373,3.624740010619892
2024-12-09 20:00:00+00:00,2.3164106469592936,2.349488375263421,3.632437936754155
2024-12-10 00:00:00+00:00,2.308207664884959,2.3411682567855325,3.6195745770901677
2024-12-10 04:00:00+00:00,2.3145049204863226,2.3475554355229846,3.629449505861479
2024-12-10 08:00:00+00:00,2.3270322800127565,2.3602616824135083,3.6490940607036486
2024-12-10 12:00:00+00:00,2.2778893974179284,2.3104170525180936,3.5720315280766144
2024-12-10 16:00:00+00:00,2.2825973966803432,2.3151922807585237,3.579414292937178
2024-12-10 20:00:00+00:00,2.300135414265537,2.3329807365729827,3.606916221619617
2024-12-11 00:00:00+00:00,2.3193148378957362,2.352434037274461,3.6369920918418797
2024-12-11 04:00:00+00:00,2.317794876371687,2.350892371103875,3.634608591356069
2024-12-11 08:00:00+00:00,2.3406076343170916,2.374030889168789,3.6703820098177977
2024-12-11 12:00:00+00:00,2.3898767239631096,2.424003528318537,3.747642451775472
2024-12-11 16:00:00+00:00,2.4079998183874993,2.442385415713934,3.7760618582416554
2024-12-11 20:00:00+00:00,2.408054349358674,2.4424407253728817,3.776147370009045
2024-12-12 00:00:00+00:00,2.405693801248395,2.440046469263055,3.7724457186983997
2024-12-12 04:00:00+00:00,2.393171204252195,2.427345052910431,3.752808632132859
2024-12-12 08:00:00+00:00,2.3898000472263488,2.4239257566583565,3.7475222125217615
2024-12-12 12:00:00+00:00,2.424059784714698,2.45867471409132,3.8012460072726086
2024-12-12 16:00:00+00:00,2.368913970886942,2.402741432700635,3.7147700853698713
2024-12-12 20:00:00+00:00,2.3813672730682436,2.415372564726823,3.734298508510475
2024-12-13 00:00:00+00:00,2.3748140314668245,2.4087257445772794,3.724022159870411
2024-12-13 04:00:00+00:00,2.3843607614465663,2.418408799323477,3.7389926937849753
2024-12-13 08:00:00+00:00,2.3896797933379506,2.423803785576397,3.7473336385369054
2024-12-13 12:00:00+00:00,2.3782447201205907,2.4122054225530962,3.7294019329393575
2024-12-13 16:00:00+00:00,2.416087309103669,2.4505883936477617,3.788744112197414
2024-12-13 20:00:00+00:00,2.415180285220682,2.4496684177048254,3.78732177891362
2024-12-14 00:00:00+00:00,2.430985932433407,2.4656997653583854,3.8121071219726415
2024-12-14 04:00:00+00:00,2.4246993925250684,2.4593234553312064,3.8022489968237427
2024-12-14 08:00:00+00:00,2.4189841181182494,2.453526568325058,3.7932866914563674
2024-12-14 12:00:00+00:00,2.419963532460787,2.4545199684440653,3.794822542544906
2024-12-14 16:00:00+00:00,2.412543986609878,2.4469944734506246,3.783187714386217
2024-12-14 20:00:00+00:00,2.415079081453218,2.4495657687744634,3.787163078035277
2024-12-15 00:00:00+00:00,2.422551967642743,2.4571453657923774,3.798881550892199
2024-12-15 04:00:00+00:00,2.4225107717562224,2.4571035816395477,3.7988169502993667
2024-12-15 08:00:00+00:00,2.4448791856308336,2.4797914105184504,3.833893578551708
2024-12-15 12:00:00+00:00,2.4456547636793733,2.4805780636153636,3.83510978740057
2024-12-15 16:00:00+00:00,2.4587264804115065,2.4938364409877862,3.855607966261315
2024-12-15 20:00:00+00:00,2.4907951031597717,2.526362995144607,3.9008298748989003
2024-12-16 00:00:00+00:00,2.4924851822637657,2.528077208128959,3.9052469871105036
2024-12-16 04:00:00+00:00,2.498350381122338,2.5340261604681795,3.9205759983032094
2024-12-16 08:00:00+00:00,2.480708064125029,2.516131915873725,3.8744668584022244
2024-12-16 12:00:00+00:00,2.517484608340621,2.553433619364994,3.9705843254316493
2024-12-16 16:00:00+00:00,2.521072365241491,2.5570726084807323,3.9799611201518768
2024-12-16 20:00:00+00:00,2.5135790954225663,2.5494723367606094,3.960377058350394
2024-12-17 00:00:00+00:00,2.5251210398183677,2.561179097054372,3.990542547892193
2024-12-17 04:00:00+00:00,2.524253211559203,2.5602988764383476,3.988274432280283
2024-12-17 08:00:00+00:00,2.524289787791397,2.5603359749694152,3.988370026221121
2024-12-17 12:00:00+00:00,2.5195771688746555,2.555556061107223,3.9760533444063
2024-12-17 16:00:00+00:00,2.5195403068906472,2.5555186727438817,3.9759570036377996
2024-12-17 20:00:00+00:00,2.514651807732379,2.550560367117065,3.963180649396528
2024-12-18 00:00:00+00:00,2.495081237494094,2.53071033433791,3.912031916426999
2024-12-18 04:00:00+00:00,2.487748417318739,2.523272803439617,3.892867198358176
2024-12-18 08:00:00+00:00,2.4988581620958428,2.5345411924190118,3.9219031110599967
2024-12-18 12:00:00+00:00,2.4902886080694286,2.5258492674390083,3.899506122866595
2024-12-18 16:00:00+00:00,2.4672752999758867,2.5025073354231506,3.839359610215708
2024-12-18 20:00:00+00:00,2.4612659819080585,2.496412205890675,3.7417563295511505
2024-12-19 00:00:00+00:00,2.4612659819080585,2.496412205890675,3.778692185270021
2024-12-19 04:00:00+00:00,2.4612659819080585,2.496412205890675,3.795996929044653
2024-12-19 08:00:00+00:00,2.4612659819080585,2.496412205890675,3.8256243292554077
2024-12-19 12:00:00+00:00,2.4612659819080585,2.496412205890675,3.75952522671821
2024-12-19 16:00:00+00:00,2.4612659819080585,2.496412205890675,3.6295719855981776
2024-12-19 20:00:00+00:00,2.4612659819080585,2.496412205890675,3.6393606557744365
2024-12-20 00:00:00+00:00,2.4612659819080585,2.496412205890675,3.6260730979979816
2024-12-20 04:00:00+00:00,2.4612659819080585,2.496412205890675,3.653201986262854
2024-12-20 08:00:00+00:00,2.4612659819080585,2.496412205890675,3.4624416634241917
2024-12-20 12:00:00+00:00,2.4612659819080585,2.496412205890675,3.6218012437667917
2024-12-20 16:00:00+00:00,2.4612659819080585,2.496412205890675,3.6264457650017157
2024-12-20 20:00:00+00:00,2.4612659819080585,2.496412205890675,3.652190408193597
2024-12-21 00:00:00+00:00,2.4612659819080585,2.496412205890675,3.640316595182814
2024-12-21 04:00:00+00:00,2.4612659819080585,2.496412205890675,3.6982905861626296
2024-12-21 08:00:00+00:00,2.440956938303736,2.4758131545421116,3.669241977390541
2024-12-21 12:00:00+00:00,2.422720698057466,2.4573165056325736,3.641829294613806
2024-12-21 16:00:00+00:00,2.421751361464697,2.4563333271709227,3.632160116863594
2024-12-21 20:00:00+00:00,2.421751361464697,2.4563333271709227,3.6330174750204836
2024-12-22 00:00:00+00:00,2.421751361464697,2.4563333271709227,3.6219039325704254
2024-12-22 04:00:00+00:00,2.421751361464697,2.4563333271709227,3.5926234338090395
2024-12-22 08:00:00+00:00,2.421751361464697,2.4563333271709227,3.6258960998418983
2024-12-22 12:00:00+00:00,2.421751361464697,2.4563333271709227,3.5615359855175197
2024-12-22 16:00:00+00:00,2.421751361464697,2.4563333271709227,3.5413279492037715
2024-12-22 20:00:00+00:00,2.421751361464697,2.4563333271709227,3.5543869777154113
2024-12-23 00:00:00+00:00,2.421751361464697,2.4563333271709227,3.5857119172037
2024-12-23 04:00:00+00:00,2.421751361464697,2.4563333271709227,3.5625176904802647
2024-12-23 08:00:00+00:00,2.421751361464697,2.4563333271709227,3.5822492507451495
2024-12-23 12:00:00+00:00,2.421751361464697,2.4563333271709227,3.482097794095134
2024-12-23 16:00:00+00:00,2.421751361464697,2.4563333271709227,3.4744211525492603
2024-12-23 20:00:00+00:00,2.421751361464697,2.4563333271709227,3.5430053241344095
2024-12-24 00:00:00+00:00,2.421751361464697,2.4563333271709227,3.523112822508192
2024-12-24 04:00:00+00:00,2.421751361464697,2.4563333271709227,3.5187976522725606
2024-12-24 08:00:00+00:00,2.421751361464697,2.4563333271709227,3.5249742904577097
2024-12-24 12:00:00+00:00,2.421751361464697,2.4563333271709227,3.6706579626392006
2024-12-24 16:00:00+00:00,2.421751361464697,2.4563333271709227,3.6438128688861897
2024-12-24 20:00:00+00:00,2.421751361464697,2.4563333271709227,3.6842345427211574
2024-12-25 00:00:00+00:00,2.405224556447423,2.4395705237710583,3.66055637167223
2024-12-25 04:00:00+00:00,2.404262711883971,2.438594944322912,3.6626045465374464
2024-12-25 08:00:00+00:00,2.404262711883971,2.438594944322912,3.6560055773089863
2024-12-25 12:00:00+00:00,2.404262711883971,2.438594944322912,3.678872320102286
2024-12-25 16:00:00+00:00,2.4154621697359935,2.4499543274560884,3.6974884932527865
2024-12-25 20:00:00+00:00,2.4254900734931404,2.4601254270133297,3.7128387890338823
2024-12-26 00:00:00+00:00,2.4148925688000946,2.4493765927702325,3.6966165719564725
2024-12-26 04:00:00+00:00,2.3837857713080304,2.417825598478605,3.6489995870043033
2024-12-26 08:00:00+00:00,2.382832256999507,2.4168584682392136,3.5734139060804475
2024-12-26 12:00:00+00:00,2.382832256999507,2.4168584682392136,3.5863739799267673
2024-12-26 16:00:00+00:00,2.382832256999507,2.4168584682392136,3.588590937843775
2024-12-26 20:00:00+00:00,2.382832256999507,2.4168584682392136,3.5769908371714063
2024-12-27 00:00:00+00:00,2.382832256999507,2.4168584682392136,3.6003755049488544
2024-12-27 04:00:00+00:00,2.382832256999507,2.4168584682392136,3.551343281575688
2024-12-27 08:00:00+00:00,2.382832256999507,2.4168584682392136,3.620335967892386
2024-12-27 12:00:00+00:00,2.382832256999507,2.4168584682392136,3.5315146337146395
2024-12-27 16:00:00+00:00,2.382832256999507,2.4168584682392136,3.5380960524930236
2024-12-27 20:00:00+00:00,2.382832256999507,2.4168584682392136,3.5212562089384822
2024-12-28 00:00:00+00:00,2.382832256999507,2.4168584682392136,3.5323047773818774
2024-12-28 04:00:00+00:00,2.382832256999507,2.4168584682392136,3.524354050083758
2024-12-28 08:00:00+00:00,2.382832256999507,2.4168584682392136,3.5382764113735887
2024-12-28 12:00:00+00:00,2.382832256999507,2.4168584682392136,3.526792442402784
2024-12-28 16:00:00+00:00,2.382832256999507,2.4168584682392136,3.5484679950739255
2024-12-28 20:00:00+00:00,2.382832256999507,2.4168584682392136,3.558633813219896
2024-12-29 00:00:00+00:00,2.382832256999507,2.4168584682392136,3.5538690527312613
2024-12-29 04:00:00+00:00,2.382832256999507,2.4168584682392136,3.5575897481473078
2024-12-29 08:00:00+00:00,2.382832256999507,2.4168584682392136,3.5486476071268283
2024-12-29 12:00:00+00:00,2.382832256999507,2.4168584682392136,3.5291759428885956
2024-12-29 16:00:00+00:00,2.382832256999507,2.4168584682392136,3.495634792310962
2024-12-29 20:00:00+00:00,2.382832256999507,2.4168584682392136,3.5003140410322064
2024-12-30 00:00:00+00:00,2.382832256999507,2.4168584682392136,3.4997356230073717
2024-12-30 04:00:00+00:00,2.382832256999507,2.4168584682392136,3.5000694549726408
2024-12-30 08:00:00+00:00,2.3790886046894375,2.4168584682392136,3.5072199564300757
2024-12-30 12:00:00+00:00,2.4076744307799336,2.4168584682392136,3.4402694703572916
2024-12-30 16:00:00+00:00,2.371561859219769,2.4168584682392136,3.5256628655628064
2024-12-30 20:00:00+00:00,2.393936555301111,2.4168584682392136,3.464983491374515
2024-12-31 00:00:00+00:00,2.3978489609125435,2.4168584682392136,3.454436044292856
2024-12-31 04:00:00+00:00,2.3928317325749022,2.4168584682392136,3.4675488443962172
2024-12-31 08:00:00+00:00,2.373053072370411,2.4168584682392136,3.518778608167159
2024-12-31 12:00:00+00:00,2.356720540771605,2.4168584682392136,3.5628160481315505
2024-12-31 16:00:00+00:00,2.373551062534317,2.4168584682392136,3.5163215451565626
2024-12-31 20:00:00+00:00,2.3816598328005414,2.4168584682392136,3.4942572686869364
2025-01-01 00:00:00+00:00,2.3779596533158682,2.4168584682392136,3.5040422047248807
2025-01-01 04:00:00+00:00,2.380146731286207,2.4168584682392136,3.498293872204345
2025-01-01 08:00:00+00:00,2.383634733963474,2.4168584682392136,3.489352104597696
2025-01-01 12:00:00+00:00,2.368813523780617,2.4168584682392136,3.526256593554729
2025-01-01 16:00:00+00:00,2.365954767806142,2.4168584682392136,3.5335056762636525
2025-01-01 20:00:00+00:00,2.366468962031433,2.4168584682392136,3.532188272266481
2025-01-02 00:00:00+00:00,2.360052228078951,2.4168584682392136,3.5478171347658
2025-01-02 04:00:00+00:00,2.347502035686208,2.4168584682392136,3.5781260152188556
2025-01-02 08:00:00+00:00,2.3335206332300515,2.4168584682392136,3.612143641845353
2025-01-02 12:00:00+00:00,2.3377364581008497,2.4168584682392136,3.60176348416016
2025-01-02 16:00:00+00:00,2.324326023497055,2.4168584682392136,3.6339790156363323
2025-01-02 20:00:00+00:00,2.3294503995743026,2.4168584682392136,3.621546202119946
2025-01-03 00:00:00+00:00,2.3282165853950354,2.4168584682392136,3.6244405327271103
2025-01-03 04:00:00+00:00,2.3403824655709036,2.4168584682392136,3.596124561892224
2025-01-03 08:00:00+00:00,2.3329656796297207,2.4168584682392136,3.61306186645676
2025-01-03 12:00:00+00:00,2.3203583133303787,2.4168584682392136,3.6415820946574207
2025-01-03 16:00:00+00:00,2.3019112910922,2.4168584682392136,3.681562019929845
2025-01-03 20:00:00+00:00,2.3019112910922,2.4168584682392136,3.6659596698125556
2025-01-04 00:00:00+00:00,2.3019112910922,2.4168584682392136,3.666923824325225
2025-01-04 04:00:00+00:00,2.3019112910922,2.4168584682392136,3.6696079229453114
2025-01-04 08:00:00+00:00,2.292034933722949,2.4064889296581216,3.655325217308181
2025-01-04 12:00:00+00:00,2.2911183538011914,2.405526579825489,3.6466825541804817
2025-01-04 16:00:00+00:00,2.2911183538011914,2.405526579825489,3.665663926058088
2025-01-04 20:00:00+00:00,2.2911183538011914,2.405526579825489,3.667689322679589
2025-01-05 00:00:00+00:00,2.28944294000699,2.4037675033432673,3.6664742340722216
2025-01-05 04:00:00+00:00,2.288527395907136,2.402806241056862,3.6694917912437464
2025-01-05 08:00:00+00:00,2.2730127080855262,2.386516818962775,3.646073516221472
2025-01-05 12:00:00+00:00,2.2721032703040565,2.3855619679170426,3.660537700980661
2025-01-05 16:00:00+00:00,2.2721032703040565,2.3855619679170426,3.6624290420366905
2025-01-05 20:00:00+00:00,2.2721032703040565,2.3855619679170426,3.6730332480207215
2025-01-06 00:00:00+00:00,2.2867560192767926,2.4009464097827142,3.6981998466016
2025-01-06 04:00:00+00:00,2.293247250025884,2.407761783627026,3.7086976296436833
2025-01-06 08:00:00+00:00,2.2918916488546137,2.4063384897828985,3.706505317039548
2025-01-06 12:00:00+00:00,2.343248937118479,2.4602603318307,3.814345737891872
2025-01-06 16:00:00+00:00,2.3386670467211954,2.45544964227456,3.8019958222460564
2025-01-06 20:00:00+00:00,2.3444632288166063,2.461535259837217,3.8176187101240724
2025-01-07 00:00:00+00:00,2.3371550353585753,2.453862127812137,3.797920383690182
2025-01-07 04:00:00+00:00,2.3365555784073146,2.4532327366559246,3.796304622041724
2025-01-07 08:00:00+00:00,2.3250021435909556,2.441102374864303,3.765163775572314
2025-01-07 12:00:00+00:00,2.2925489185080403,2.4070285805496225,3.6576728700661776
2025-01-07 16:00:00+00:00,2.2925489185080403,2.4070285805496225,3.6016503397692468
2025-01-07 20:00:00+00:00,2.2925489185080403,2.4070285805496225,3.620419239176788
2025-01-08 00:00:00+00:00,2.2925489185080403,2.4070285805496225,3.6043844758427404
2025-01-08 04:00:00+00:00,2.2925489185080403,2.4070285805496225,3.571968047725276
2025-01-08 08:00:00+00:00,2.2925489185080403,2.4070285805496225,3.5524694976911837
2025-01-08 12:00:00+00:00,2.2925489185080403,2.4070285805496225,3.5658694530308894
2025-01-08 16:00:00+00:00,2.2925489185080403,2.4070285805496225,3.519197205072156
2025-01-08 20:00:00+00:00,2.2925489185080403,2.4070285805496225,3.549694659510067
2025-01-09 00:00:00+00:00,2.2925489185080403,2.4070285805496225,3.511131839727797
2025-01-09 04:00:00+00:00,2.2925489185080403,2.4070285805496225,3.4810231090883708
2025-01-09 08:00:00+00:00,2.2925489185080403,2.4070285805496225,3.490120963676544
2025-01-09 12:00:00+00:00,2.2925489185080403,2.4070285805496225,3.519202059451964
2025-01-09 16:00:00+00:00,2.2925489185080403,2.4070285805496225,3.4320312144089953
2025-01-09 20:00:00+00:00,2.2925489185080403,2.4070285805496225,3.4560379896295528
2025-01-10 00:00:00+00:00,2.2925489185080403,2.4070285805496225,3.4987430890435176
2025-01-10 04:00:00+00:00,2.2925489185080403,2.4070285805496225,3.528485500714343
2025-01-10 08:00:00+00:00,2.2925489185080403,2.4070285805496225,3.5501927935611532
2025-01-10 12:00:00+00:00,2.2925489185080403,2.4070285805496225,3.5000421957629504
2025-01-10 16:00:00+00:00,2.2925489185080403,2.4070285805496225,3.55964427104766
2025-01-10 20:00:00+00:00,2.2925489185080403,2.4070285805496225,3.5372039668498165
2025-01-11 00:00:00+00:00,2.2925489185080403,2.4070285805496225,3.517817814378974
2025-01-11 04:00:00+00:00,2.2925489185080403,2.4070285805496225,3.5192894382885127
2025-01-11 08:00:00+00:00,2.2925489185080403,2.4070285805496225,3.5334526514995948
2025-01-11 12:00:00+00:00,2.2925489185080403,2.4070285805496225,3.52540969098512
2025-01-11 16:00:00+00:00,2.2925489185080403,2.4070285805496225,3.5193977282996176
2025-01-11 20:00:00+00:00,2.2925489185080403,2.4070285805496225,3.532494471608229
2025-01-12 00:00:00+00:00,2.2925489185080403,2.4070285805496225,3.533331292004391
2025-01-12 04:00:00+00:00,2.2925489185080403,2.4070285805496225,3.5221830220680133
2025-01-12 08:00:00+00:00,2.2925489185080403,2.4070285805496225,3.519615801977154
2025-01-12 12:00:00+00:00,2.2925489185080403,2.4070285805496225,3.550116243725716
2025-01-12 16:00:00+00:00,2.2925489185080403,2.4070285805496225,3.5343716229386644
2025-01-12 20:00:00+00:00,2.2925489185080403,2.4070285805496225,3.5304433094323606
2025-01-13 00:00:00+00:00,2.2925489185080403,2.4070285805496225,3.520143435720918
2025-01-13 04:00:00+00:00,2.2925489185080403,2.4070285805496225,3.4947890099828474
2025-01-13 08:00:00+00:00,2.2925489185080403,2.4070285805496225,3.3925102147353594
2025-01-13 12:00:00+00:00,2.2925489185080403,2.4070285805496225,3.440028245022208
2025-01-13 16:00:00+00:00,2.2925489185080403,2.4070285805496225,3.4470644818472342
2025-01-13 20:00:00+00:00,2.2925489185080403,2.4070285805496225,3.5301087306394274
2025-01-14 00:00:00+00:00,2.2925489185080403,2.4070285805496225,3.5422558825747936
2025-01-14 04:00:00+00:00,2.2925489185080403,2.4070285805496225,3.5423529701709575
2025-01-14 08:00:00+00:00,2.2925489185080403,2.4070285805496225,3.6052373530336523
2025-01-14 12:00:00+00:00,2.2925489185080403,2.4070285805496225,3.6023848447756053
2025-01-14 16:00:00+00:00,2.2925489185080403,2.4070285805496225,3.6048549772703016
2025-01-14 20:00:00+00:00,2.2925489185080403,2.4070285805496225,3.6057160695655046
2025-01-15 00:00:00+00:00,2.2925489185080403,2.4070285805496225,3.6339558639787857
2025-01-15 04:00:00+00:00,2.2925489185080403,2.4070285805496225,3.633366990366672
2025-01-15 08:00:00+00:00,2.2925489185080403,2.4070285805496225,3.6132336368192024
2025-01-15 12:00:00+00:00,2.2925489185080403,2.4070285805496225,3.696513883152839
2025-01-15 16:00:00+00:00,2.2925489185080403,2.4070285805496225,3.728346665451828
2025-01-15 20:00:00+00:00,2.2925489185080403,2.4070285805496225,3.7527100508813698
2025-01-16 00:00:00+00:00,2.2925489185080403,2.4070285805496225,3.7146472322193413
2025-01-16 04:00:00+00:00,2.2925489185080403,2.4070285805496225,3.726669663935021
2025-01-16 08:00:00+00:00,2.276906441821683,2.3906049883851654,3.702723381755151
2025-01-16 12:00:00+00:00,2.280062831809943,2.3939189944034305,3.7078563282815433
2025-01-16 16:00:00+00:00,2.305804195614246,2.420945767040241,3.7497171390227173
2025-01-16 20:00:00+00:00,2.2959327271437595,2.4105813614877003,3.733664078410931
2025-01-17 00:00:00+00:00,2.3203744279673,2.4362435717744897,3.773411366866394
2025-01-17 04:00:00+00:00,2.329301459363604,2.4456163792800987,3.787928576389642
2025-01-17 08:00:00+00:00,2.34760466363861,2.464833563894963,3.8176933928903516
2025-01-17 12:00:00+00:00,2.3825435357985394,2.5015171274089973,3.8835038465358784
2025-01-17 16:00:00+00:00,2.407824001451784,2.5280599866979343,3.9520226707005324
2025-01-17 20:00:00+00:00,2.3836110045732677,2.502637900810547,3.886397056901547
2025-01-18 00:00:00+00:00,2.3764790235984847,2.4951497805337457,3.867066916505415
2025-01-18 04:00:00+00:00,2.366310377772927,2.484473357915234,3.8395063618514462
2025-01-18 08:00:00+00:00,2.376885041987634,2.4955760736693122,3.8681673670665435
2025-01-18 12:00:00+00:00,2.3903822946275244,2.5097473188719044,3.904749599887081
2025-01-18 16:00:00+00:00,2.3878066197767813,2.5070430263135686,3.8977686283091013
2025-01-18 20:00:00+00:00,2.3902069090118525,2.509563175281278,3.904274244079712
2025-01-19 00:00:00+00:00,2.3961005821204426,2.51575115212324,3.920248140959242
2025-01-19 04:00:00+00:00,2.398623351962216,2.518399897832557,3.927085721625965
2025-01-19 08:00:00+00:00,2.3875478812172903,2.5067713675050873,3.897067357133737
2025-01-19 12:00:00+00:00,2.3954439538059926,2.5150617347210984,3.9184684506388012
2025-01-19 16:00:00+00:00,2.4128536971873333,2.5333408429925126,3.965654889443369
2025-01-19 20:00:00+00:00,2.3269837042526205,2.4431828858223077,3.783860979524228
2025-01-20 00:00:00+00:00,2.3269837042526205,2.4431828858223077,3.8047855969804276
2025-01-20 04:00:00+00:00,2.3269837042526205,2.4431828858223077,4.000033233830996
2025-01-20 08:00:00+00:00,2.3503412550146647,2.467706808431762,4.041801064528152
2025-01-20 12:00:00+00:00,2.279092202560058,2.3928998962604284,3.919276518169945
2025-01-20 16:00:00+00:00,2.1940354353774545,2.303595773707214,3.8719888842170684
2025-01-20 20:00:00+00:00,2.1940354353774545,2.303595773707214,3.8185302132865133
2025-01-21 00:00:00+00:00,2.1940354353774545,2.303595773707214,3.8437729882889964
2025-01-21 04:00:00+00:00,2.1940354353774545,2.303595773707214,3.808412192110962
2025-01-21 08:00:00+00:00,2.1940354353774545,2.303595773707214,3.8744765671618397
2025-01-21 12:00:00+00:00,2.1940354353774545,2.303595773707214,3.8813753876969117
2025-01-21 16:00:00+00:00,2.1940354353774545,2.303595773707214,3.996698274902783
2025-01-21 20:00:00+00:00,2.1940354353774545,2.303595773707214,3.963557050538576
2025-01-22 00:00:00+00:00,2.1940354353774545,2.303595773707214,3.9432504329733384
2025-01-22 04:00:00+00:00,2.1940354353774545,2.303595773707214,3.9240106587244044
2025-01-22 08:00:00+00:00,2.1940354353774545,2.303595773707214,3.924593931129047
2025-01-22 12:00:00+00:00,2.1940354353774545,2.303595773707214,3.890225668914867
2025-01-22 16:00:00+00:00,2.1940354353774545,2.303595773707214,3.907028917913932
2025-01-22 20:00:00+00:00,2.1940354353774545,2.303595773707214,3.8725501252056587
2025-01-23 00:00:00+00:00,2.1940354353774545,2.303595773707214,3.82604479322956
2025-01-23 04:00:00+00:00,2.1940354353774545,2.303595773707214,3.835343544459025
2025-01-23 08:00:00+00:00,2.1940354353774545,2.303595773707214,3.8067482600782534
2025-01-23 12:00:00+00:00,2.1940354353774545,2.303595773707214,3.9306854309606374
2025-01-23 16:00:00+00:00,2.1940354353774545,2.303595773707214,3.874916822069056
2025-01-23 20:00:00+00:00,2.1940354353774545,2.303595773707214,3.880155818123566
2025-01-24 00:00:00+00:00,2.1940354353774545,2.303595773707214,3.879461641810998
2025-01-24 04:00:00+00:00,2.1940354353774545,2.303595773707214,3.922592806406587
2025-01-24 08:00:00+00:00,2.1940354353774545,2.303595773707214,3.9365323447326626
2025-01-24 12:00:00+00:00,2.1940354353774545,2.303595773707214,3.952958072348183
2025-01-24 16:00:00+00:00,2.1940354353774545,2.303595773707214,3.949259781762021
2025-01-24 20:00:00+00:00,2.1940354353774545,2.303595773707214,3.916009520559046
2025-01-25 00:00:00+00:00,2.1940354353774545,2.303595773707214,3.9284031256231344
2025-01-25 04:00:00+00:00,2.1940354353774545,2.303595773707214,3.897916873600165
2025-01-25 08:00:00+00:00,2.1940354353774545,2.303595773707214,3.9085595412088305
2025-01-25 12:00:00+00:00,2.1940354353774545,2.303595773707214,3.9170285669049294
2025-01-25 16:00:00+00:00,2.1940354353774545,2.303595773707214,3.922904980369635
2025-01-25 20:00:00+00:00,2.1940354353774545,2.303595773707214,3.9113922585338132
2025-01-26 00:00:00+00:00,2.1940354353774545,2.303595773707214,3.9231760788112293
2025-01-26 04:00:00+00:00,2.1940354353774545,2.303595773707214,3.920783616393465
2025-01-26 08:00:00+00:00,2.1940354353774545,2.303595773707214,3.9140748634985743
2025-01-26 12:00:00+00:00,2.1940354353774545,2.303595773707214,3.9196133374458646
2025-01-26 16:00:00+00:00,2.1940354353774545,2.303595773707214,3.9238934067813456
2025-01-26 20:00:00+00:00,2.1940354353774545,2.303595773707214,3.831972737802998
2025-01-27 00:00:00+00:00,2.1940354353774545,2.303595773707214,3.7862534419419918
2025-01-27 04:00:00+00:00,2.1940354353774545,2.303595773707214,3.6985900640554097
2025-01-27 08:00:00+00:00,2.1940354353774545,2.303595773707214,3.6878771946464415
2025-01-27 12:00:00+00:00,2.1940354353774545,2.303595773707214,3.775663052269722
2025-01-27 16:00:00+00:00,2.1940354353774545,2.303595773707214,3.7229366458625384
2025-01-27 20:00:00+00:00,2.1940354353774545,2.303595773707214,3.811914067021809
2025-01-28 00:00:00+00:00,2.1940354353774545,2.303595773707214,3.8325821491758387
2025-01-28 04:00:00+00:00,2.1940354353774545,2.303595773707214,3.8383103173494786
2025-01-28 08:00:00+00:00,2.1940354353774545,2.303595773707214,3.8372755876226754
2025-01-28 12:00:00+00:00,2.1940354353774545,2.303595773707214,3.8378723029252493
2025-01-28 16:00:00+00:00,2.1940354353774545,2.303595773707214,3.8246627886395563
2025-01-28 20:00:00+00:00,2.1940354353774545,2.303595773707214,3.7840084779876277
2025-01-29 00:00:00+00:00,2.1940354353774545,2.303595773707214,3.8102475210922795
2025-01-29 04:00:00+00:00,2.1940354353774545,2.303595773707214,3.83704444446104
2025-01-29 08:00:00+00:00,2.1940354353774545,2.303595773707214,3.8329436137646304
2025-01-29 12:00:00+00:00,2.1940354353774545,2.303595773707214,3.808103378872394
2025-01-29 16:00:00+00:00,2.1940354353774545,2.303595773707214,3.867969457735902
2025-01-29 20:00:00+00:00,2.1940354353774545,2.303595773707214,3.8735426591695123
2025-01-30 00:00:00+00:00,2.1940354353774545,2.303595773707214,3.928164140771039
2025-01-30 04:00:00+00:00,2.1940354353774545,2.303595773707214,3.925776906146914
2025-01-30 08:00:00+00:00,2.1940354353774545,2.303595773707214,3.932071169688953
2025-01-30 12:00:00+00:00,2.1940354353774545,2.303595773707214,3.941905769766474
2025-01-30 16:00:00+00:00,2.1940354353774545,2.303595773707214,3.9474050352614682
2025-01-30 20:00:00+00:00,2.1940354353774545,2.303595773707214,3.910499426062941
2025-01-31 00:00:00+00:00,2.1940354353774545,2.303595773707214,3.896366459372202
2025-01-31 04:00:00+00:00,2.1940354353774545,2.303595773707214,3.890544937740712
2025-01-31 08:00:00+00:00,2.1940354353774545,2.303595773707214,3.9109871045267464
2025-01-31 12:00:00+00:00,2.1940354353774545,2.303595773707214,3.9381720048663285
2025-01-31 16:00:00+00:00,2.1940354353774545,2.303595773707214,3.8204835410385534
2025-01-31 20:00:00+00:00,2.1940354353774545,2.303595773707214,3.8248614447978593
2025-02-01 00:00:00+00:00,2.1940354353774545,2.303595773707214,3.8181261795209394
2025-02-01 04:00:00+00:00,2.1940354353774545,2.303595773707214,3.815038047135281
2025-02-01 08:00:00+00:00,2.1940354353774545,2.303595773707214,3.8098968855045974
2025-02-01 12:00:00+00:00,2.1940354353774545,2.303595773707214,3.8115802350565384
2025-02-01 16:00:00+00:00,2.1940354353774545,2.303595773707214,3.796483487266962
2025-02-01 20:00:00+00:00,2.1940354353774545,2.303595773707214,3.757874364169598
2025-02-02 00:00:00+00:00,2.1940354353774545,2.303595773707214,3.7045213693533294
2025-02-02 04:00:00+00:00,2.1940354353774545,2.303595773707214,3.7208186426108494
2025-02-02 08:00:00+00:00,2.1940354353774545,2.303595773707214,3.691740907559912
2025-02-02 12:00:00+00:00,2.1940354353774545,2.303595773707214,3.709749536406727
2025-02-02 16:00:00+00:00,2.1940354353774545,2.303595773707214,3.6696557199157267
2025-02-02 20:00:00+00:00,2.1940354353774545,2.303595773707214,3.6482751641713893
2025-02-03 00:00:00+00:00,2.1940354353774545,2.303595773707214,3.51153662032103
2025-02-03 04:00:00+00:00,2.1940354353774545,2.303595773707214,3.5598664522773373
2025-02-03 08:00:00+00:00,2.1940354353774545,2.303595773707214,3.551460160104913
2025-02-03 12:00:00+00:00,2.1940354353774545,2.303595773707214,3.6908969923009525
2025-02-03 16:00:00+00:00,2.1940354353774545,2.303595773707214,3.804340114279568
2025-02-03 20:00:00+00:00,2.181286395384956,2.2902101035525786,3.783747088305649
2025-02-04 00:00:00+00:00,2.166242984518766,2.2744154918818995,3.7576521829399163
2025-02-04 04:00:00+00:00,2.119278231623101,2.2251055288160364,3.6761852341715473
2025-02-04 08:00:00+00:00,2.118430305147808,2.2242152606766052,3.695590804161622
2025-02-04 12:00:00+00:00,2.118430305147808,2.2242152606766052,3.709761485649332
2025-02-04 16:00:00+00:00,2.118430305147808,2.2242152606766052,3.6915605486793464
2025-02-04 20:00:00+00:00,2.118430305147808,2.2242152606766052,3.650610494272951
2025-02-05 00:00:00+00:00,2.118430305147808,2.2242152606766052,3.660949203022858
2025-02-05 04:00:00+00:00,2.118430305147808,2.2242152606766052,3.654393176385009
2025-02-05 08:00:00+00:00,2.118430305147808,2.2242152606766052,3.6668491415589415
2025-02-05 12:00:00+00:00,2.118430305147808,2.2242152606766052,3.663796110073434
2025-02-05 16:00:00+00:00,2.118430305147808,2.2242152606766052,3.6359304763192135
2025-02-05 20:00:00+00:00,2.126059854786413,2.2242152606766052,3.6076417646940193
2025-02-06 00:00:00+00:00,2.1178353689100606,2.2242152606766052,3.6353953742988203
2025-02-06 04:00:00+00:00,2.1085552635983285,2.2242152606766052,3.666759895653237
2025-02-06 08:00:00+00:00,2.101047096477526,2.2242152606766052,3.6922409086801515
2025-02-06 12:00:00+00:00,2.1180745987658955,2.2242152606766052,3.6345522058675233
2025-02-06 16:00:00+00:00,2.133160276025692,2.2242152606766052,3.584137977904354
2025-02-06 20:00:00+00:00,2.126643985832229,2.2242152606766052,3.6054729771612606
2025-02-07 00:00:00+00:00,2.1164443549732797,2.2242152606766052,3.6386952323268806
2025-02-07 04:00:00+00:00,2.1242504475980657,2.2242152606766052,3.613042075523692
2025-02-07 08:00:00+00:00,2.112655722399747,2.2242152606766052,3.650120201912324
2025-02-07 12:00:00+00:00,2.106502015673835,2.2242152606766052,3.6700597536812967
2025-02-07 16:00:00+00:00,2.1225716488800206,2.2242152606766052,3.6183262546517994
2025-02-07 20:00:00+00:00,2.127183525952438,2.2242152606766052,3.603697394392964
2025-02-08 00:00:00+00:00,2.1248464057706222,2.2242152606766052,3.6108829967505494
2025-02-08 04:00:00+00:00,2.1308470605325303,2.2242152606766052,3.5926114845664294
2025-02-08 08:00:00+00:00,2.1319700925150706,2.2242152606766052,3.5892537473945016
2025-02-08 12:00:00+00:00,2.1355194893666765,2.2242152606766052,3.5789378168883093
2025-02-08 16:00:00+00:00,2.125774998527133,2.2242152606766052,3.606430410224964
2025-02-08 20:00:00+00:00,2.127549248614742,2.2242152606766052,3.60137998815531
2025-02-09 00:00:00+00:00,2.116025781888767,2.2242152606766052,3.6333165794994278
2025-02-09 04:00:00+00:00,2.1192479638834083,2.2242152606766052,3.6242736167444702
2025-02-09 08:00:00+00:00,2.1261062318910757,2.2242152606766052,3.605460281090992
2025-02-09 12:00:00+00:00,2.127016085723502,2.2242152606766052,3.6030009775974072
2025-02-09 16:00:00+00:00,2.133053416401359,2.2242152606766052,3.5871902625621983
2025-02-09 20:00:00+00:00,2.127207704983757,2.2242152606766052,3.6020525064656574
2025-02-10 00:00:00+00:00,2.121990167667038,2.2242152606766052,3.615205261848978
2025-02-10 04:00:00+00:00,2.1127926292408348,2.2242152606766052,3.638164611272465
2025-02-10 08:00:00+00:00,2.109331397434505,2.2242152606766052,3.646802793434188
2025-02-10 12:00:00+00:00,2.116025387111303,2.2242152606766052,3.6302803516363347
2025-02-10 16:00:00+00:00,2.11357169973783,2.2242152606766052,3.6361545246180516
2025-02-10 20:00:00+00:00,2.1126908498652375,2.2242152606766052,3.6382015792417737
2025-02-11 00:00:00+00:00,2.109832485263052,2.2242152606766052,3.64479158653828
2025-02-11 04:00:00+00:00,2.099098066158893,2.2242152606766052,3.6694992595203706
2025-02-11 08:00:00+00:00,2.100979680476238,2.2242152606766052,3.665113514070605
2025-02-11 12:00:00+00:00,2.1193454155000158,2.2242152606766052,3.6223953451725417
2025-02-11 16:00:00+00:00,2.151570783639876,2.2242152606766052,3.5489556735377286
2025-02-11 20:00:00+00:00,2.139815301622346,2.2242152606766052,3.57649046263733
2025-02-12 00:00:00+00:00,2.1473268017942893,2.2242152606766052,3.558606554010201
2025-02-12 04:00:00+00:00,2.134926425219147,2.2242152606766052,3.5873709948565953
2025-02-12 08:00:00+00:00,2.134528537759028,2.2242152606766052,3.5883071433319094
2025-02-12 12:00:00+00:00,2.1390205351632003,2.2242152606766052,3.577908688368978
2025-02-12 16:00:00+00:00,2.1159679224483874,2.2242152606766052,3.62977138858414
2025-02-12 20:00:00+00:00,2.105599320576027,2.2242152606766052,3.654600794475266
2025-02-13 00:00:00+00:00,2.1113529129167508,2.2242152606766052,3.640725856742022
2025-02-13 04:00:00+00:00,2.1339969743437623,2.2242152606766052,3.5873952667556366
2025-02-13 08:00:00+00:00,2.1362500647814677,2.2242152606766052,3.581976285234394
2025-02-13 12:00:00+00:00,2.1350623331784595,2.2242152606766052,3.584698098651452
2025-02-13 16:00:00+00:00,2.1411142837881143,2.2242152606766052,3.570872824957784
2025-02-13 20:00:00+00:00,2.1246371479480275,2.2242152606766052,3.60748157016035
2025-02-14 00:00:00+00:00,2.1161211915419456,2.2242152606766052,3.6269677975380064
2025-02-14 04:00:00+00:00,2.119149323430687,2.2242152606766052,3.620026407826155
2025-02-14 08:00:00+00:00,2.1200761115767217,2.2242152606766052,3.617915499437264
2025-02-14 12:00:00+00:00,2.119471681014201,2.2242152606766052,3.619290782578302
2025-02-14 16:00:00+00:00,2.1028078382274837,2.2242152606766052,3.6572318683312948
2025-02-14 20:00:00+00:00,2.1098925440200214,2.2242152606766052,3.640802779991291
2025-02-15 00:00:00+00:00,2.1074140816801643,2.2242152606766052,3.646505182610565
2025-02-15 04:00:00+00:00,2.112381881022588,2.2242152606766052,3.6350439918834763
2025-02-15 08:00:00+00:00,2.1079986015929326,2.2242152606766052,3.6451011466045102
2025-02-15 12:00:00+00:00,2.1077130630687115,2.2242152606766052,3.6457594751892644
2025-02-15 16:00:00+00:00,2.1093535407223483,2.2242152606766052,3.6419760462495425
2025-02-15 20:00:00+00:00,2.108741055040502,2.2242152606766052,3.6433860568769
2025-02-16 00:00:00+00:00,2.109105606784824,2.2242152606766052,3.6425462491700866
2025-02-16 04:00:00+00:00,2.113941068958308,2.2242152606766052,3.631411422131639
2025-02-16 08:00:00+00:00,2.1125223768150527,2.2242152606766052,3.6346608692924622
2025-02-16 12:00:00+00:00,2.119440173557183,2.2242152606766052,3.618791154871892
2025-02-16 16:00:00+00:00,2.1170214650327894,2.2242152606766052,3.624297515229683
2025-02-16 20:00:00+00:00,2.1324045207411957,2.2242152606766052,3.5891835455942016
2025-02-17 00:00:00+00:00,2.1307870496275707,2.2242152606766052,3.5928135014492186
2025-02-17 04:00:00+00:00,2.133230475869034,2.2242152606766052,3.5873202105755273
2025-02-17 08:00:00+00:00,2.1333144121717864,2.2242152606766052,3.5871320100045025
2025-02-17 12:00:00+00:00,2.1400385938078874,2.2242152606766052,3.572056546803316
2025-02-17 16:00:00+00:00,2.1421879286243297,2.2242152606766052,3.5672731156231117
2025-02-17 20:00:00+00:00,2.1380063153307485,2.2242152606766052,3.576557677126984
2025-02-18 00:00:00+00:00,2.1309748683759646,2.2242152606766052,3.592241058045687
2025-02-18 04:00:00+00:00,2.1433199579974107,2.2242152606766052,3.564493796476019
2025-02-18 08:00:00+00:00,2.1402313426907775,2.2242152606766052,3.571342579557684
2025-02-18 12:00:00+00:00,2.1418066359756898,2.2242152606766052,3.5678377173361855
2025-02-18 16:00:00+00:00,2.166055672020763,2.2242152606766052,3.5139787467783727
2025-02-18 20:00:00+00:00,2.138993826988283,2.2242152606766052,3.5725150989882737
2025-02-19 00:00:00+00:00,2.138347914917888,2.2242152606766052,3.573953489066817
2025-02-19 04:00:00+00:00,2.138725772099668,2.2242152606766052,3.5731114408770157
2025-02-19 08:00:00+00:00,2.1264065710550017,2.2242152606766052,3.6005532499325996
2025-02-19 12:00:00+00:00,2.1343267919156874,2.2242152606766052,3.5826719552022905
2025-02-19 16:00:00+00:00,2.1299421826573184,2.2242152606766052,3.5924852706914208
2025-02-19 20:00:00+00:00,2.122672256523662,2.2242152606766052,3.6088344484715056
2025-02-20 00:00:00+00:00,2.115903908997879,2.2242152606766052,3.624177275975974
2025-02-20 04:00:00+00:00,2.1189668984750525,2.2242152606766052,3.617182114672401
2025-02-20 08:00:00+00:00,2.113388823100758,2.2242152606766052,3.629878184939922
2025-02-20 12:00:00+00:00,2.1183481968627884,2.2242152606766052,3.6185208032579617
2025-02-20 16:00:00+00:00,2.0934433263287486,2.2242152606766052,3.675243484488764
2025-02-20 20:00:00+00:00,2.0953225221845986,2.2242152606766052,3.670844669554899
2025-02-21 00:00:00+00:00,2.097928380414149,2.2242152606766052,3.6647576506892854
2025-02-21 04:00:00+00:00,2.097322838727088,2.2242152606766052,3.666168034730474
2025-02-21 08:00:00+00:00,2.090120510246238,2.2242152606766052,3.6829544801071252
2025-02-21 12:00:00+00:00,2.09846886640824,2.2242152606766052,3.6633405451991305
2025-02-21 16:00:00+00:00,2.143692056311409,2.2242152606766052,3.5580778000249444
2025-02-21 20:00:00+00:00,2.128601488046842,2.2242152606766052,3.5915681663215078
2025-02-22 00:00:00+00:00,2.126671909663484,2.2242152606766052,3.595940468873344
2025-02-22 04:00:00+00:00,2.1268457363262407,2.2242152606766052,3.5955304604864686
2025-02-22 08:00:00+00:00,2.122009877040131,2.2242152606766052,3.6064307836387988
2025-02-22 12:00:00+00:00,2.121812133315826,2.2242152606766052,3.606878880236476
2025-02-22 16:00:00+00:00,2.1210214951345234,2.2242152606766052,3.608670893213354
2025-02-22 20:00:00+00:00,2.1224861721225676,2.2242152606766052,3.6053482569415767
2025-02-23 00:00:00+00:00,2.124745095906295,2.2242152606766052,3.6002321140375972
2025-02-23 04:00:00+00:00,2.1231773873343025,2.2242152606766052,3.6037739442284047
2025-02-23 08:00:00+00:00,2.1296595244781096,2.2242152606766052,3.5891040084481154
2025-02-23 12:00:00+00:00,2.140956530116834,2.2242152606766052,3.5637189627758694
2025-02-23 16:00:00+00:00,2.135575714571592,2.2242152606766052,3.575661110517799
2025-02-23 20:00:00+00:00,2.127178743548118,2.2242152606766052,3.5944068582677935
2025-02-24 00:00:00+00:00,2.140848846988022,2.2242152606766052,3.563608058867944
2025-02-24 04:00:00+00:00,2.133465993451919,2.2242152606766052,3.579993831203506
2025-02-24 08:00:00+00:00,2.134310004368417,2.2242152606766052,3.5781054774581276
2025-02-24 12:00:00+00:00,2.159326291678369,2.2242152606766052,3.5221867562063247
2025-02-24 16:00:00+00:00,2.1658582548839447,2.2242152606766052,3.507980600404631
2025-02-24 20:00:00+00:00,2.207195057073951,2.2242152606766052,3.418711169629208
2025-02-25 00:00:00+00:00,2.196447899172564,2.2242152606766052,3.441155207965365
2025-02-25 04:00:00+00:00,2.2465318576366156,2.2242152606766052,3.3353327154579135
2025-02-25 08:00:00+00:00,2.2476656454907133,2.2242152606766052,3.3323222531491856
2025-02-25 12:00:00+00:00,2.2798602730107387,2.2242152606766052,3.257335901424723
2025-02-25 16:00:00+00:00,2.2685250092231133,2.2242152606766052,3.284071958338966
2025-02-25 20:00:00+00:00,2.257153441239276,2.2242152606766052,3.311448793387887
2025-02-26 00:00:00+00:00,2.253800263312568,2.2242152606766052,3.3196489611253805
2025-02-26 04:00:00+00:00,2.2565695653730202,2.2242152606766052,3.3129282589878852
2025-02-26 08:00:00+00:00,2.2581884414223197,2.2242152606766052,3.3090738814201983
2025-02-26 12:00:00+00:00,2.27515356002489,2.2242152606766052,3.2698926883331336
2025-02-26 16:00:00+00:00,2.3365444996400178,2.2242152606766052,3.131335992537699
2025-02-26 20:00:00+00:00,2.3308411178296478,2.2242152606766052,3.1460148902499414
2025-02-27 00:00:00+00:00,2.317004842993432,2.2242152606766052,3.182468668712478
2025-02-27 04:00:00+00:00,2.3025926708133286,2.2242152606766052,3.2215161796479013
2025-02-27 08:00:00+00:00,2.296874763875448,2.2242152606766052,3.2374456402814955
2025-02-27 12:00:00+00:00,2.3130011182667674,2.2242152606766052,3.1927196252120065
2025-02-27 16:00:00+00:00,2.3321525489402855,2.2242152606766052,3.1409323545907877
2025-02-27 20:00:00+00:00,2.323752950558355,2.2242152606766052,3.163135541005694
2025-02-28 00:00:00+00:00,2.3836184641502434,2.2242152606766052,3.0042053865692013
2025-02-28 04:00:00+00:00,2.398826028563103,2.2242152606766052,2.957608941618241
2025-02-28 08:00:00+00:00,2.382205577244732,2.2242152606766052,3.006480970457739
2025-02-28 12:00:00+00:00,2.3397535559622136,2.2242152606766052,3.1368647577253728
2025-02-28 16:00:00+00:00,2.335282290406286,2.2242152606766052,3.1534794327395814
2025-02-28 20:00:00+00:00,2.336275788794491,2.2242152606766052,3.1497434273564475
2025-03-01 00:00:00+00:00,2.326234982906554,2.2242152606766052,3.186371590078246
2025-03-01 04:00:00+00:00,2.332224659352448,2.2242152606766052,3.1643144084714163
2025-03-01 08:00:00+00:00,2.3333369995197484,2.2242152606766052,3.160305437577531
2025-03-01 12:00:00+00:00,2.3315425798395806,2.2242152606766052,3.166549290252332
2025-03-01 16:00:00+00:00,2.324090608474443,2.2242152606766052,3.1921434476701607
2025-03-01 20:00:00+00:00,2.3177819481840753,2.2242152606766052,3.213768589474063
2025-03-02 00:00:00+00:00,2.31987117608487,2.2242152606766052,3.206619208258123
2025-03-02 04:00:00+00:00,2.315831470708685,2.2242152606766052,3.220037834289398
2025-03-02 08:00:00+00:00,2.317259428248086,2.2242152606766052,3.2153130290807233
2025-03-02 12:00:00+00:00,2.3018872086805837,2.2242152606766052,3.264682071729811
2025-03-02 16:00:00+00:00,2.231967803187402,2.2242152606766052,3.492240833997389
2025-03-02 20:00:00+00:00,2.231967803187402,2.2242152606766052,3.5201721885859354
2025-03-03 00:00:00+00:00,2.231967803187402,2.2242152606766052,3.461918884060234
2025-03-03 04:00:00+00:00,2.231967803187402,2.2242152606766052,3.448983828940619
2025-03-03 08:00:00+00:00,2.231967803187402,2.2242152606766052,3.4630394989682594
2025-03-03 12:00:00+00:00,2.231967803187402,2.2242152606766052,3.3620452473007796
2025-03-03 16:00:00+00:00,2.231967803187402,2.2242152606766052,3.1966464450629855
2025-03-03 20:00:00+00:00,2.231967803187402,2.2242152606766052,3.2195968325545183
2025-03-04 00:00:00+00:00,2.231967803187402,2.2242152606766052,3.1360682660230026
2025-03-04 04:00:00+00:00,2.231967803187402,2.2242152606766052,3.1062952344180026
2025-03-04 08:00:00+00:00,2.231967803187402,2.2242152606766052,3.1343587775028645
2025-03-04 12:00:00+00:00,2.231967803187402,2.2242152606766052,3.0987769203366424
2025-03-04 16:00:00+00:00,2.231967803187402,2.2242152606766052,3.2937411360891797
2025-03-04 20:00:00+00:00,2.231967803187402,2.2242152606766052,3.259229856377574
2025-03-05 00:00:00+00:00,2.231967803187402,2.2242152606766052,3.2428526725601343
2025-03-05 04:00:00+00:00,2.231967803187402,2.2242152606766052,3.2718329466010774
2025-03-05 08:00:00+00:00,2.231967803187402,2.2242152606766052,3.353788694074746
2025-03-05 12:00:00+00:00,2.231967803187402,2.2242152606766052,3.2988964874454556
2025-03-05 16:00:00+00:00,2.231967803187402,2.2242152606766052,3.351389136794184
2025-03-05 20:00:00+00:00,2.231967803187402,2.2242152606766052,3.3833537341756568
2025-03-06 00:00:00+00:00,2.231967803187402,2.2242152606766052,3.4206577759322854
2025-03-06 04:00:00+00:00,2.231967803187402,2.2242152606766052,3.411003908149161
2025-03-06 08:00:00+00:00,2.231967803187402,2.2242152606766052,3.411135349817813
2025-03-06 12:00:00+00:00,2.231967803187402,2.2242152606766052,3.3913701823081026
2025-03-06 16:00:00+00:00,2.231967803187402,2.2242152606766052,3.305690005280073
2025-03-06 20:00:00+00:00,2.231967803187402,2.2242152606766052,3.3581811609734764
2025-03-07 00:00:00+00:00,2.231967803187402,2.2242152606766052,3.2483735960573488
2025-03-07 04:00:00+00:00,2.231967803187402,2.2242152606766052,3.29967804259457
2025-03-07 08:00:00+00:00,2.231967803187402,2.2242152606766052,3.3221493401404203
2025-03-07 12:00:00+00:00,2.231967803187402,2.2242152606766052,3.3031436963637724
2025-03-07 16:00:00+00:00,2.231967803187402,2.2242152606766052,3.279324001472746
2025-03-07 20:00:00+00:00,2.231967803187402,2.2242152606766052,3.2412974039523625
2025-03-08 00:00:00+00:00,2.231967803187402,2.2242152606766052,3.208338778951709
2025-03-08 04:00:00+00:00,2.231967803187402,2.2242152606766052,3.218720430292227
2025-03-08 08:00:00+00:00,2.231967803187402,2.2242152606766052,3.2097114481959266
2025-03-08 12:00:00+00:00,2.231967803187402,2.2242152606766052,3.22629550327596
2025-03-08 16:00:00+00:00,2.231967803187402,2.2242152606766052,3.2200789098108515
2025-03-08 20:00:00+00:00,2.231967803187402,2.2242152606766052,3.219665540699494
2025-03-09 00:00:00+00:00,2.231967803187402,2.2242152606766052,3.2156797214631556
2025-03-09 04:00:00+00:00,2.231967803187402,2.2242152606766052,3.211531093796327
2025-03-09 08:00:00+00:00,2.231967803187402,2.2242152606766052,3.1749141334894704
2025-03-09 12:00:00+00:00,2.231967803187402,2.2242152606766052,3.1023374212190173
2025-03-09 16:00:00+00:00,2.231967803187402,2.2242152606766052,3.085924016259932
2025-03-09 20:00:00+00:00,2.231967803187402,2.2242152606766052,3.014733042717795
2025-03-10 00:00:00+00:00,2.231967803187402,2.2242152606766052,3.063766759746288
2025-03-10 04:00:00+00:00,2.231967803187402,2.2242152606766052,3.073896730164444
2025-03-10 08:00:00+00:00,2.231967803187402,2.2242152606766052,3.121067485588093
2025-03-10 12:00:00+00:00,2.231967803187402,2.2242152606766052,2.988948070832123
2025-03-10 16:00:00+00:00,2.231967803187402,2.2242152606766052,2.9522411177918992
2025-03-10 20:00:00+00:00,2.231967803187402,2.2242152606766052,2.93487812145957
2025-03-11 00:00:00+00:00,2.231967803187402,2.2242152606766052,2.9694722990417453
2025-03-11 04:00:00+00:00,2.231967803187402,2.2242152606766052,3.0031788719466883
2025-03-11 08:00:00+00:00,2.231967803187402,2.2242152606766052,3.0515505262521123
2025-03-11 12:00:00+00:00,2.231967803187402,2.2242152606766052,3.033324197141592
2025-03-11 16:00:00+00:00,2.231967803187402,2.2242152606766052,3.1032186778611153
2025-03-11 20:00:00+00:00,2.231967803187402,2.2242152606766052,3.0968325545165527
2025-03-12 00:00:00+00:00,2.231967803187402,2.2242152606766052,3.0667626589155916
2025-03-12 04:00:00+00:00,2.231967803187402,2.2242152606766052,3.0787145154171367
2025-03-12 08:00:00+00:00,2.231967803187402,2.2242152606766052,3.09950096975572
2025-03-12 12:00:00+00:00,2.231967803187402,2.2242152606766052,3.0522461962200063
2025-03-12 16:00:00+00:00,2.231967803187402,2.2242152606766052,3.0961955105201873
2025-03-12 20:00:00+00:00,2.231967803187402,2.2242152606766052,3.1247314221017666
2025-03-13 00:00:00+00:00,2.231967803187402,2.2242152606766052,3.120886006466033
2025-03-13 04:00:00+00:00,2.231967803187402,2.2242152606766052,3.1050103174241612
2025-03-13 08:00:00+00:00,2.231967803187402,2.2242152606766052,3.0984333796117536
2025-03-13 12:00:00+00:00,2.231967803187402,2.2242152606766052,3.026321940975222
2025-03-13 16:00:00+00:00,2.231967803187402,2.2242152606766052,2.99520461957719
2025-03-13 20:00:00+00:00,2.231967803187402,2.2242152606766052,3.028975419661134
2025-03-14 00:00:00+00:00,2.231967803187402,2.2242152606766052,3.0578399354143437
2025-03-14 04:00:00+00:00,2.231967803187402,2.2242152606766052,3.0683731927704097
2025-03-14 08:00:00+00:00,2.231967803187402,2.2242152606766052,3.10878777174258
2025-03-14 12:00:00+00:00,2.231967803187402,2.2242152606766052,3.163733003135929
2025-03-14 16:00:00+00:00,2.231967803187402,2.2242152606766052,3.157363309999947
2025-03-14 20:00:00+00:00,2.231967803187402,2.2242152606766052,3.1360488485037674
2025-03-15 00:00:00+00:00,2.231967803187402,2.2242152606766052,3.1550477708314504
2025-03-15 04:00:00+00:00,2.231967803187402,2.2242152606766052,3.130227700286109
2025-03-15 08:00:00+00:00,2.231967803187402,2.2242152606766052,3.1405499788274356
2025-03-15 12:00:00+00:00,2.231967803187402,2.2242152606766052,3.1495970491345386
2025-03-15 16:00:00+00:00,2.231967803187402,2.2242152606766052,3.1478778518547834
2025-03-15 20:00:00+00:00,2.231967803187402,2.2242152606766052,3.1493140014503394
2025-03-16 00:00:00+00:00,2.231967803187402,2.2242152606766052,3.1490862190131867
2025-03-16 04:00:00+00:00,2.231967803187402,2.2242152606766052,3.1469062290654874
2025-03-16 08:00:00+00:00,2.231967803187402,2.2242152606766052,3.077304131375948
2025-03-16 12:00:00+00:00,2.231967803187402,2.2242152606766052,3.1113150365534805
2025-03-16 16:00:00+00:00,2.231967803187402,2.2242152606766052,3.1030118065985217
2025-03-16 20:00:00+00:00,2.231967803187402,2.2242152606766052,3.0834471623162716
2025-03-17 00:00:00+00:00,2.231967803187402,2.2242152606766052,3.1245645061191327
2025-03-17 04:00:00+00:00,2.231967803187402,2.2242152606766052,3.1205398518443284
2025-03-17 08:00:00+00:00,2.231967803187402,2.2242152606766052,3.118555530744281
2025-03-17 12:00:00+00:00,2.231967803187402,2.2242152606766052,3.1191653155309536
2025-03-17 16:00:00+00:00,2.231967803187402,2.2242152606766052,3.1546952681746117
2025-03-17 20:00:00+00:00,2.231967803187402,2.2242152606766052,3.137050717813408
2025-03-18 00:00:00+00:00,2.231967803187402,2.2242152606766052,3.104846388752178
2025-03-18 04:00:00+00:00,2.231967803187402,2.2242152606766052,3.1054516925728732
2025-03-18 08:00:00+00:00,2.231967803187402,2.2242152606766052,3.083692495203499
2025-03-18 12:00:00+00:00,2.231967803187402,2.2242152606766052,3.04743811972693
2025-03-18 16:00:00+00:00,2.231967803187402,2.2242152606766052,3.073838477606746
2025-03-18 20:00:00+00:00,2.231967803187402,2.2242152606766052,3.0886936266474083
2025-03-19 00:00:00+00:00,2.231967803187402,2.2242152606766052,3.100722779812053
2025-03-19 04:00:00+00:00,2.231967803187402,2.2242152606766052,3.1064296633973036
2025-03-19 08:00:00+00:00,2.231967803187402,2.2242152606766052,3.132247495700139
2025-03-19 12:00:00+00:00,2.231967803187402,2.2242152606766052,3.164049284651123
2025-03-19 16:00:00+00:00,2.231967803187402,2.2242152606766052,3.190200575505397
2025-03-19 20:00:00+00:00,2.231967803187402,2.2242152606766052,3.2429475196733075
2025-03-20 00:00:00+00:00,2.231967803187402,2.2242152606766052,3.20728948608548
2025-03-20 04:00:00+00:00,2.231967803187402,2.2242152606766052,3.2045026986617593
2025-03-20 08:00:00+00:00,2.231967803187402,2.2242152606766052,3.1927692892515815
2025-03-20 12:00:00+00:00,2.231967803187402,2.2242152606766052,3.162507458941282
2025-03-20 16:00:00+00:00,2.231967803187402,2.2242152606766052,3.1432030840995164
2025-03-20 20:00:00+00:00,2.231967803187402,2.2242152606766052,3.1450178753201095
2025-03-21 00:00:00+00:00,2.231967803187402,2.2242152606766052,3.153552995264367
2025-03-21 04:00:00+00:00,2.231967803187402,2.2242152606766052,3.1343602711581884
2025-03-21 08:00:00+00:00,2.231967803187402,2.2242152606766052,3.138413304884179
2025-03-21 12:00:00+00:00,2.231967803187402,2.2242152606766052,3.120450605938625
2025-03-21 16:00:00+00:00,2.231967803187402,2.2242152606766052,3.135046605780298
2025-03-21 20:00:00+00:00,2.231967803187402,2.2242152606766052,3.139991725149497
2025-03-22 00:00:00+00:00,2.231967803187402,2.2242152606766052,3.146263210447821
2025-03-22 04:00:00+00:00,2.231967803187402,2.2242152606766052,3.146934608516674
2025-03-22 08:00:00+00:00,2.231967803187402,2.2242152606766052,3.145610109656706
2025-03-22 12:00:00+00:00,2.231967803187402,2.2242152606766052,3.1407497552272337
2025-03-22 16:00:00+00:00,2.231967803187402,2.2242152606766052,3.1430835916734696
2025-03-22 20:00:00+00:00,2.231967803187402,2.2242152606766052,3.1307235938542064
2025-03-23 00:00:00+00:00,2.231967803187402,2.2242152606766052,3.1450552167032493
2025-03-23 04:00:00+00:00,2.231967803187402,2.2242152606766052,3.147125049570687
2025-03-23 08:00:00+00:00,2.231967803187402,2.2242152606766052,3.162067950861728
2025-03-23 12:00:00+00:00,2.231967803187402,2.2242152606766052,3.181090398260789
2025-03-23 16:00:00+00:00,2.231967803187402,2.2242152606766052,3.1744354169576194
2025-03-23 20:00:00+00:00,2.231967803187402,2.2242152606766052,3.214439614129084
2025-03-24 00:00:00+00:00,2.231967803187402,2.2242152606766052,3.2312271797472296
2025-03-24 04:00:00+00:00,2.231967803187402,2.2242152606766052,3.244014736403443
2025-03-24 08:00:00+00:00,2.231967803187402,2.2242152606766052,3.274447963662354
2025-03-24 12:00:00+00:00,2.231967803187402,2.2242152606766052,3.299111573812339
2025-03-24 16:00:00+00:00,2.231967803187402,2.2242152606766052,3.2943315033566174
2025-03-24 20:00:00+00:00,2.231967803187402,2.2242152606766052,3.2673023165847277
2025-03-25 00:00:00+00:00,2.231967803187402,2.2242152606766052,3.230809329669895
2025-03-25 04:00:00+00:00,2.231967803187402,2.2242152606766052,3.2276704130031666
2025-03-25 08:00:00+00:00,2.231967803187402,2.2242152606766052,3.262532701716285
2025-03-25 12:00:00+00:00,2.231967803187402,2.2242152606766052,3.2776163800217626
2025-03-25 16:00:00+00:00,2.231967803187402,2.2242152606766052,3.2903819052619236
2025-03-25 20:00:00+00:00,2.231967803187402,2.2242152606766052,3.263370642353941
2025-03-26 00:00:00+00:00,2.231967803187402,2.2242152606766052,3.254432608885606
2025-03-26 04:00:00+00:00,2.231967803187402,2.2242152606766052,3.291286313561569
2025-03-26 08:00:00+00:00,2.231967803187402,2.2242152606766052,3.284359860402974
2025-03-26 12:00:00+00:00,2.231967803187402,2.2242152606766052,3.239459087660391
2025-03-26 16:00:00+00:00,2.231967803187402,2.2242152606766052,3.2325386091230977
2025-03-26 20:00:00+00:00,2.231967803187402,2.2242152606766052,3.245308615329235
2025-03-27 00:00:00+00:00,2.231967803187402,2.2242152606766052,3.27372578131243
2025-03-27 04:00:00+00:00,2.231967803187402,2.2242152606766052,3.2636365130018965
2025-03-27 08:00:00+00:00,2.231967803187402,2.2242152606766052,3.2465912918400868
2025-03-27 12:00:00+00:00,2.231967803187402,2.2242152606766052,3.247732071095007
2025-03-27 16:00:00+00:00,2.231967803187402,2.2242152606766052,3.250956126115294
2025-03-27 20:00:00+00:00,2.231967803187402,2.2242152606766052,3.257363907462078
2025-03-28 00:00:00+00:00,2.231967803187402,2.2242152606766052,3.2407525931723526
2025-03-28 04:00:00+00:00,2.231967803187402,2.2242152606766052,3.181970908075224
2025-03-28 08:00:00+00:00,2.231967803187402,2.2242152606766052,3.183549328340542
2025-03-28 12:00:00+00:00,2.231967803187402,2.2242152606766052,3.1385865689019474
2025-03-28 16:00:00+00:00,2.231967803187402,2.2242152606766052,3.1288617524908573
2025-03-28 20:00:00+00:00,2.231967803187402,2.2242152606766052,3.1525231199173716
2025-03-29 00:00:00+00:00,2.231967803187402,2.2242152606766052,3.1428860557566605
2025-03-29 04:00:00+00:00,2.231967803187402,2.2242152606766052,3.1266619716100945
2025-03-29 08:00:00+00:00,2.231967803187402,2.2242152606766052,3.0729553538954915
2025-03-29 12:00:00+00:00,2.231967803187402,2.2242152606766052,3.077461338598967
2025-03-29 16:00:00+00:00,2.231967803187402,2.2242152606766052,3.0903131224341807
2025-03-29 20:00:00+00:00,2.231967803187402,2.2242152606766052,3.086210798082446
2025-03-30 00:00:00+00:00,2.231967803187402,2.2242152606766052,3.102651088837392
2025-03-30 04:00:00+00:00,2.231967803187402,2.2242152606766052,3.102194777135424
2025-03-30 08:00:00+00:00,2.231967803187402,2.2242152606766052,3.1035080735804494
2025-03-30 12:00:00+00:00,2.231967803187402,2.2242152606766052,3.0892365703582616
2025-03-30 16:00:00+00:00,2.231967803187402,2.2242152606766052,3.0824867419419166
2025-03-30 20:00:00+00:00,2.231967803187402,2.2242152606766052,3.076556183471659
2025-03-31 00:00:00+00:00,2.231967803187402,2.2242152606766052,3.0444429673852897
2025-03-31 04:00:00+00:00,2.231967803187402,2.2242152606766052,3.0595105888960177
2025-03-31 08:00:00+00:00,2.231967803187402,2.2242152606766052,3.0696674451100345
2025-03-31 12:00:00+00:00,2.231967803187402,2.2242152606766052,3.114972625032021
2025-03-31 16:00:00+00:00,2.231967803187402,2.2242152606766052,3.079255218645002
2025-03-31 20:00:00+00:00,2.231967803187402,2.2242152606766052,3.082531551601685
2025-04-01 00:00:00+00:00,2.2235963026734424,2.2242152606766052,3.0979471948032757
2025-04-01 04:00:00+00:00,2.213893998080371,2.2242152606766052,3.115970386789516
2025-04-01 08:00:00+00:00,2.2042473202163517,2.2242152606766052,3.1340734893356754
2025-04-01 12:00:00+00:00,2.1776449760397143,2.2242152606766052,3.1845056411627515
2025-04-01 16:00:00+00:00,2.176828359173699,2.2242152606766052,3.1729723815662028
2025-04-01 20:00:00+00:00,2.176828359173699,2.2242152606766052,3.1799302014866355
2025-04-02 00:00:00+00:00,2.176828359173699,2.2242152606766052,3.1572139444673892
2025-04-02 04:00:00+00:00,2.176828359173699,2.2242152606766052,3.152595935614494
2025-04-02 08:00:00+00:00,2.176828359173699,2.2242152606766052,3.1578453872562826
2025-04-02 12:00:00+00:00,2.176828359173699,2.2242152606766052,3.2396513957835604
2025-04-02 16:00:00+00:00,2.176828359173699,2.2242152606766052,3.244966941673507
2025-04-02 20:00:00+00:00,2.176828359173699,2.2242152606766052,3.081272400162211
2025-04-03 00:00:00+00:00,2.163232119920814,2.2242152606766052,3.117406909798902
2025-04-03 04:00:00+00:00,2.163232119920814,2.2242152606766052,3.1163904773498374
2025-04-03 08:00:00+00:00,2.163232119920814,2.2242152606766052,3.102919946795997
2025-04-03 12:00:00+00:00,2.163232119920814,2.2242152606766052,3.0634613072322043
2025-04-03 16:00:00+00:00,2.163232119920814,2.2242152606766052,3.0623182874942962
2025-04-03 20:00:00+00:00,2.163232119920814,2.2242152606766052,3.107291875934002
2025-04-04 00:00:00+00:00,2.163232119920814,2.2242152606766052,3.092558086388544
2025-04-04 04:00:00+00:00,2.163232119920814,2.2242152606766052,3.1364091928510676
2025-04-04 08:00:00+00:00,2.163232119920814,2.2242152606766052,3.0874023616184356
2025-04-04 12:00:00+00:00,2.163232119920814,2.2242152606766052,3.094107006961181
2025-04-04 16:00:00+00:00,2.163232119920814,2.2242152606766052,3.1370492241580834
2025-04-04 20:00:00+00:00,2.163232119920814,2.2242152606766052,3.132563777215334
2025-04-05 00:00:00+00:00,2.163232119920814,2.2242152606766052,3.1226361970937955
2025-04-05 04:00:00+00:00,2.163232119920814,2.2242152606766052,3.1189517228193946
2025-04-05 08:00:00+00:00,2.163232119920814,2.2242152606766052,3.1162388713342906
2025-04-05 12:00:00+00:00,2.163232119920814,2.2242152606766052,3.0850801010009734
2025-04-05 16:00:00+00:00,2.163232119920814,2.2242152606766052,3.094107006961181
2025-04-05 20:00:00+00:00,2.163232119920814,2.2242152606766052,3.1194240913161124
2025-04-06 00:00:00+00:00,2.163232119920814,2.2242152606766052,3.1121854641944684
2025-04-06 04:00:00+00:00,2.163232119920814,2.2242152606766052,3.1002668415239176
2025-04-06 08:00:00+00:00,2.163232119920814,2.2242152606766052,3.093957268014791
2025-04-06 12:00:00+00:00,2.163232119920814,2.2242152606766052,3.082469938319504
2025-04-06 16:00:00+00:00,2.163232119920814,2.2242152606766052,2.9729099467735933
2025-04-06 20:00:00+00:00,2.163232119920814,2.2242152606766052,2.9286846796520085
2025-04-07 00:00:00+00:00,2.163232119920814,2.2242152606766052,2.901715612506974
2025-04-07 04:00:00+00:00,2.163232119920814,2.2242152606766052,2.8053091231720457
2025-04-07 08:00:00+00:00,2.163232119920814,2.2242152606766052,2.8635471177306595
2025-04-07 12:00:00+00:00,2.163232119920814,2.2242152606766052,2.930548014670683
2025-04-07 16:00:00+00:00,2.163232119920814,2.2242152606766052,2.91749869491866
2025-04-07 20:00:00+00:00,2.163232119920814,2.2242152606766052,2.9560648754254126
2025-04-08 00:00:00+00:00,2.163232119920814,2.2242152606766052,2.983725878400027
2025-04-08 04:00:00+00:00,2.163232119920814,2.2242152606766052,2.968490594079002
2025-04-08 08:00:00+00:00,2.163232119920814,2.2242152606766052,2.986638506284929
2025-04-08 12:00:00+00:00,2.163232119920814,2.2242152606766052,2.9312235202916823
2025-04-08 16:00:00+00:00,2.163232119920814,2.2242152606766052,2.869836526892892
2025-04-08 20:00:00+00:00,2.163232119920814,2.2242152606766052,2.849984727374297
2025-04-09 00:00:00+00:00,2.163232119920814,2.2242152606766052,2.803341979108244
2025-04-09 04:00:00+00:00,2.163232119920814,2.2242152606766052,2.9012059026271166
2025-04-09 08:00:00+00:00,2.163232119920814,2.2242152606766052,2.8465340101583507
2025-04-09 12:00:00+00:00,2.163232119920814,2.2242152606766052,2.884920578612201
2025-04-09 16:00:00+00:00,2.163232119920814,2.2242152606766052,3.0743937439740354
2025-04-09 20:00:00+00:00,2.163232119920814,2.2242152606766052,3.084966583196229
2025-04-10 00:00:00+00:00,2.163232119920814,2.2242152606766052,3.053599074531161
2025-04-10 04:00:00+00:00,2.163232119920814,2.2242152606766052,3.046900403809718
2025-04-10 08:00:00+00:00,2.163232119920814,2.2242152606766052,3.0575875076643197
2025-04-10 12:00:00+00:00,2.163232119920814,2.2242152606766052,2.9408953119387133
2025-04-10 16:00:00+00:00,2.163232119920814,2.2242152606766052,2.974216521769654
2025-04-10 20:00:00+00:00,2.163232119920814,2.2242152606766052,2.9726466900224584
2025-04-11 00:00:00+00:00,2.163232119920814,2.2242152606766052,3.0187890637544386
2025-04-11 04:00:00+00:00,2.163232119920814,2.2242152606766052,3.034613221687578
2025-04-11 08:00:00+00:00,2.163232119920814,2.2242152606766052,3.066835474612715
2025-04-11 12:00:00+00:00,2.163232119920814,2.2242152606766052,3.0814759107003242
2025-04-11 16:00:00+00:00,2.163232119920814,2.2242152606766052,3.1313841629219494
2025-04-11 20:00:00+00:00,2.163232119920814,2.2242152606766052,3.1151615724307087
2025-04-12 00:00:00+00:00,2.163232119920814,2.2242152606766052,3.0983314376357844
2025-04-12 04:00:00+00:00,2.163232119920814,2.2242152606766052,3.1264043160664303
2025-04-12 08:00:00+00:00,2.163232119920814,2.2242152606766052,3.1190622533134893
2025-04-12 12:00:00+00:00,2.163232119920814,2.2242152606766052,3.1743312344986596
2025-04-12 16:00:00+00:00,2.163232119920814,2.2242152606766052,3.1719040445945743
2025-04-12 20:00:00+00:00,2.163232119920814,2.2242152606766052,3.184357395871687
2025-04-13 00:00:00+00:00,2.163232119920814,2.2242152606766052,3.190160620225438
2025-04-13 04:00:00+00:00,2.163232119920814,2.2242152606766052,3.152101909115555
2025-04-13 08:00:00+00:00,2.163232119920814,2.2242152606766052,3.1564170793511863
2025-04-13 12:00:00+00:00,2.163232119920814,2.2242152606766052,3.131062280199284
2025-04-13 16:00:00+00:00,2.163232119920814,2.2242152606766052,3.135978273289634
2025-04-13 20:00:00+00:00,2.163232119920814,2.2242152606766052,3.1277142517869723
2025-04-14 00:00:00+00:00,2.163232119920814,2.2242152606766052,3.1578125268391193
2025-04-14 04:00:00+00:00,2.163232119920814,2.2242152606766052,3.158362565412768
2025-04-14 08:00:00+00:00,2.163232119920814,2.2242152606766052,3.1713121836718083
2025-04-14 12:00:00+00:00,2.163232119920814,2.2242152606766052,3.1404536380589354
2025-04-14 16:00:00+00:00,2.163232119920814,2.2242152606766052,3.171144894275342
2025-04-14 20:00:00+00:00,2.163232119920814,2.2242152606766052,3.1587665991783402
2025-04-15 00:00:00+00:00,2.163232119920814,2.2242152606766052,3.1882057988180708
2025-04-15 04:00:00+00:00,2.163232119920814,2.2242152606766052,3.2007827500733756
2025-04-15 08:00:00+00:00,2.163232119920814,2.2242152606766052,3.196020230067729
2025-04-15 12:00:00+00:00,2.163232119920814,2.2242152606766052,3.1709608012564625
2025-04-15 16:00:00+00:00,2.163232119920814,2.2242152606766052,3.136620918493469
2025-04-15 20:00:00+00:00,2.163232119920814,2.2242152606766052,3.123382277928927
2025-04-16 00:00:00+00:00,2.163232119920814,2.2242152606766052,3.125311707195759
2025-04-16 04:00:00+00:00,2.163232119920814,2.2242152606766052,3.112896070715617
2025-04-16 08:00:00+00:00,2.163232119920814,2.2242152606766052,3.1384726776833696
2025-04-16 12:00:00+00:00,2.163232119920814,2.2242152606766052,3.16828865187898
2025-04-16 16:00:00+00:00,2.163232119920814,2.2242152606766052,3.149148579123029
2025-04-16 20:00:00+00:00,2.163232119920814,2.2242152606766052,3.1378106149603013
2025-04-17 00:00:00+00:00,2.163232119920814,2.2242152606766052,3.1364607239597984
2025-04-17 04:00:00+00:00,2.163232119920814,2.2242152606766052,3.161694163616497
2025-04-17 08:00:00+00:00,2.163232119920814,2.2242152606766052,3.157662041065065
2025-04-17 12:00:00+00:00,2.163232119920814,2.2242152606766052,3.1565309705697615
2025-04-17 16:00:00+00:00,2.163232119920814,2.2242152606766052,3.168381258509166
2025-04-17 20:00:00+00:00,2.163232119920814,2.2242152606766052,3.1720724542325325
2025-04-18 00:00:00+00:00,2.163232119920814,2.2242152606766052,3.167594848980243
2025-04-18 04:00:00+00:00,2.163232119920814,2.2242152606766052,3.1611228404544582
2025-04-18 08:00:00+00:00,2.163232119920814,2.2242152606766052,3.161661676613165
2025-04-18 12:00:00+00:00,2.163232119920814,2.2242152606766052,3.1506638924508406
2025-04-18 16:00:00+00:00,2.163232119920814,2.2242152606766052,3.1576930344130707
2025-04-18 20:00:00+00:00,2.163232119920814,2.2242152606766052,3.1544017649031315
2025-04-19 00:00:00+00:00,2.163232119920814,2.2242152606766052,3.1696751374349597
2025-04-19 04:00:00+00:00,2.163232119920814,2.2242152606766052,3.182135210161037
2025-04-19 08:00:00+00:00,2.163232119920814,2.2242152606766052,3.1821355835748686
2025-04-19 12:00:00+00:00,2.163232119920814,2.2242152606766052,3.181156865922776
2025-04-19 16:00:00+00:00,2.163232119920814,2.2242152606766052,3.177212122207891
2025-04-19 20:00:00+00:00,2.163232119920814,2.2242152606766052,3.176893226795877
2025-04-20 00:00:00+00:00,2.163232119920814,2.2242152606766052,3.180321165768108
2025-04-20 04:00:00+00:00,2.163232119920814,2.2242152606766052,3.1659522015359247
2025-04-20 08:00:00+00:00,2.163232119920814,2.2242152606766052,3.1415242155135514
2025-04-20 12:00:00+00:00,2.163232119920814,2.2242152606766052,3.149546264853468
2025-04-20 16:00:00+00:00,2.170236444425438,2.23141704235803,3.1610082024082193
2025-04-20 20:00:00+00:00,2.183763438834312,2.2453253729149956,3.1807106363942554
2025-04-21 00:00:00+00:00,2.223328381309189,2.286005680881038,3.2563762278780297
2025-04-21 04:00:00+00:00,2.2268543267539918,2.2896310253803285,3.2649356197213275
2025-04-21 08:00:00+00:00,2.2197344458161092,2.282310429642864,3.2476517871212547
2025-04-21 12:00:00+00:00,2.236237876358034,2.2992791043065006,3.2877146102642487
2025-04-21 16:00:00+00:00,2.2265516018331573,2.28931976641625,3.264200741301137
2025-04-21 20:00:00+00:00,2.228107220290678,2.290919238928305,3.2679770753780617
2025-04-22 00:00:00+00:00,2.23797223788365,2.3010623587881995,3.291924851213258
2025-04-22 04:00:00+00:00,2.242883519018004,2.306112092632251,3.303847208022123
2025-04-22 08:00:00+00:00,2.2449950561055534,2.3082831555387058,3.3089730596857185
2025-04-22 12:00:00+00:00,2.280689985274558,2.3449843516125592,3.3956241126753812
2025-04-22 16:00:00+00:00,2.288076288754557,2.3525788805440193,3.413554698031435
2025-04-22 20:00:00+00:00,2.319274799142608,2.3846569004090448,3.4892904913155127
2025-04-23 00:00:00+00:00,2.3150588008548865,2.3803220499581,3.479055965024565
2025-04-23 04:00:00+00:00,2.3299013975704637,2.3955830706404595,3.5150870390299582
2025-04-23 08:00:00+00:00,2.319628901158747,2.3850209848273924,3.4901500899553892
2025-04-23 12:00:00+00:00,2.3154644337899684,2.38073911799076,3.48004065729796
2025-04-23 16:00:00+00:00,2.3201191370950784,2.3855250408835498,3.491340159836054
2025-04-23 20:00:00+00:00,2.323091009793516,2.388580692908953,3.4985545150586566
2025-04-24 00:00:00+00:00,2.3074451460369843,2.3724937604834957,3.460573474025704
2025-04-24 04:00:00+00:00,2.300209282075571,2.3650539120738183,3.4430080873967572
2025-04-24 08:00:00+00:00,2.3066143445647143,2.3716395380927504,3.4585566659223255
2025-04-24 12:00:00+00:00,2.315575648280702,2.380853467701648,3.48031063549806
2025-04-24 16:00:00+00:00,2.321015005966492,2.3864461649723667,3.493514921990114
2025-04-24 20:00:00+00:00,2.3275425120719895,2.3931576863853063,3.509360737925475
2025-04-25 00:00:00+00:00,2.317257248298266,2.3825824732886933,3.4843927955029006
2025-04-25 04:00:00+00:00,2.3243397500919603,2.3898646361357763,3.501585888541944
2025-04-25 08:00:00+00:00,2.337621036875387,2.4035203323844994,3.5338268121586514
2025-04-25 12:00:00+00:00,2.3441670018175205,2.410250833002565,3.5497174377537792
2025-04-25 16:00:00+00:00,2.3477015613860868,2.413885034464248,3.558297740771635
2025-04-25 20:00:00+00:00,2.337667337790616,2.4035679385573583,3.5339392097219013
2025-04-26 00:00:00+00:00,2.3392257250736326,2.4051702579501826,3.5377222652477918
2025-04-26 04:00:00+00:00,2.3366156455732656,2.4024865983452632,3.5313861793566357
2025-04-26 08:00:00+00:00,2.3300589129764275,2.3957450265242066,3.51546941479331
2025-04-26 12:00:00+00:00,2.3335842431266753,2.3993697383833257,3.5240273129812825
2025-04-26 16:00:00+00:00,2.3325730065262857,2.3983299942624665,3.5215724904536736
2025-04-26 20:00:00+00:00,2.337503054144553,2.40339902363173,3.533540403749969
2025-04-27 00:00:00+00:00,2.3302458086973696,2.3959371909761145,3.515923112598458
2025-04-27 04:00:00+00:00,2.3288578580059616,2.394510112910627,3.512553799597756
2025-04-27 08:00:00+00:00,2.3266124943527995,2.3922014507670033,3.507103077900844
2025-04-27 12:00:00+00:00,2.3263213062048624,2.3919020538061293,3.5063962055180085
2025-04-27 16:00:00+00:00,2.334511184373093,2.4003228108007724,3.526277504729284
2025-04-27 20:00:00+00:00,2.3239865710176524,2.389501500677683,3.500728530385055
2025-04-28 00:00:00+00:00,2.325534498293241,2.3910930651876017,3.5044861937704095
2025-04-28 04:00:00+00:00,2.338495062790113,2.404418997747248,3.5359485495486527
2025-04-28 08:00:00+00:00,2.3481474961144904,2.4143435404280997,3.5593802674688573
2025-04-28 12:00:00+00:00,2.3252819198786017,2.3908333663974513,3.5038730482592544
2025-04-28 16:00:00+00:00,2.3399519264716298,2.4059169315118756,3.53948515194582
2025-04-28 20:00:00+00:00,2.3433972683297877,2.4094594001487795,3.547848874941465
2025-04-29 00:00:00+00:00,2.337976215656995,2.4038855239231447,3.534689024695348
2025-04-29 04:00:00+00:00,2.3419579405430753,2.407979496629023,3.5443548417210775
2025-04-29 08:00:00+00:00,2.34522100138945,2.4113345456153006,3.552276069326517
2025-04-29 12:00:00+00:00,2.3408118006116023,2.4068010461506963,3.5415725352633336
2025-04-29 16:00:00+00:00,2.34785215472831,2.414039873146073,3.5586633129125738
2025-04-29 20:00:00+00:00,2.331793428325681,2.397528439165948,3.5196800291561505
2025-04-30 00:00:00+00:00,2.343730450331072,2.409801974801317,3.548657689300273
2025-04-30 04:00:00+00:00,2.3373952237738695,2.4032881534417814,3.5332786406541596
2025-04-30 08:00:00+00:00,2.3459427419019274,2.412076632535755,3.5540281270234346
2025-04-30 12:00:00+00:00,2.327914149982932,2.393539801048523,3.5102629057421324
2025-04-30 16:00:00+00:00,2.3301812027691415,2.3958707637581704,3.515766278789271
2025-04-30 20:00:00+00:00,2.3304886962227744,2.3961869256835735,3.5165127330382346
2025-05-01 00:00:00+00:00,2.3398811675978575,2.4058441778922237,3.5393133815833773
2025-05-01 04:00:00+00:00,2.343622773784027,2.409691262771411,3.5483962996182945
2025-05-01 08:00:00+00:00,2.3613766366844198,2.427945620422341,3.59149460379672
2025-05-01 12:00:00+00:00,2.3717488108139726,2.438610193943092,3.6166735250340345
2025-05-01 16:00:00+00:00,2.366656633080583,2.433374463888798,3.604312033559445
2025-05-01 20:00:00+00:00,2.366143631245734,2.4328470001463183,3.603066698431734
2025-05-02 00:00:00+00:00,2.37556394469941,2.442532879322701,3.625934934880359
2025-05-02 04:00:00+00:00,2.3639914847175842,2.430634182988584,3.597842265516648
2025-05-02 08:00:00+00:00,2.3728974119236637,2.439791174982102,3.6194618061130797
2025-05-02 12:00:00+00:00,2.379069123952997,2.446136872216224,3.6344439158564175
2025-05-02 16:00:00+00:00,2.3728244995189507,2.4397162071218514,3.6192848079569973
2025-05-02 20:00:00+00:00,2.372253967643252,2.439129591523393,3.6178998160563434
2025-05-03 00:00:00+00:00,2.3637992051692907,2.4304364829351806,3.597375498227401
2025-05-03 04:00:00+00:00,2.3635712385368324,2.430202089751865,3.5968220989292696
2025-05-03 08:00:00+00:00,2.357715787908534,2.4241815695655817,3.582607728023286
2025-05-03 12:00:00+00:00,2.365047945467733,2.4317204261620033,3.600406871710687
2025-05-03 16:00:00+00:00,2.3640582441767526,2.4307028244471254,3.5980043271194746
2025-05-03 20:00:00+00:00,2.356399057561814,2.422827719599875,3.5794113056265213
2025-05-04 00:00:00+00:00,2.3543348981549643,2.4207053699865786,3.574400465422996
2025-05-04 04:00:00+00:00,2.356761619878078,2.4232005028205723,3.580291442027126
2025-05-04 08:00:00+00:00,2.349735109888847,2.41597591022904,3.563234271622711
2025-05-04 12:00:00+00:00,2.3504180868443885,2.416678140818729,3.5648922290341165
2025-05-04 16:00:00+00:00,2.3522096707635765,2.4185202308363207,3.569241379928405
2025-05-04 20:00:00+00:00,2.3414449818202834,2.40745207721396,3.520456729925455
2025-05-05 00:00:00+00:00,2.3414449818202834,2.40745207721396,3.5112651484656014
2025-05-05 04:00:00+00:00,2.3414449818202834,2.40745207721396,3.538540788366214
2025-05-05 08:00:00+00:00,2.3414449818202834,2.40745207721396,3.5115157091464693
2025-05-05 12:00:00+00:00,2.3414449818202834,2.40745207721396,3.5015130728448196
2025-05-05 16:00:00+00:00,2.3414449818202834,2.40745207721396,3.5230538231228263
2025-05-05 20:00:00+00:00,2.3414449818202834,2.40745207721396,3.5374866411201777
2025-05-06 00:00:00+00:00,2.3414449818202834,2.40745207721396,3.527043376497479
2025-05-06 04:00:00+00:00,2.3414449818202834,2.40745207721396,3.5250635363634086
2025-05-06 08:00:00+00:00,2.3414449818202834,2.40745207721396,3.5030899994548115
2025-05-06 12:00:00+00:00,2.3414449818202834,2.40745207721396,3.530961981244166
2025-05-06 16:00:00+00:00,2.3414449818202834,2.40745207721396,3.5460684377933593
2025-05-06 20:00:00+00:00,2.3866099879048854,2.453890318795543,3.615916241783958
2025-05-07 00:00:00+00:00,2.384852568399786,2.4520833563125732,3.6037011285312768
2025-05-07 04:00:00+00:00,2.392067851284656,2.4595020434496773,3.6219207361928327
2025-05-07 08:00:00+00:00,2.392845839546201,2.460301963785558,3.6238852663598156
2025-05-07 12:00:00+00:00,2.3910192455514085,2.458423876731994,3.6192728587143916
2025-05-07 16:00:00+00:00,2.3800185713874993,2.447113085288127,3.591494603796718
2025-05-07 20:00:00+00:00,2.392595481415276,2.46004454787059,3.6232530767432594
2025-05-08 00:00:00+00:00,2.4239795663343817,2.492313373752299,3.7025023207669574
2025-05-08 04:00:00+00:00,2.425451695804764,2.4938270036598635,3.7062196554585216
2025-05-08 08:00:00+00:00,2.427770429114215,2.4962111038055794,3.712074784334838
2025-05-08 12:00:00+00:00,2.4477183379818905,2.5167213592300848,3.762446069707397
2025-05-08 16:00:00+00:00,2.455732016347483,2.5249609492171072,3.7826817386446687
2025-05-08 20:00:00+00:00,2.4847399911380004,2.5547866806382697,3.8559309692254695
2025-05-09 00:00:00+00:00,2.4727535595607746,2.5424623425380672,3.825663537707699
2025-05-09 04:00:00+00:00,2.4901696423448327,2.5603693977970874,3.869641604872898
2025-05-09 08:00:00+00:00,2.48025498714933,2.550175241013306,3.844605701133009
2025-05-09 12:00:00+00:00,2.479333408961543,2.5492276828431466,3.842278586135739
2025-05-09 16:00:00+00:00,2.4836689078879775,2.553685402745704,3.8532263328446557
2025-05-09 20:00:00+00:00,2.4804572848003077,2.5503832415872436,3.845116531254361
2025-05-10 00:00:00+00:00,2.484217093116175,2.5542490417278576,3.854610577917647
2025-05-10 04:00:00+00:00,2.4921059621123036,2.562360303875403,3.874531085581219
2025-05-10 08:00:00+00:00,2.487303315320782,2.557422266858029,3.862403724578917
2025-05-10 12:00:00+00:00,2.482923600752796,2.552919084841723,3.851344327134412
2025-05-10 16:00:00+00:00,2.483701145379141,2.5537185490359944,3.853307737059901
2025-05-10 20:00:00+00:00,2.5076305322840406,2.578322523358667,3.91373281642901
2025-05-11 00:00:00+00:00,2.495763290697084,2.5661207353042204,3.8837663564593465
2025-05-11 04:00:00+00:00,2.486571760876786,2.556670089343944,3.8605564463549924
2025-05-11 08:00:00+00:00,2.5053011517298005,2.5759274758143222,3.9078508017568336
2025-05-11 12:00:00+00:00,2.49787750817956,2.5682945541679514,3.889105054006839
2025-05-11 16:00:00+00:00,2.5018702249751716,2.5723998286535594,3.8991872274545765
2025-05-11 20:00:00+00:00,2.49740429730008,2.567808003117805,3.8879101297463667
2025-05-12 00:00:00+00:00,2.497140038599571,2.5675362947657394,3.8872428392296596
2025-05-12 04:00:00+00:00,2.502579893415992,2.5731295031815757,3.9009792404314547
2025-05-12 08:00:00+00:00,2.4921531353218525,2.562408806933215,3.8746502045934355
2025-05-12 12:00:00+00:00,2.4738806887243356,2.5436212463206336,3.8285096979306124
2025-05-12 16:00:00+00:00,2.449520835045369,2.5185746700417133,3.803593286616771
2025-05-12 20:00:00+00:00,2.449520835045369,2.5185746700417133,3.8383700635625004
2025-05-13 00:00:00+00:00,2.449520835045369,2.5185746700417133,3.7983430881473197
2025-05-13 04:00:00+00:00,2.449520835045369,2.5185746700417133,3.833671770735855
2025-05-13 08:00:00+00:00,2.449520835045369,2.5185746700417133,3.873391799981626
2025-05-13 12:00:00+00:00,2.447439847497628,2.516435017889575,3.871649824458156
2025-05-13 16:00:00+00:00,2.473633749707525,2.5433673459071784,3.913086437086863
2025-05-13 20:00:00+00:00,2.4573816191898814,2.5266570556045482,3.8873768947951324
2025-05-14 00:00:00+00:00,2.4451947637887934,2.51412664358212,3.8680982855077333
2025-05-14 04:00:00+00:00,2.448242421844179,2.5172602174106933,3.872919431484909
2025-05-14 08:00:00+00:00,2.453633360940213,2.5228031311351877,3.881447456566369
2025-05-14 12:00:00+00:00,2.4434668684309266,2.5123500375543024,3.8653648962619025
2025-05-14 16:00:00+00:00,2.4389224092192245,2.507677466618845,3.8581759331798344
2025-05-14 20:00:00+00:00,2.443315323510195,2.5121942204682557,3.8651251645821456
2025-05-15 00:00:00+00:00,2.425512572144761,2.4938895961496783,3.836962666831964
2025-05-15 04:00:00+00:00,2.402529675474901,2.4702587943337697,3.8006056025517605
2025-05-15 08:00:00+00:00,2.416494941207433,2.484617751412698,3.82269751164491
2025-05-15 12:00:00+00:00,2.437261316373144,2.505969546315873,3.8555482200482896
2025-05-15 16:00:00+00:00,2.435040309894705,2.5036859279940504,3.852034769308668
2025-05-15 20:00:00+00:00,2.4493556396731,2.5184048176876312,3.8746804511137807
2025-05-16 00:00:00+00:00,2.4554877797833012,2.5247098274404522,3.8843809956258295
2025-05-16 04:00:00+00:00,2.448091821128562,2.5171053711476126,3.872681193460477
2025-05-16 08:00:00+00:00,2.446711865355052,2.5156865133827733,3.8704982162021264
2025-05-16 12:00:00+00:00,2.4592608234172015,2.528589236012671,3.8903496423068895
2025-05-16 16:00:00+00:00,2.4557028224979214,2.5249309323709634,3.8847211756262325
2025-05-16 20:00:00+00:00,2.4422785862954752,2.5111282568515647,3.863485131034646
2025-05-17 00:00:00+00:00,2.4433309028945702,2.512210239047195,3.8651498098950166
2025-05-17 04:00:00+00:00,2.441977384864241,2.510818564325404,3.8630086549857827
2025-05-17 08:00:00+00:00,2.4311905495953265,2.499727640055843,3.845944763132403
2025-05-17 12:00:00+00:00,2.4299007654101645,2.498401495884259,3.843904429957646
2025-05-17 16:00:00+00:00,2.4350719407660106,2.503718450563412,3.8520848067620754
2025-05-17 20:00:00+00:00,2.4343177569315313,2.5029430057193025,3.8508917495707595
2025-05-18 00:00:00+00:00,2.4383082037928356,2.5070459462794474,3.857204310390537
2025-05-18 04:00:00+00:00,2.4530304859751877,2.522183260671383,3.880493757640979
2025-05-18 08:00:00+00:00,2.450225016531437,2.519298702933594,3.8760557342548174
2025-05-18 12:00:00+00:00,2.490765879391034,2.5609824432141393,3.9401880661420434
2025-05-18 16:00:00+00:00,2.452194392347105,2.521323596934972,3.879171125850168
2025-05-18 20:00:00+00:00,2.512866416382246,2.583706010968301,3.975149309520482
2025-05-19 00:00:00+00:00,2.4456300423461586,2.5145741929694547,3.86878686061283
2025-05-19 04:00:00+00:00,2.436669771869481,2.50536132572766,3.8546124449868047
2025-05-19 08:00:00+00:00,2.430464455862977,2.4989810771949728,3.8447961421870227
2025-05-19 12:00:00+00:00,2.473496603914777,2.543226333871363,3.91286948365082
2025-05-19 16:00:00+00:00,2.4907587978526826,2.560975162041894,3.9401768637271
2025-05-19 20:00:00+00:00,2.4920816292168206,2.5623352850172894,3.9422694748382527
2025-05-20 00:00:00+00:00,2.496523642173698,2.566902521660933,3.949296376317494
2025-05-20 04:00:00+00:00,2.4790508904954627,2.5489371999689796,3.9216559111036067
2025-05-20 08:00:00+00:00,2.4833482040186823,2.5533556579930807,3.928453909904201
2025-05-20 12:00:00+00:00,2.4864149822276183,2.556508890986716,3.93330530240172
2025-05-20 16:00:00+00:00,2.5270107852060746,2.5982491201894002,3.996516422366888
2025-05-20 20:00:00+00:00,2.5245112854293827,2.59567915763375,3.9899264150703817
2025-05-21 00:00:00+00:00,2.5244206417384785,2.5955859586290124,3.989687430218287
2025-05-21 04:00:00+00:00,2.519939019377086,2.5909779959619437,3.977871496351371
2025-05-21 08:00:00+00:00,2.5202120834959354,2.5912587579637165,3.978591438218306
2025-05-21 12:00:00+00:00,2.5545845959792253,2.626600257430694,4.06921561437404
2025-05-21 16:00:00+00:00,2.549350489352558,2.621218597400855,4.055415732820907
2025-05-21 20:00:00+00:00,2.5640829217398813,2.636366348139675,4.094258239562894
2025-05-22 00:00:00+00:00,2.594347292194458,2.667483893963793,4.174051174125107
2025-05-22 04:00:00+00:00,2.583931907217229,2.6567748914490643,4.146590694377953
2025-05-22 08:00:00+00:00,2.5830328351080696,2.655850473820819,4.144220263376241
2025-05-22 12:00:00+00:00,2.587407667871115,2.6603486364104305,4.155754643214284
2025-05-22 16:00:00+00:00,2.58595085380136,2.6588507536561576,4.151913708544527
2025-05-22 20:00:00+00:00,2.593148671013012,2.666251482749577,4.170890972869988
2025-05-23 00:00:00+00:00,2.584704644682189,2.6575694129644543,4.148628040242058
2025-05-23 04:00:00+00:00,2.5792576670126635,2.651968880896926,4.134266917700335
2025-05-23 08:00:00+00:00,2.556043392879719,2.6281001789131944,4.073061776837435
2025-05-23 12:00:00+00:00,2.554112257371152,2.6261146032419407,4.067970279246328
2025-05-23 16:00:00+00:00,2.550940719604864,2.622853657440226,4.05960842331984
2025-05-23 20:00:00+00:00,2.5311439958805524,2.6024988491820054,4.007413758208567
2025-05-24 00:00:00+00:00,2.5459869002661653,2.6177601862078497,4.046547527739044
2025-05-24 04:00:00+00:00,2.5349602368983994,2.606422672904919,4.017475393895578
2025-05-24 08:00:00+00:00,2.557915893250733,2.630025466478258,4.077998681102345
2025-05-24 12:00:00+00:00,2.553966377681103,2.62596461109369,4.067585662999989
2025-05-24 16:00:00+00:00,2.5543955189052285,2.6264058501317464,4.068717106909125
2025-05-24 20:00:00+00:00,2.537426878337138,2.6089588508213515,4.0239787691832
2025-05-25 00:00:00+00:00,2.542155079863944,2.613820343905996,4.03644481653058
2025-05-25 04:00:00+00:00,2.5362924158931612,2.6077924070276777,4.020987724393705
2025-05-25 08:00:00+00:00,2.5303182885087194,2.60164986449822,4.005236755571519
2025-05-25 12:00:00+00:00,2.5261822452189,2.597397223036715,3.9943319514532125
2025-05-25 16:00:00+00:00,2.5367909561931357,2.608305001553736,4.022302141080224
2025-05-25 20:00:00+00:00,2.5550213852647703,2.6270493601347726,4.07036722263007
2025-05-26 00:00:00+00:00,2.563793145190519,2.6360684025714005,4.093494234863853
2025-05-26 04:00:00+00:00,2.5704652289949257,2.6429285774373406,4.111085387047167
2025-05-26 08:00:00+00:00,2.5659061346039636,2.6382409587459104,4.099065195814476
2025-05-26 12:00:00+00:00,2.5692642000904407,2.641693690624562,4.107918837756915
2025-05-26 16:00:00+00:00,2.5568094736986273,2.6288878561266733,4.075081572251466
2025-05-26 20:00:00+00:00,2.561120006093438,2.633319905672299,4.086446422210053
2025-05-27 00:00:00+00:00,2.5534346957816396,2.6254179406815226,4.066183867476921
2025-05-27 04:00:00+00:00,2.562711511022648,2.6349562763226757,4.090642473433469
2025-05-27 08:00:00+00:00,2.563254381752705,2.6355144509869888,4.092073768649217
2025-05-27 12:00:00+00:00,2.571109507354183,2.6435910184882045,4.112784046566195
2025-05-27 16:00:00+00:00,2.5673953821193707,2.6397721892690655,4.102991642251622
2025-05-27 20:00:00+00:00,2.554086338940783,2.626087954151522,4.067901944515182
2025-05-28 00:00:00+00:00,2.553030764834047,2.6250026226166594,4.065118891229774
2025-05-28 04:00:00+00:00,2.552362267613626,2.6243152799567167,4.063356377945578
2025-05-28 08:00:00+00:00,2.553126223971031,2.625100772818524,4.065370572152137
2025-05-28 12:00:00+00:00,2.5297621698934525,2.6010780684808474,3.9995350997799055
2025-05-28 16:00:00+00:00,2.5297621698934525,2.6010780684808474,3.9935119346794608
2025-05-28 20:00:00+00:00,2.5297621698934525,2.6010780684808474,4.024720742466185
2025-05-29 00:00:00+00:00,2.5297621698934525,2.6010780684808474,4.034545260370258
2025-05-29 04:00:00+00:00,2.5297621698934525,2.6010780684808474,4.028415298914034
2025-05-29 08:00:00+00:00,2.5297621698934525,2.6010780684808474,4.061989683322662
2025-05-29 12:00:00+00:00,2.4878378206741023,2.5579718403193374,3.9962707160658275
2025-05-29 16:00:00+00:00,2.457761577089005,2.5270477248026686,3.9481694133743357
2025-05-29 20:00:00+00:00,2.457761577089005,2.5270477248026686,3.94286731038232
2025-05-30 00:00:00+00:00,2.457761577089005,2.5270477248026686,3.959095128667201
2025-05-30 04:00:00+00:00,2.457761577089005,2.5270477248026686,3.921891535231219
2025-05-30 08:00:00+00:00,2.457761577089005,2.5270477248026686,3.953724690944039
2025-05-30 12:00:00+00:00,2.457761577089005,2.5270477248026686,3.9411216007205363
2025-05-30 16:00:00+00:00,2.457761577089005,2.5270477248026686,3.907421002436896
2025-05-30 20:00:00+00:00,2.457761577089005,2.5270477248026686,3.882961649652685
2025-05-31 00:00:00+00:00,2.457761577089005,2.5270477248026686,3.8717043428775386
2025-05-31 04:00:00+00:00,2.457761577089005,2.5270477248026686,3.8740572234291757
2025-05-31 08:00:00+00:00,2.457761577089005,2.5270477248026686,3.864765193648675
2025-05-31 12:00:00+00:00,2.457761577089005,2.5270477248026686,3.9042686428722364
2025-05-31 16:00:00+00:00,2.457761577089005,2.5270477248026686,3.9095688787950955
2025-05-31 20:00:00+00:00,2.457761577089005,2.5270477248026686,3.9056054643886404
2025-06-01 00:00:00+00:00,2.457761577089005,2.5270477248026686,3.89773203375362
2025-06-01 04:00:00+00:00,2.457761577089005,2.5270477248026686,3.893808201213293
2025-06-01 08:00:00+00:00,2.457761577089005,2.5270477248026686,3.88659123209387
2025-06-01 12:00:00+00:00,2.457761577089005,2.5270477248026686,3.910206669619123
2025-06-01 16:00:00+00:00,2.457761577089005,2.5270477248026686,3.925398637935706
2025-06-01 20:00:00+00:00,2.457761577089005,2.5270477248026686,3.9448531251376933
2025-06-02 00:00:00+00:00,2.4378564076129376,2.5065814136253715,3.91446993533219
2025-06-02 04:00:00+00:00,2.4508422751860977,2.519933362574061,3.9353213636774362
2025-06-02 08:00:00+00:00,2.4196792162246687,2.4878917935380427,3.885282790028653
2025-06-02 12:00:00+00:00,2.428775602509128,2.497244613794633,3.899888872043773
2025-06-02 16:00:00+00:00,2.428469560214603,2.4969299439376047,3.899397459441654
2025-06-02 20:00:00+00:00,2.4617797988913432,2.5311792233003287,3.952883762995732
2025-06-03 00:00:00+00:00,2.45303643099829,2.522189373289156,3.938844523176673
2025-06-03 04:00:00+00:00,2.445797693535006,2.5147465703714293,3.9272212708467573
2025-06-03 08:00:00+00:00,2.448506725973397,2.517531972472133,3.9315711685687087
2025-06-03 12:00:00+00:00,2.479283511187709,2.549176378413528,3.9809895018435406
2025-06-03 16:00:00+00:00,2.4706359559278956,2.5402850420658014,3.9671041085230176
2025-06-03 20:00:00+00:00,2.4505915809661154,2.5196756010954315,3.934918823567189
2025-06-04 00:00:00+00:00,2.453902698131349,2.5230800611443467,3.9402354896986296
2025-06-04 04:00:00+00:00,2.4492860175607474,2.5183332328755537,3.9328224783177226
2025-06-04 08:00:00+00:00,2.443788651451114,2.512680891879886,3.923995348757313
2025-06-04 12:00:00+00:00,2.4487632340667562,2.5177957117216017,3.9319830440247405
2025-06-04 16:00:00+00:00,2.4398156829407296,2.508595922398521,3.917615946861715
2025-06-04 20:00:00+00:00,2.4347771477179485,2.503415347077562,3.9095255627906527
2025-06-05 00:00:00+00:00,2.442923314537795,2.5117911604680283,3.9226058758906817
2025-06-05 04:00:00+00:00,2.43061883292433,2.4991398062618115,3.9028485500714307
2025-06-05 08:00:00+00:00,2.4378222220374863,2.50654626433283,3.914415043498974
2025-06-05 12:00:00+00:00,2.430931386757037,2.4994611712221815,3.9033504182608296
2025-06-05 16:00:00+00:00,2.3964446167102924,2.464002193185085,3.8056384741713356
2025-06-05 20:00:00+00:00,2.3964446167102924,2.464002193185085,3.7904745118921066
2025-06-06 00:00:00+00:00,2.3964446167102924,2.464002193185085,3.8272415845591854
2025-06-06 04:00:00+00:00,2.3964446167102924,2.464002193185085,3.8517801010756525
2025-06-06 08:00:00+00:00,2.3964446167102924,2.464002193185085,3.880814893535979
2025-06-06 12:00:00+00:00,2.3964446167102924,2.464002193185085,3.9242910925117798
2025-06-06 16:00:00+00:00,2.375598625067013,2.4425685373559474,3.891711482549995
2025-06-06 20:00:00+00:00,2.3746483856169864,2.4415915099410053,3.8942745950887088
2025-06-07 00:00:00+00:00,2.3746483856169864,2.4415915099410053,3.916049849252833
2025-06-07 04:00:00+00:00,2.3735955400460296,2.440508983861398,3.915880319373378
2025-06-07 08:00:00+00:00,2.3800003773520775,2.4470943783491537,3.926446810560438
2025-06-07 12:00:00+00:00,2.3892374487893258,2.4565918497788215,3.941685829019778
2025-06-07 16:00:00+00:00,2.3930354899242685,2.460496960550442,3.9479517131106308
2025-06-07 20:00:00+00:00,2.3891025481626014,2.4564531462019508,3.9414632743762645
2025-06-08 00:00:00+00:00,2.3872791262684956,2.4545783206729777,3.9384550525505246
2025-06-08 04:00:00+00:00,2.3862574124613953,2.4535278039850694,3.9367694625155956
2025-06-08 08:00:00+00:00,2.392148224057226,2.45958468199116,3.946487930891552
2025-06-08 12:00:00+00:00,2.398888954870083,2.466515439076358,3.957608568204406
2025-06-08 16:00:00+00:00,2.4058030646763466,2.473624462839212,3.969015240512111
2025-06-08 20:00:00+00:00,2.393218601681013,2.4606852343653554,3.9482538049002307
2025-06-09 00:00:00+00:00,2.391523969143628,2.458942828861951,3.9454580555445564
2025-06-09 04:00:00+00:00,2.389296298056017,2.456652358050611,3.941782916615941
2025-06-09 08:00:00+00:00,2.4383856106691013,2.507125535313781,4.023877947448721
2025-06-09 12:00:00+00:00,2.4367111226883917,2.505403842257259,4.019273754907587
2025-06-09 16:00:00+00:00,2.449324919779738,2.5183732317773613,4.053956804981635
2025-06-09 20:00:00+00:00,2.4723888527695137,2.542087354388004,4.117373675967903
2025-06-10 00:00:00+00:00,2.4629503357655134,2.5323827584895193,4.0914214146857635
2025-06-10 04:00:00+00:00,2.458022207635424,2.5273157027202497,4.077870973572004
2025-06-10 08:00:00+00:00,2.462587190521359,2.5320093759077555,4.090422906100606
2025-06-10 12:00:00+00:00,2.4554456962023328,2.5246665574916736,4.070786566362727
2025-06-10 16:00:00+00:00,2.4623837531332735,2.531800203466663,4.089863532181172
2025-06-10 20:00:00+00:00,2.472543264191579,2.5422461187842127,4.117798247494202
2025-06-11 00:00:00+00:00,2.465054378124406,2.5345461153852775,4.0972067151756075
2025-06-11 04:00:00+00:00,2.4613032805968156,2.5306892715966147,4.086892651738573
2025-06-11 08:00:00+00:00,2.458659816805695,2.5279712865726722,4.0796241515104175
2025-06-11 12:00:00+00:00,2.465227530774479,2.534724149338811,4.09768281781064
2025-06-11 16:00:00+00:00,2.451737513370761,2.5208538381965924,4.060590501696415
2025-06-11 20:00:00+00:00,2.4504168000202013,2.5194958929431714,4.056959052186072
2025-06-12 00:00:00+00:00,2.4397550783736826,2.508533609343138,4.027643452524535
2025-06-12 04:00:00+00:00,2.4366788008603786,2.5053706092525987,4.019184882415714
2025-06-12 08:00:00+00:00,2.426729924908162,2.4951412670032296,3.991829331955183
2025-06-12 12:00:00+00:00,2.4231611773728297,2.4914719137902797,3.996310297931955
2025-06-12 16:00:00+00:00,2.4231611773728297,2.4914719137902797,3.987641495836058
2025-06-12 20:00:00+00:00,2.4231611773728297,2.4914719137902797,3.945928556972117
2025-06-13 00:00:00+00:00,2.4231611773728297,2.4914719137902797,3.8938556247698797
2025-06-13 04:00:00+00:00,2.4231611773728297,2.4914719137902797,3.916924384445965
2025-06-13 08:00:00+00:00,2.4231611773728297,2.4914719137902797,3.9223194674819983
2025-06-13 12:00:00+00:00,2.4231611773728297,2.4914719137902797,3.937158559727911
2025-06-13 16:00:00+00:00,2.4231611773728297,2.4914719137902797,3.9249527818210153
2025-06-13 20:00:00+00:00,2.4231611773728297,2.4914719137902797,3.960673175518686
2025-06-14 00:00:00+00:00,2.403060160680264,2.4708042343161254,3.9293896849656833
2025-06-14 04:00:00+00:00,2.4020991648898558,2.469816147331475,3.9237052062103164
2025-06-14 08:00:00+00:00,2.4020991648898558,2.469816147331475,3.923907596506934
2025-06-14 12:00:00+00:00,2.4020991648898558,2.469816147331475,3.9149191521713607
2025-06-14 16:00:00+00:00,2.4020991648898558,2.469816147331475,3.9076140573877276
2025-06-14 20:00:00+00:00,2.4020991648898558,2.469816147331475,3.9363284607807145
2025-06-15 00:00:00+00:00,2.4020991648898558,2.469816147331475,3.938528241661478
2025-06-15 04:00:00+00:00,2.4020991648898558,2.469816147331475,3.9368273416594612
2025-06-15 08:00:00+00:00,2.4020991648898558,2.469816147331475,3.9197440322868484
2025-06-15 12:00:00+00:00,2.4020991648898558,2.469816147331475,3.9419057697664694
2025-06-15 16:00:00+00:00,2.4020991648898558,2.469816147331475,3.9318306911815286
2025-06-15 20:00:00+00:00,2.4020991648898558,2.469816147331475,3.9430263846744937
2025-06-16 00:00:00+00:00,2.4020991648898558,2.469816147331475,3.9552680103092035
2025-06-16 04:00:00+00:00,2.4020991648898558,2.469816147331475,3.9978356934332138
2025-06-16 08:00:00+00:00,2.3971504751633925,2.4647279503189616,3.991196022097132
2025-06-16 12:00:00+00:00,2.4092831293854995,2.4772026331904002,4.011396590134252
2025-06-16 16:00:00+00:00,2.4368026813693326,2.5054979820462897,4.057215960902073
2025-06-16 20:00:00+00:00,2.3951441028198066,2.4626650168297126,3.987855461961448
2025-06-17 00:00:00+00:00,2.4129937744139625,2.4810178840935553,4.017574721974727
2025-06-17 04:00:00+00:00,2.394336485246673,2.461834631909661,3.9865107987545856
2025-06-17 08:00:00+00:00,2.369283744061756,2.436075635104772,3.9447986067183076
2025-06-17 12:00:00+00:00,2.368336254750337,2.4351014353569136,3.892526644943935
2025-06-17 16:00:00+00:00,2.368336254750337,2.4351014353569136,3.9091245163357304
2025-06-17 20:00:00+00:00,2.368336254750337,2.4351014353569136,3.9040852966810187
2025-06-18 00:00:00+00:00,2.368336254750337,2.4351014353569136,3.9277474109351953
2025-06-18 04:00:00+00:00,2.368336254750337,2.4351014353569136,3.9198459742628207
2025-06-18 08:00:00+00:00,2.368336254750337,2.4351014353569136,3.9148926397893304
2025-06-18 12:00:00+00:00,2.368336254750337,2.4351014353569136,3.913414667844658
2025-06-18 16:00:00+00:00,2.368336254750337,2.4351014353569136,3.8763496109401245
2025-06-18 20:00:00+00:00,2.368336254750337,2.4351014353569136,3.916617438276556
2025-06-19 00:00:00+00:00,2.368336254750337,2.4351014353569136,3.92458011481728
2025-06-19 04:00:00+00:00,2.368336254750337,2.4351014353569136,3.907508754687272
2025-06-19 08:00:00+00:00,2.368336254750337,2.4351014353569136,3.9124893483704546
2025-06-19 12:00:00+00:00,2.368336254750337,2.4351014353569136,3.88712334680361
2025-06-19 16:00:00+00:00,2.368336254750337,2.4351014353569136,3.8928556225293964
2025-06-19 20:00:00+00:00,2.368336254750337,2.4351014353569136,3.9080965080578927
2025-06-20 00:00:00+00:00,2.368336254750337,2.4351014353569136,3.905782835958553
2025-06-20 04:00:00+00:00,2.368336254750337,2.4351014353569136,3.9511567240255165
2025-06-20 08:00:00+00:00,2.368336254750337,2.4351014353569136,3.9573583809373694
2025-06-20 12:00:00+00:00,2.368336254750337,2.4351014353569136,3.8916438946465113
2025-06-20 16:00:00+00:00,2.368336254750337,2.4351014353569136,3.8576344831243046
2025-06-20 20:00:00+00:00,2.368336254750337,2.4351014353569136,3.8572898221579246
2025-06-21 00:00:00+00:00,2.368336254750337,2.4351014353569136,3.8646789350536213
2025-06-21 04:00:00+00:00,2.368336254750337,2.4351014353569136,3.8632834875656883
2025-06-21 08:00:00+00:00,2.368336254750337,2.4351014353569136,3.8788227307454712
2025-06-21 12:00:00+00:00,2.368336254750337,2.4351014353569136,3.8671072451992
2025-06-21 16:00:00+00:00,2.368336254750337,2.4351014353569136,3.817973453263894
2025-06-21 20:00:00+00:00,2.368336254750337,2.4351014353569136,3.81330241964694
2025-06-22 00:00:00+00:00,2.368336254750337,2.4351014353569136,3.8228390354870054
2025-06-22 04:00:00+00:00,2.368336254750337,2.4351014353569136,3.824676604951314
2025-06-22 08:00:00+00:00,2.368336254750337,2.4351014353569136,3.8364342862605327
2025-06-22 12:00:00+00:00,2.433721135257867,2.4351014353569136,3.6932946825123545
2025-06-22 16:00:00+00:00,2.433989575462283,2.4351014353569136,3.6924220143883777
2025-06-22 20:00:00+00:00,2.399529149679983,2.4351014353569136,3.770130552943729
2025-06-23 00:00:00+00:00,2.3966792787300033,2.4351014353569136,3.7772354979137326
2025-06-23 04:00:00+00:00,2.3851273649844305,2.4351014353569136,3.806246018475018
2025-06-23 08:00:00+00:00,2.3945946457266967,2.4351014353569136,3.782271730257793
2025-06-23 12:00:00+00:00,2.3925919152830115,2.4351014353569136,3.787189217003469
2025-06-23 16:00:00+00:00,2.3657830554531465,2.4351014353569136,3.852185255082718
2025-06-23 20:00:00+00:00,2.3346581114442975,2.4351014353569136,3.9333146377475035
2025-06-24 00:00:00+00:00,2.333929685860168,2.4351014353569136,3.9178429824712038
2025-06-24 04:00:00+00:00,2.333044677984638,2.4351014353569136,3.9183709896288
2025-06-24 08:00:00+00:00,2.3298261541303,2.4351014353569136,3.9271932648094015
2025-06-24 12:00:00+00:00,2.328781167553472,2.4351014353569136,3.9299837863714364
2025-06-24 16:00:00+00:00,2.3231625229762263,2.4351014353569136,3.944862833897308
2025-06-24 20:00:00+00:00,2.322424300767351,2.4351014353569136,3.961285947616009
2025-06-25 00:00:00+00:00,2.322424300767351,2.4351014353569136,3.966850187117666
2025-06-25 04:00:00+00:00,2.322424300767351,2.4351014353569136,3.9805918161131006
2025-06-25 08:00:00+00:00,2.322424300767351,2.4351014353569136,4.002922336644514
2025-06-25 12:00:00+00:00,2.322424300767351,2.4351014353569136,3.9965735546830907
2025-06-25 16:00:00+00:00,2.322424300767351,2.4351014353569136,4.023970180665075
2025-06-25 20:00:00+00:00,2.312423845156462,2.4246157873191057,4.008245724224919
2025-06-26 00:00:00+00:00,2.311499090960899,2.423646166794456,4.027409695466079
2025-06-26 04:00:00+00:00,2.311499090960899,2.423646166794456,4.025923508417116
2025-06-26 08:00:00+00:00,2.311499090960899,2.423646166794456,4.007679255442688
2025-06-26 12:00:00+00:00,2.311499090960899,2.423646166794456,4.007238253707808
2025-06-26 16:00:00+00:00,2.311499090960899,2.423646166794456,4.0154302063410094
2025-06-26 20:00:00+00:00,2.311499090960899,2.423646166794456,3.9935511431317567
2025-06-27 00:00:00+00:00,2.311499090960899,2.423646166794456,4.013368215164031
2025-06-27 04:00:00+00:00,2.311499090960899,2.423646166794456,3.9906627871458955
2025-06-27 08:00:00+00:00,2.311499090960899,2.423646166794456,3.994915597271684
2025-06-27 12:00:00+00:00,2.311499090960899,2.423646166794456,4.007038477308009
2025-06-27 16:00:00+00:00,2.311499090960899,2.423646166794456,3.9880978075380247
2025-06-27 20:00:00+00:00,2.311499090960899,2.423646166794456,3.9973050723787966
2025-06-28 00:00:00+00:00,2.311499090960899,2.423646166794456,4.006735265276913
2025-06-28 04:00:00+00:00,2.311499090960899,2.423646166794456,4.013638566777962
2025-06-28 08:00:00+00:00,2.311499090960899,2.423646166794456,4.009470895005732
2025-06-28 12:00:00+00:00,2.311499090960899,2.423646166794456,4.012304732572209
2025-06-28 16:00:00+00:00,2.311499090960899,2.423646166794456,4.003957439785146
2025-06-28 20:00:00+00:00,2.311499090960899,2.423646166794456,4.006610545057226
2025-06-29 00:00:00+00:00,2.311499090960899,2.423646166794456,4.0033988126933755
2025-06-29 04:00:00+00:00,2.311499090960899,2.423646166794456,4.010545953426327
2025-06-29 08:00:00+00:00,2.311499090960899,2.423646166794456,4.050685326404757
2025-06-29 12:00:00+00:00,2.311499090960899,2.423646166794456,4.0235609191058614
2025-06-29 16:00:00+00:00,2.311499090960899,2.423646166794456,4.010718844030264
2025-06-29 20:00:00+00:00,2.311499090960899,2.423646166794456,4.04619763897902
2025-06-30 00:00:00+00:00,2.311499090960899,2.423646166794456,4.0516797274377705
2025-06-30 04:00:00+00:00,2.311499090960899,2.423646166794456,4.018458592513644
2025-06-30 08:00:00+00:00,2.311499090960899,2.423646166794456,4.019956728805211
2025-06-30 12:00:00+00:00,2.311499090960899,2.423646166794456,4.017203175212485
2025-06-30 16:00:00+00:00,2.311499090960899,2.423646166794456,4.023383547535948
2025-06-30 20:00:00+00:00,2.311499090960899,2.423646166794456,4.000998508585152
2025-07-01 00:00:00+00:00,2.311499090960899,2.423646166794456,4.002711731243605
2025-07-01 04:00:00+00:00,2.311499090960899,2.423646166794456,4.0022117301233635
2025-07-01 08:00:00+00:00,2.311499090960899,2.423646166794456,3.9808080227214795
2025-07-01 12:00:00+00:00,2.311499090960899,2.423646166794456,3.9565129720230834
2025-07-01 16:00:00+00:00,2.311499090960899,2.423646166794456,3.935726891098332
2025-07-01 20:00:00+00:00,2.311499090960899,2.423646166794456,3.946279939387462
2025-07-02 00:00:00+00:00,2.3218030024268237,2.434449993464791,3.965456980112721
2025-07-02 04:00:00+00:00,2.3411588855174905,2.454744966558687,3.998515306606358
2025-07-02 08:00:00+00:00,2.3518490838593427,2.4659538215977483,4.013451486448434
2025-07-02 12:00:00+00:00,2.3683484820005063,2.4832537215698585,4.060417611092478
2025-07-02 16:00:00+00:00,2.380658587518827,2.4961610768740345,4.095458765030836
2025-07-02 20:00:00+00:00,2.369815882259756,2.4847923157347402,4.064594618210492
2025-07-03 00:00:00+00:00,2.3669116471140814,2.4817471757189775,4.056327609397179
2025-07-03 04:00:00+00:00,2.3754619494113816,2.490712313308182,4.080666349513849
2025-07-03 08:00:00+00:00,2.3796491431245026,2.495102657233523,4.0925853455982315
2025-07-03 12:00:00+00:00,2.3734658862659552,2.4886194071028496,4.074984484655301
2025-07-03 16:00:00+00:00,2.382328139020657,2.497911630059843,4.100211202863035
2025-07-03 20:00:00+00:00,2.3794601100676833,2.4949044528537985,4.092047256267187
2025-07-04 00:00:00+00:00,2.3748791084180105,2.4901011945995664,4.079007271860949
2025-07-04 04:00:00+00:00,2.367853401669879,2.482734621410886,4.0590083472927825
2025-07-04 08:00:00+00:00,2.370319620592986,2.485320493956906,4.066028527323059
2025-07-04 12:00:00+00:00,2.3530730105908644,2.4672371296219167,4.016935437495374
2025-07-04 16:00:00+00:00,2.3517079321805525,2.465805821658412,4.013049693165851
2025-07-04 20:00:00+00:00,2.3584639290294342,2.472889599423975,4.032280878896663
2025-07-05 00:00:00+00:00,2.3607003173380057,2.4752344906561317,4.038646837894331
2025-07-05 04:00:00+00:00,2.359371969847826,2.4738416956879936,4.034865649437598
2025-07-05 08:00:00+00:00,2.360142663261297,2.4746497808586247,4.037059455697059
2025-07-05 12:00:00+00:00,2.359431526411182,2.4739041417590517,4.035035179317052
2025-07-05 16:00:00+00:00,2.360530568014256,2.4750565055989746,4.038163640396501
2025-07-05 20:00:00+00:00,2.3612696466000425,2.475831442084308,4.040267453922596
2025-07-06 00:00:00+00:00,2.359333008836115,2.4738008444036224,4.034754745529672
2025-07-06 04:00:00+00:00,2.359199465705066,2.4736608221561838,4.034374610249309
2025-07-06 08:00:00+00:00,2.357951367424927,2.4723521698515945,4.035707697627399
2025-07-06 12:00:00+00:00,2.357951367424927,2.4723521698515945,4.066700298805744
2025-07-06 16:00:00+00:00,2.349053668403262,2.463022780879962,4.052976220260384
2025-07-06 20:00:00+00:00,2.363454216650235,2.4781220009899756,4.0778224297739225
2025-07-07 00:00:00+00:00,2.367471731109771,2.482334433327921,4.084754110726157
2025-07-07 04:00:00+00:00,2.3603645201343535,2.4748824015687347,4.072491573916889
2025-07-07 08:00:00+00:00,2.3512947588643134,2.4653726023990816,4.056842920484507
2025-07-07 12:00:00+00:00,2.3437324041670617,2.4574433446954522,4.043795094387809
2025-07-07 16:00:00+00:00,2.3386267001528993,2.4520899270752152,4.034985888691306
2025-07-07 20:00:00+00:00,2.343090701297239,2.456770508306829,4.042687922377715
2025-07-08 00:00:00+00:00,2.335268635489098,2.4485689390799794,4.02919199968334
2025-07-08 04:00:00+00:00,2.347888214793146,2.4618007829195117,4.050965386778307
2025-07-08 08:00:00+00:00,2.353769805751091,2.4679677312153685,4.061113281060369
2025-07-08 12:00:00+00:00,2.3432077877230655,2.4568932754185475,4.0428899392605
2025-07-08 16:00:00+00:00,2.354105482361916,2.4683196938591303,4.061692445912867
2025-07-08 20:00:00+00:00,2.3573756780998663,2.4717485497890093,4.067334728905286
2025-07-09 00:00:00+00:00,2.3455464862766258,2.4593454406851443,4.046925049122583
2025-07-09 04:00:00+00:00,2.352861249714829,2.4670150947366367,4.0595456897961615
2025-07-09 08:00:00+00:00,2.3603037044492208,2.4748186352870465,4.072386644630265
2025-07-09 12:00:00+00:00,2.360586140282313,2.4751147740685484,4.072873949680238
2025-07-09 16:00:00+00:00,2.4075280352048205,2.5243341504186847,4.172899565869071
2025-07-09 20:00:00+00:00,2.400827358688315,2.5173083769638454,4.15363103875512
2025-07-10 00:00:00+00:00,2.3987564222900817,2.5151369648776885,4.147675834971989
2025-07-10 04:00:00+00:00,2.400775546321692,2.517254050814963,4.153482046636392
2025-07-10 08:00:00+00:00,2.398048449801797,2.5143946436653906,4.1456399827632096
2025-07-10 12:00:00+00:00,2.403092169430827,2.5196830696020855,4.160143749388527
2025-07-10 16:00:00+00:00,2.4276791501542947,2.5454629376610898,4.230846297639196
2025-07-10 20:00:00+00:00,2.462846501824291,2.582336504864556,4.331973858044484
2025-07-11 00:00:00+00:00,2.4741660105924113,2.5942052026041025,4.36452434172742
2025-07-11 04:00:00+00:00,2.4825440313185974,2.602989700031659,4.388616255301535
2025-07-11 08:00:00+00:00,2.486375159770884,2.607006703466439,4.3996330835692605
2025-07-11 12:00:00+00:00,2.474437278847735,2.5944896319901054,4.3653044032212085
2025-07-11 16:00:00+00:00,2.490100715656594,2.610913012267031,4.41034632639206
2025-07-11 20:00:00+00:00,2.482554160051921,2.6030003201810636,4.388645381580384
2025-07-12 00:00:00+00:00,2.4857584757380757,2.6063600997545526,4.397859741283953
2025-07-12 04:00:00+00:00,2.4852074986163237,2.6057823908580415,4.396275346397332
2025-07-12 08:00:00+00:00,2.486220501804348,2.606844541954361,4.399188347696065
2025-07-12 12:00:00+00:00,2.477000887223325,2.5971776190358105,4.372676339080662
2025-07-12 16:00:00+00:00,2.482856723496107,2.603317563105615,4.3895154358075406
2025-07-12 20:00:00+00:00,2.481156135142002,2.60153446725157,4.384625208271556
2025-07-13 00:00:00+00:00,2.4854881164716396,2.606076623458881,4.397082293686983
2025-07-13 04:00:00+00:00,2.4886747718022546,2.6094178858487913,4.406245869109482
2025-07-13 08:00:00+00:00,2.4896228472125563,2.610411959064306,4.408972163492517
2025-07-13 12:00:00+00:00,2.4974171672170176,2.6185844363434243,4.4313855818945
2025-07-13 16:00:00+00:00,2.5011679150804844,2.6225171593617684,4.442171267000591
2025-07-13 20:00:00+00:00,2.502798381434649,2.6242267311045437,4.44685985106762
2025-07-14 00:00:00+00:00,2.5244011516384406,2.6468776036059887,4.508980976058938
2025-07-14 04:00:00+00:00,2.5501878678386625,2.6739154147465083,4.583133494697888
2025-07-14 08:00:00+00:00,2.5337117949638306,2.656639971713428,4.5357547477701505
2025-07-14 12:00:00+00:00,2.513077617348102,2.635004685037833,4.476418916547227
2025-07-14 16:00:00+00:00,2.513872073636313,2.6358376859873633,4.478703462367719
2025-07-14 20:00:00+00:00,2.512596502515179,2.634500227941068,4.475035418301899
2025-07-15 00:00:00+00:00,2.4926854786667954,2.6136231803074357,4.374485902507615
2025-07-15 04:00:00+00:00,2.4926854786667954,2.6136231803074357,4.360693862644942
2025-07-15 08:00:00+00:00,2.4926854786667954,2.6136231803074357,4.373197998203124
2025-07-15 12:00:00+00:00,2.4926854786667954,2.6136231803074357,4.346216981815484
2025-07-15 16:00:00+00:00,2.4926854786667954,2.6136231803074357,4.347137073496048
2025-07-15 20:00:00+00:00,2.4926854786667954,2.6136231803074357,4.39724995649728
2025-07-16 00:00:00+00:00,2.4926854786667954,2.6136231803074357,4.386965392752925
2025-07-16 04:00:00+00:00,2.4926854786667954,2.6136231803074357,4.413350067251823
2025-07-16 08:00:00+00:00,2.5039122817985335,2.625394674608254,4.435000974610092
2025-07-16 12:00:00+00:00,2.510799834351897,2.6326163907706492,4.447200404481854
2025-07-16 16:00:00+00:00,2.5136332811323445,2.6355873079797894,4.452219086375839
2025-07-16 20:00:00+00:00,2.5009896573403982,2.6223302530851655,4.4298243386654255
2025-07-17 00:00:00+00:00,2.490414196711859,2.611241702492749,4.411092780641024
2025-07-17 04:00:00+00:00,2.4942711839773564,2.615285819333613,4.417924386686445
2025-07-17 08:00:00+00:00,2.487593399247397,2.6082840483068646,4.406096503576923
2025-07-17 12:00:00+00:00,2.506293093888682,2.627890996635249,4.439217937008066
2025-07-17 16:00:00+00:00,2.5079305478428284,2.62960789499562,4.442118242236531
2025-07-17 20:00:00+00:00,2.5125243577644008,2.634424582941092,4.4502549296226865
2025-07-18 00:00:00+00:00,2.5345664233325618,2.657536064114246,4.489296465936809
2025-07-18 04:00:00+00:00,2.515938618970453,2.638004493968028,4.456302366622173
2025-07-18 08:00:00+00:00,2.512393226522032,2.6342870896000146,4.450022666219557
2025-07-18 12:00:00+00:00,2.4847525736992915,2.6053053943341586,4.401064752198839
2025-07-18 16:00:00+00:00,2.474517379670726,2.594573619067304,4.382935884098313
2025-07-18 20:00:00+00:00,2.4861142725649845,2.606733158787569,4.4034766321358365
2025-07-19 00:00:00+00:00,2.4944986608431376,2.6155243327018165,4.418327300210522
2025-07-19 04:00:00+00:00,2.4911364726545537,2.611999021120614,4.412372096427392
2025-07-19 08:00:00+00:00,2.494593952356885,2.6156242474770046,4.418496083262314
2025-07-19 12:00:00+00:00,2.4889238964669946,2.6096790973029114,4.408453118266873
2025-07-19 16:00:00+00:00,2.4878649378971893,2.608568761206073,4.406577460591763
2025-07-19 20:00:00+00:00,2.4843256592848273,2.604857767299299,4.400308589190259
2025-07-20 00:00:00+00:00,2.486813568916974,2.6074663829231874,4.404715245814583
2025-07-20 04:00:00+00:00,2.488320524094551,2.6090464510936435,4.4073844078814135
2025-07-20 08:00:00+00:00,2.4851364804394103,2.6057079270899504,4.401744738785815
2025-07-20 12:00:00+00:00,2.501847280964123,2.6232294860618595,4.431343386131552
2025-07-20 16:00:00+00:00,2.4909667609984325,2.6118210755586078,4.412071498293117
2025-07-20 20:00:00+00:00,2.4722059279965576,2.5921500226178242,4.378841774850869
2025-07-21 00:00:00+00:00,2.4962160163099174,2.617325009159082,4.421369129281088
2025-07-21 04:00:00+00:00,2.5164268825674405,2.638516446665674,4.45716719305569
2025-07-21 08:00:00+00:00,2.4891781477182753,2.6099456840703383,4.40890345534754
2025-07-21 12:00:00+00:00,2.494300909869919,2.615316987438262,4.417977038036672
2025-07-21 16:00:00+00:00,2.4617185909360413,2.5811538710874182,4.360266303807991
2025-07-21 20:00:00+00:00,2.474635439953244,2.594697407284351,4.383144995843896
2025-07-22 00:00:00+00:00,2.4710438775014807,2.5909315928814562,4.376783517812205
2025-07-22 04:00:00+00:00,2.487354748819161,2.608033819268117,4.405673799119781
2025-07-22 08:00:00+00:00,2.512048532661464,2.633925672216313,4.449412134605224
2025-07-22 12:00:00+00:00,2.5069266137975528,2.6285552530499396,4.440340045571417
2025-07-22 16:00:00+00:00,2.514728290252704,2.6367354436929036,4.45415859781612
2025-07-22 20:00:00+00:00,2.528902270456797,2.6515971033510044,4.479263956528649
2025-07-23 00:00:00+00:00,2.5006468608772274,2.6219708251549516,4.429217167775574
2025-07-23 04:00:00+00:00,2.4950849566390016,2.6161390738296895,4.419365764075641
2025-07-23 08:00:00+00:00,2.4990507280219623,2.620297252670547,4.426390051658063
2025-07-23 12:00:00+00:00,2.4996606358743305,2.6209367514418296,4.427470337872296
2025-07-23 16:00:00+00:00,2.495997604787257,2.617096000957544,4.420982272551761
2025-07-23 20:00:00+00:00,2.503636737532011,2.625105761751679,4.4345129227324565
2025-07-24 00:00:00+00:00,2.4980063161655384,2.619202169050452,4.424540159537319
2025-07-24 04:00:00+00:00,2.496473429890194,2.617594911682323,4.421825067569227
2025-07-24 08:00:00+00:00,2.5003481261980687,2.621657596755744,4.428688040376485
2025-07-24 12:00:00+00:00,2.5107342687307117,2.632547644100109,4.447084272780291
2025-07-24 16:00:00+00:00,2.507588173023523,2.629248909166181,4.441511818174344
2025-07-24 20:00:00+00:00,2.494887627309649,2.6159321706669103,4.419016248729454
2025-07-25 00:00:00+00:00,2.4332995835364097,2.5513560577905996,4.309929745921756
2025-07-25 04:00:00+00:00,2.431198742973377,2.5491532906783165,4.3062086770918775
2025-07-25 08:00:00+00:00,2.456994282237898,2.5762003529520303,4.351898473260204
2025-07-25 12:00:00+00:00,2.439780671402816,2.558151588805731,4.321409233926583
2025-07-25 16:00:00+00:00,2.4600516219112643,2.579406025672785,4.357313720643133
2025-07-25 20:00:00+00:00,2.4795676190773923,2.599868881101897,4.391881012429447
2025-07-26 00:00:00+00:00,2.4769388803939556,2.5971126038191024,4.387224915365749
2025-07-26 04:00:00+00:00,2.4730355123031837,2.59301985589297,4.380311158277421
2025-07-26 08:00:00+00:00,2.482978717954449,2.603445476373019,4.397922848221461
2025-07-26 12:00:00+00:00,2.490441603563158,2.6112704390431336,4.411141324439108
2025-07-26 16:00:00+00:00,2.492592198102394,2.613525374046886,4.414950518933195
2025-07-26 20:00:00+00:00,2.4860120239274455,2.6066259493495894,4.403295526427611
2025-07-27 00:00:00+00:00,2.4915532676162306,2.612436037736868,4.4131103355720676
2025-07-27 04:00:00+00:00,2.4897216466617276,2.6105155519695313,4.409866116204884
2025-07-27 08:00:00+00:00,2.489231696489276,2.6100018308687845,4.4089983024607164
2025-07-27 12:00:00+00:00,2.5000474941215134,2.6213423789030474,4.428155552252911
2025-07-27 16:00:00+00:00,2.5079377157885525,2.6296154107087957,4.442130938306801
2025-07-27 20:00:00+00:00,2.5175417089495102,2.639685361115222,4.459141805396122
2025-07-28 00:00:00+00:00,2.514852464371282,2.63686564237119,4.454378538562813
2025-07-28 04:00:00+00:00,2.506672784190139,2.628289108383287,4.439890455318414
2025-07-28 08:00:00+00:00,2.505144114353456,2.62668627202291,4.4371828316269495
2025-07-28 12:00:00+00:00,2.4913860858233075,2.612260744779513,4.412814218403768
2025-07-28 16:00:00+00:00,2.4891477893599143,2.6099138528145254,4.408849683755819
2025-07-28 20:00:00+00:00,2.489012652500817,2.609772159516084,4.408610325489893
2025-07-29 00:00:00+00:00,2.503823525764712,2.625301612395079,4.434843767387075
2025-07-29 04:00:00+00:00,2.506301105122138,2.6278993965499753,4.43923212673366
2025-07-29 08:00:00+00:00,2.500187479885071,2.6214891563604037,4.428403499036959
2025-07-29 12:00:00+00:00,2.4750497050517253,2.5951317712959545,4.383878754022593
2025-07-29 16:00:00+00:00,2.477690882229213,2.5979010905516167,4.388556882502343
2025-07-29 20:00:00+00:00,2.486660723015499,2.6073061213921873,4.40444452078682
2025-07-30 00:00:00+00:00,2.491111384844518,2.61197271612449,4.4123276601814565
2025-07-30 04:00:00+00:00,2.490292130812612,2.6111137143183356,4.4108765740326445
2025-07-30 08:00:00+00:00,2.4788440782031005,2.599110236171706,4.390599456160088
2025-07-30 12:00:00+00:00,2.4876990210358634,2.6083947945510424,4.406283583906453
2025-07-30 16:00:00+00:00,2.4648611026703673,2.5844488481647563,4.365832410378806
2025-07-30 20:00:00+00:00,2.484331983942819,2.6048643988109257,4.400319791605202
2025-07-31 00:00:00+00:00,2.497526063802008,2.6186986162675328,4.423689522829394
2025-07-31 04:00:00+00:00,2.501738918490525,2.6231158661626393,4.431151451422214
2025-07-31 08:00:00+00:00,2.495525574479116,2.61660106913974,4.420146198983262
2025-07-31 12:00:00+00:00,2.4941537561606366,2.6151626942677257,4.417716395182357
2025-07-31 16:00:00+00:00,2.462100600278762,2.58155441438972,4.360942929670484
2025-07-31 20:00:00+00:00,2.440560712555172,2.5589694752397936,4.3227908651027525
2025-08-01 00:00:00+00:00,2.41321576166912,2.5302978284910114,4.318457397589382
2025-08-01 04:00:00+00:00,2.41321576166912,2.5302978284910114,4.297312465972658
2025-08-01 08:00:00+00:00,2.41321576166912,2.5302978284910114,4.305672454829988
2025-08-01 12:00:00+00:00,2.41321576166912,2.5302978284910114,4.30762055478839
2025-08-01 16:00:00+00:00,2.41321576166912,2.5302978284910114,4.231849660604161
2025-08-01 20:00:00+00:00,2.41321576166912,2.5302978284910114,4.230701413072613
2025-08-02 00:00:00+00:00,2.41321576166912,2.5302978284910114,4.253551725657331
2025-08-02 04:00:00+00:00,2.41321576166912,2.5302978284910114,4.256263830314773
2025-08-02 08:00:00+00:00,2.41321576166912,2.5302978284910114,4.248968444290757
2025-08-02 12:00:00+00:00,2.41321576166912,2.5302978284910114,4.213628185873449
2025-08-02 16:00:00+00:00,2.41321576166912,2.5302978284910114,4.190801771773939
2025-08-02 20:00:00+00:00,2.41321576166912,2.5302978284910114,4.202636376332427
2025-08-03 00:00:00+00:00,2.41321576166912,2.5302978284910114,4.24213795848683
2025-08-03 04:00:00+00:00,2.41321576166912,2.5302978284910114,4.24571526299162
2025-08-03 08:00:00+00:00,2.41321576166912,2.5302978284910114,4.251771288509228
2025-08-03 12:00:00+00:00,2.41321576166912,2.5302978284910114,4.255388921707809
2025-08-03 16:00:00+00:00,2.41321576166912,2.5302978284910114,4.268612625719094
2025-08-03 20:00:00+00:00,2.41321576166912,2.5302978284910114,4.264714558733134
2025-08-04 00:00:00+00:00,2.41321576166912,2.5302978284910114,4.278225044566933
2025-08-04 04:00:00+00:00,2.41321576166912,2.5302978284910114,4.281300480882324
2025-08-04 08:00:00+00:00,2.41321576166912,2.5302978284910114,4.2753303405459375
2025-08-04 12:00:00+00:00,2.41321576166912,2.5302978284910114,4.287761660406998
2025-08-04 16:00:00+00:00,2.41321576166912,2.5302978284910114,4.285955084290696
2025-08-04 20:00:00+00:00,2.41321576166912,2.5302978284910114,4.296313957387499
2025-08-05 00:00:00+00:00,2.41321576166912,2.5302978284910114,4.266508812192999
2025-08-05 04:00:00+00:00,2.41321576166912,2.5302978284910114,4.255786234024415
2025-08-05 08:00:00+00:00,2.41321576166912,2.5302978284910114,4.287801615686957
2025-08-05 12:00:00+00:00,2.41321576166912,2.5302978284910114,4.217111763506557
2025-08-05 16:00:00+00:00,2.41321576166912,2.5302978284910114,4.242598004327111
2025-08-05 20:00:00+00:00,2.41321576166912,2.5302978284910114,4.261762722395934
2025-08-06 00:00:00+00:00,2.41321576166912,2.5302978284910114,4.238619279953569
2025-08-06 04:00:00+00:00,2.41321576166912,2.5302978284910114,4.265428152564934
2025-08-06 08:00:00+00:00,2.41321576166912,2.5302978284910114,4.265382596077504
2025-08-06 12:00:00+00:00,2.41321576166912,2.5302978284910114,4.309713539313373
2025-08-06 16:00:00+00:00,2.41321576166912,2.5302978284910114,4.303967447275826
2025-08-06 20:00:00+00:00,2.41321576166912,2.5302978284910114,4.293970412181648
2025-08-07 00:00:00+00:00,2.41321576166912,2.5302978284910114,4.277307193369357
2025-08-07 04:00:00+00:00,2.41321576166912,2.5302978284910114,4.286342314433855
2025-08-07 08:00:00+00:00,2.41321576166912,2.5302978284910114,4.351000412995688
2025-08-07 12:00:00+00:00,2.415775496905392,2.532981754484173,4.357358903716729
2025-08-07 16:00:00+00:00,2.4317613774672457,2.5497432225280408,4.386192799535763
2025-08-07 20:00:00+00:00,2.4319690239466936,2.549960943398419,4.386567333608655
2025-08-08 00:00:00+00:00,2.4167596956723867,2.53401370365444,4.359134113071193
2025-08-08 04:00:00+00:00,2.4184125864918418,2.5357467878310107,4.362115449101073
2025-08-08 08:00:00+00:00,2.419951199288709,2.5373600495544912,4.36489066069602
2025-08-08 12:00:00+00:00,2.4057943881644657,2.5225163919690403,4.339355876077383
2025-08-08 16:00:00+00:00,2.410881416372838,2.527850227688816,4.348531400742487
2025-08-08 20:00:00+00:00,2.415463509622712,2.532654630504452,4.356796169072811
2025-08-09 00:00:00+00:00,2.4094446600743638,2.526343764238741,4.345939908752586
2025-08-09 04:00:00+00:00,2.41714600507483,2.534418755642602,4.35983090328058
2025-08-09 08:00:00+00:00,2.4244744973240637,2.5421028045862917,4.373049379498227
2025-08-09 12:00:00+00:00,2.4199710737274205,2.537380888241986,4.3649265084238325
2025-08-09 16:00:00+00:00,2.4125848213906833,2.529636276862767,4.351603849747226
2025-08-09 20:00:00+00:00,2.411064426829301,2.5280421172694885,4.348861498569442
2025-08-10 00:00:00+00:00,2.410100001058569,2.527030900422581,4.424953902062504
2025-08-10 04:00:00+00:00,2.3950735193343995,2.511275378400701,4.399124867344727
2025-08-10 08:00:00+00:00,2.4056916081929773,2.5224086254183655,4.418627524930965
2025-08-10 12:00:00+00:00,2.4155399933596926,2.5327348250053627,4.436716437751532
2025-08-10 16:00:00+00:00,2.412451420066832,2.529496403302591,4.431043534824938
2025-08-10 20:00:00+00:00,2.425278391812911,2.5429457016499426,4.454603333689311
2025-08-11 00:00:00+00:00,2.4673054380714468,2.587011775465204,4.545528854806983
2025-08-11 04:00:00+00:00,2.4649653436776777,2.584558146636374,4.53836528386545
2025-08-11 08:00:00+00:00,2.4530646999563213,2.572080119000351,4.5019346570604615
2025-08-11 12:00:00+00:00,2.450050047493456,2.5689192045468636,4.4927061076312995
2025-08-11 16:00:00+00:00,2.435106085640837,2.5532502060157993,4.44695917914677
2025-08-11 20:00:00+00:00,2.4273395192286555,2.5451068288508907,4.431899399326501
2025-08-12 00:00:00+00:00,2.4273395192286555,2.5451068288508907,4.438310914811599
2025-08-12 04:00:00+00:00,2.4273395192286555,2.5451068288508907,4.443128700064292
2025-08-12 08:00:00+00:00,2.4273395192286555,2.5451068288508907,4.4257836275958695
2025-08-12 12:00:00+00:00,2.4273395192286555,2.5451068288508907,4.478464104101792
2025-08-12 16:00:00+00:00,2.420952128726766,2.538409541118327,4.468466695593782
2025-08-12 20:00:00+00:00,2.430436639708677,2.548354212424978,4.485972709423537
2025-08-13 00:00:00+00:00,2.417244589462362,2.534522123052038,4.461623513719588
2025-08-13 04:00:00+00:00,2.4192351208834286,2.5366092291501614,4.4652975324067095
2025-08-13 08:00:00+00:00,2.4392640467109543,2.5576098990170544,4.502265875128912
2025-08-13 12:00:00+00:00,2.446349157077574,2.565038757911494,4.515343200918291
2025-08-13 16:00:00+00:00,2.4834488048105423,2.6039383704482457,4.583438573798141
2025-08-13 20:00:00+00:00,2.490273379923168,2.6110940536913834,4.604432646226981
2025-08-14 00:00:00+00:00,2.490646156952994,2.6114849167563703,4.6055794001032035
2025-08-14 04:00:00+00:00,2.4710807645731716,2.59097026960439,4.545391438517031
2025-08-14 08:00:00+00:00,2.46166556511325,2.581098272609073,4.516427968098501
2025-08-14 12:00:00+00:00,2.4487422655391575,2.5675479728933746,4.415889281305327
2025-08-14 16:00:00+00:00,2.4487422655391575,2.5675479728933746,4.404263788492424
2025-08-14 20:00:00+00:00,2.4487422655391575,2.5675479728933746,4.417302279243336
2025-08-15 00:00:00+00:00,2.4487422655391575,2.5675479728933746,4.442463650030575
2025-08-15 04:00:00+00:00,2.4487422655391575,2.5675479728933746,4.441998376396653
2025-08-15 08:00:00+00:00,2.4487422655391575,2.5675479728933746,4.4438490153450605
2025-08-15 12:00:00+00:00,2.4487422655391575,2.5675479728933746,4.379218922820582
2025-08-15 16:00:00+00:00,2.4487422655391575,2.5675479728933746,4.366562061005357
2025-08-15 20:00:00+00:00,2.4487422655391575,2.5675479728933746,4.381714447455812
2025-08-16 00:00:00+00:00,2.4487422655391575,2.5675479728933746,4.384984805791193
2025-08-16 04:00:00+00:00,2.4487422655391575,2.5675479728933746,4.391199905600977
2025-08-16 08:00:00+00:00,2.443234464325527,2.561772949510894,4.383076287698921
2025-08-16 12:00:00+00:00,2.4422571705397966,2.5607482403310895,4.394210741323536
2025-08-16 16:00:00+00:00,2.4411852525698152,2.5596243160824392,4.394039717788756
2025-08-16 20:00:00+00:00,2.435138723844796,2.553284427728551,4.383156198258839
2025-08-17 00:00:00+00:00,2.434164668355258,2.5522631139574594,4.394518807734439
2025-08-17 04:00:00+00:00,2.4398282395283895,2.5582014647955824,4.406506511963799
2025-08-17 08:00:00+00:00,2.446072849531923,2.564749044743753,4.417784729913503
2025-08-17 12:00:00+00:00,2.444794072163057,2.5634082248921013,4.415475165366309
2025-08-17 16:00:00+00:00,2.4308155985766957,2.5487515572526003,4.390229029639343
2025-08-17 20:00:00+00:00,2.4274029067011096,2.545173291695387,4.3840654609382925
2025-08-18 00:00:00+00:00,2.4264319455384293,2.544155222378709,4.306170962294905
2025-08-18 04:00:00+00:00,2.4264319455384293,2.544155222378709,4.301950639172448
2025-08-18 08:00:00+00:00,2.4264319455384293,2.544155222378709,4.292290049940359
2025-08-18 12:00:00+00:00,2.4264319455384293,2.544155222378709,4.33702764083862
2025-08-18 16:00:00+00:00,2.4264319455384293,2.544155222378709,4.343325265105142
2025-08-18 20:00:00+00:00,2.4264319455384293,2.544155222378709,4.340078805254971
2025-08-19 00:00:00+00:00,2.4264319455384293,2.544155222378709,4.287164198276763
2025-08-19 04:00:00+00:00,2.4264319455384293,2.544155222378709,4.293442778437884
2025-08-19 08:00:00+00:00,2.4264319455384293,2.544155222378709,4.31325499609035
2025-08-19 12:00:00+00:00,2.4264319455384293,2.544155222378709,4.248940811667234
2025-08-19 16:00:00+00:00,2.4264319455384293,2.544155222378709,4.224523281232139
2025-08-19 20:00:00+00:00,2.4264319455384293,2.544155222378709,4.214831698652044
2025-08-20 00:00:00+00:00,2.4264319455384293,2.544155222378709,4.239214501600818
2025-08-20 04:00:00+00:00,2.4264319455384293,2.544155222378709,4.2378784269120775
2025-08-20 08:00:00+00:00,2.4264319455384293,2.544155222378709,4.244471048105403
2025-08-20 12:00:00+00:00,2.4264319455384293,2.544155222378709,4.232792903942272
2025-08-20 16:00:00+00:00,2.4264319455384293,2.544155222378709,4.267248544992999
2025-08-20 20:00:00+00:00,2.4264319455384293,2.544155222378709,4.267046154696382
2025-08-21 00:00:00+00:00,2.4264319455384293,2.544155222378709,4.255223125966668
2025-08-21 04:00:00+00:00,2.4264576997544554,2.544155222378709,4.25303529432851
2025-08-21 08:00:00+00:00,2.4383992596867823,2.544155222378709,4.225127464811341
2025-08-21 12:00:00+00:00,2.4441625918023755,2.544155222378709,4.211812274411362
2025-08-21 16:00:00+00:00,2.453887433985821,2.544155222378709,4.189468310982019
2025-08-21 20:00:00+00:00,2.4488630802442732,2.544155222378709,4.200905603223899
2025-08-22 00:00:00+00:00,2.4418554136538457,2.544155222378709,4.216934018522814
2025-08-22 04:00:00+00:00,2.4391700141199415,2.544155222378709,4.223117378156927
2025-08-22 08:00:00+00:00,2.451703359601167,2.544155222378709,4.194184154258741
2025-08-22 12:00:00+00:00,2.3853890074116335,2.544155222378709,4.345444762012156
2025-08-22 16:00:00+00:00,2.384494486533854,2.544155222378709,4.356088549862315
2025-08-22 20:00:00+00:00,2.384494486533854,2.544155222378709,4.3665516054180795
2025-08-23 00:00:00+00:00,2.384494486533854,2.544155222378709,4.3154977195617255
2025-08-23 04:00:00+00:00,2.3803513795584528,2.544155222378709,4.32411237665207
2025-08-23 08:00:00+00:00,2.387477441543804,2.544155222378709,4.305839744226456
2025-08-23 12:00:00+00:00,2.3948917731208432,2.544155222378709,4.287271368046374
2025-08-23 16:00:00+00:00,2.389969104186467,2.544155222378709,4.299259445689565
2025-08-23 20:00:00+00:00,2.3852386607894895,2.544155222378709,4.310616453957694
2025-08-24 00:00:00+00:00,2.3914652277394435,2.544155222378709,4.29560335086635
2025-08-24 04:00:00+00:00,2.3937698267909067,2.544155222378709,4.290083921024461
2025-08-24 08:00:00+00:00,2.396238382215565,2.544155222378709,4.2841851027298725
2025-08-24 12:00:00+00:00,2.4014110767238765,2.544155222378709,4.271854231189458
2025-08-24 16:00:00+00:00,2.4297494067376637,2.544155222378709,4.204639741537876
2025-08-24 20:00:00+00:00,2.415287596530958,2.544155222378709,4.2380076280977415
2025-08-25 00:00:00+00:00,2.424493075368789,2.544155222378709,4.21647098537188
2025-08-25 04:00:00+00:00,2.447123330567338,2.544155222378709,4.163995513059396
2025-08-25 08:00:00+00:00,2.452004671361496,2.544155222378709,4.1529208056478035
2025-08-25 12:00:00+00:00,2.4357060509211395,2.544155222378709,4.189727086767179
2025-08-25 16:00:00+00:00,2.459875899615761,2.544155222378709,4.134293430082362
2025-08-25 20:00:00+00:00,2.46994309143835,2.544155222378709,4.111733633458471
2025-08-26 00:00:00+00:00,2.4738531848721808,2.544155222378709,4.103054749189126
2025-08-26 04:00:00+00:00,2.4666997400237536,2.544155222378709,4.118874052742457
2025-08-26 08:00:00+00:00,2.473856092548476,2.544155222378709,4.102941231384381
2025-08-26 12:00:00+00:00,2.4774053937009843,2.544155222378709,4.0950924460622335
2025-08-26 16:00:00+00:00,2.452843425142027,2.544155222378709,4.149226249199955
2025-08-26 20:00:00+00:00,2.4421285732683753,2.544155222378709,4.173393218954182
2025-08-27 00:00:00+00:00,2.447783644588648,2.544155222378709,4.160507827874142
2025-08-27 04:00:00+00:00,2.459201716726293,2.544155222378709,4.134631369599776
2025-08-27 08:00:00+00:00,2.449259039870653,2.544155222378709,4.156920067782073
2025-08-27 12:00:00+00:00,2.438072402435016,2.544155222378709,4.182234911654016
2025-08-27 16:00:00+00:00,2.4367550270188163,2.544155222378709,4.185247987859563
2025-08-27 20:00:00+00:00,2.4501042663404142,2.544155222378709,4.154677344310698
2025-08-28 00:00:00+00:00,2.437915625209273,2.544155222378709,4.182235285067847
2025-08-28 04:00:00+00:00,2.4197275790784354,2.544155222378709,4.223837320023863
2025-08-28 08:00:00+00:00,2.4230154631415766,2.544155222378709,4.216184950377031
2025-08-28 12:00:00+00:00,2.426727751083356,2.544155222378709,4.207572160355843
2025-08-28 16:00:00+00:00,2.4392810299088086,2.544155222378709,4.17855155762111
2025-08-28 20:00:00+00:00,2.42840020305841,2.544155222378709,4.2034037417559516
2025-08-29 00:00:00+00:00,2.442357956202356,2.544155222378709,4.171190450762768
2025-08-29 04:00:00+00:00,2.4699867675900773,2.544155222378709,4.1082758213797295
2025-08-29 08:00:00+00:00,2.4686493369781957,2.544155222378709,4.111241847442521
2025-08-29 12:00:00+00:00,2.4974490997652916,2.544155222378709,4.047291741505017
2025-08-29 16:00:00+00:00,2.500459899076429,2.544155222378709,4.040786125734407
2025-08-29 20:00:00+00:00,2.4975936433158052,2.544155222378709,4.046962017091893
2025-08-30 00:00:00+00:00,2.496577343979687,2.544155222378709,4.049157690420512
2025-08-30 04:00:00+00:00,2.4950567590580173,2.544155222378709,4.0524459726198
2025-08-30 08:00:00+00:00,2.4923711492444376,2.544155222378709,4.058261893043819
2025-08-30 12:00:00+00:00,2.4891036963759987,2.544155222378709,4.0653556355988805
2025-08-30 16:00:00+00:00,2.48981788201942,2.544155222378709,4.063800366991109
2025-08-30 20:00:00+00:00,2.4900237876042817,2.544155222378709,4.063352270393432
2025-08-31 00:00:00+00:00,2.483030056100334,2.544155222378709,4.078569257436719
2025-08-31 04:00:00+00:00,2.4918207237535053,2.544155222378709,4.059316787117517
2025-08-31 08:00:00+00:00,2.497296238451161,2.544155222378709,4.047423556587501
2025-08-31 12:00:00+00:00,2.489884339424268,2.544155222378709,4.063440396057642
2025-08-31 16:00:00+00:00,2.487974173354763,2.544155222378709,4.067596865414929
2025-08-31 20:00:00+00:00,2.499685158920819,2.544155222378709,4.042068428831427
2025-09-01 00:00:00+00:00,2.5098402269398448,2.544155222378709,4.020173682241255
2025-09-01 04:00:00+00:00,2.478840579121032,2.544155222378709,4.086379207720402
2025-09-01 08:00:00+00:00,2.4898851396933903,2.544155222378709,4.062103201127408
2025-09-01 12:00:00+00:00,2.489860248367757,2.544155222378709,4.06215734613296
2025-09-01 16:00:00+00:00,2.482422035454508,2.544155222378709,4.078337740861253
2025-09-01 20:00:00+00:00,2.4820848487977005,2.544155222378709,4.079076353419757
2025-09-02 00:00:00+00:00,2.4635989694128124,2.544155222378709,4.119582792194452
2025-09-02 04:00:00+00:00,2.4650771665784252,2.544155222378709,4.116287041718536
2025-09-02 08:00:00+00:00,2.4734727334423665,2.544155222378709,4.097594692146431
2025-09-02 12:00:00+00:00,2.454947103773971,2.544155222378709,4.138514500032483
2025-09-02 16:00:00+00:00,2.4553320280975566,2.544155222378709,4.137649300185134
2025-09-02 20:00:00+00:00,2.4481191606523285,2.544155222378709,4.153855833881624
2025-09-03 00:00:00+00:00,2.451189212721822,2.544155222378709,4.146910336617627
2025-09-03 04:00:00+00:00,2.4504298791606955,2.544155222378709,4.148623185862249
2025-09-03 08:00:00+00:00,2.444840477858892,2.544155222378709,4.161240465811344
2025-09-03 12:00:00+00:00,2.4319243469776954,2.544155222378709,4.190552331334569
2025-09-03 16:00:00+00:00,2.432395680635622,2.544155222378709,4.1894694312235154
2025-09-03 20:00:00+00:00,2.440331163916735,2.544155222378709,4.171245716009815
2025-09-04 00:00:00+00:00,2.449453101185199,2.544155222378709,4.15045627436058
2025-09-04 04:00:00+00:00,2.4607849844723555,2.544155222378709,4.1248546486661235
2025-09-04 08:00:00+00:00,2.4549934271608347,2.544155222378709,4.137798665717693
2025-09-04 12:00:00+00:00,2.4765893824492564,2.544155222378709,4.089266443464767
2025-09-04 16:00:00+00:00,2.471676020326266,2.544155222378709,4.1000834953326954
2025-09-04 20:00:00+00:00,2.4559599412050295,2.544155222378709,4.134843842069842
2025-09-05 00:00:00+00:00,2.446296869404144,2.544155222378709,4.156535451535734
2025-09-05 04:00:00+00:00,2.4183057880920833,2.544155222378709,4.21787054041196
2025-09-05 08:00:00+00:00,2.4183057880920833,2.544155222378709,4.195453761285495
2025-09-05 12:00:00+00:00,2.4183057880920833,2.544155222378709,4.13431919563673
2025-09-05 16:00:00+00:00,2.4183057880920833,2.544155222378709,4.167841302108962
2025-09-05 20:00:00+00:00,2.4183057880920833,2.544155222378709,4.132197084832897
2025-09-06 00:00:00+00:00,2.4183057880920833,2.544155222378709,4.147963737036001
2025-09-06 04:00:00+00:00,2.4183057880920833,2.544155222378709,4.138381191294674
2025-09-06 08:00:00+00:00,2.4183057880920833,2.544155222378709,4.136716512434304
2025-09-06 12:00:00+00:00,2.4183057880920833,2.544155222378709,4.121896837707624
2025-09-06 16:00:00+00:00,2.4183057880920833,2.544155222378709,4.108986427900881
2025-09-06 20:00:00+00:00,2.4183057880920833,2.544155222378709,4.114571205163265
2025-09-07 00:00:00+00:00,2.4183057880920833,2.544155222378709,4.131045476576867
2025-09-07 04:00:00+00:00,2.4183057880920833,2.544155222378709,4.135685890259646
2025-09-07 08:00:00+00:00,2.4183057880920833,2.544155222378709,4.155802066770871
2025-09-07 12:00:00+00:00,2.4183057880920833,2.544155222378709,4.157215811536543
2025-09-07 16:00:00+00:00,2.4183057880920833,2.544155222378709,4.154601914716759
2025-09-07 20:00:00+00:00,2.4183057880920833,2.544155222378709,4.150021994074666
2025-09-08 00:00:00+00:00,2.4183057880920833,2.544155222378709,4.1468393879896635
2025-09-08 04:00:00+00:00,2.4183057880920833,2.544155222378709,4.155363678932809
2025-09-08 08:00:00+00:00,2.4183057880920833,2.544155222378709,4.184192720372035
2025-09-08 12:00:00+00:00,2.4183057880920833,2.544155222378709,4.205825330452566
2025-09-08 16:00:00+00:00,2.4183057880920833,2.544155222378709,4.185868601647348
2025-09-08 20:00:00+00:00,2.4183057880920833,2.544155222378709,4.184670690076224
2025-09-09 00:00:00+00:00,2.4183057880920833,2.544155222378709,4.1713312277772046
2025-09-09 04:00:00+00:00,2.4183057880920833,2.544155222378709,4.219244329897672
2025-09-09 08:00:00+00:00,2.4183057880920833,2.544155222378709,4.198425761969588
2025-09-09 12:00:00+00:00,2.4183057880920833,2.544155222378709,4.140440941988662
2025-09-09 16:00:00+00:00,2.4183057880920833,2.544155222378709,4.156153075772383
2025-09-09 20:00:00+00:00,2.4183057880920833,2.544155222378709,4.1652964868479865
2025-09-10 00:00:00+00:00,2.4183057880920833,2.544155222378709,4.165277442742585
2025-09-10 04:00:00+00:00,2.4183057880920833,2.544155222378709,4.202908968429349
2025-09-10 08:00:00+00:00,2.4183057880920833,2.544155222378709,4.193436953182116
2025-09-10 12:00:00+00:00,2.4183057880920833,2.544155222378709,4.251465462581315
2025-09-10 16:00:00+00:00,2.4183057880920833,2.544155222378709,4.241029666235244
2025-09-10 20:00:00+00:00,2.4183057880920833,2.544155222378709,4.255424022607962
2025-09-11 00:00:00+00:00,2.4183057880920833,2.544155222378709,4.271854604603291
2025-09-11 04:00:00+00:00,2.4183057880920833,2.544155222378709,4.260038670736375
2025-09-11 08:00:00+00:00,2.4183057880920833,2.544155222378709,4.256917304519722
2025-09-11 12:00:00+00:00,2.4183057880920833,2.544155222378709,4.263650702727484
2025-09-11 16:00:00+00:00,2.4183057880920833,2.544155222378709,4.272600685438424
2025-09-11 20:00:00+00:00,2.4183057880920833,2.544155222378709,4.312283373301056
2025-09-12 00:00:00+00:00,2.4183057880920833,2.544155222378709,4.301508517196075
2025-09-12 04:00:00+00:00,2.4183057880920833,2.544155222378709,4.297496558991539
2025-09-12 08:00:00+00:00,2.4183057880920833,2.544155222378709,4.291027164362575
2025-09-12 12:00:00+00:00,2.4183057880920833,2.544155222378709,4.298784089882199
2025-09-12 16:00:00+00:00,2.4183057880920833,2.544155222378709,4.355219242462825
2025-09-12 20:00:00+00:00,2.4183057880920833,2.544155222378709,4.332699027705062
2025-09-13 00:00:00+00:00,2.4183057880920833,2.544155222378709,4.32999476473808
2025-09-13 04:00:00+00:00,2.4136216804593293,2.539227352233116,4.323337169538091
2025-09-13 08:00:00+00:00,2.4176951554217103,2.5435128121818953,4.330633675803601
2025-09-13 12:00:00+00:00,2.4134125865295815,2.5390073769860004,4.322962635465198
2025-09-13 16:00:00+00:00,2.414005471012335,2.539631115373632,4.3240246244016936
2025-09-13 20:00:00+00:00,2.4165314841197643,2.542288583039925,4.328549279796739
2025-09-14 00:00:00+00:00,2.4115634707201483,2.5370620325773166,4.319650454780701
2025-09-14 04:00:00+00:00,2.414177874481828,2.5398124907767867,4.324333437640259
2025-09-14 08:00:00+00:00,2.4139593994684923,2.5395826462513864,4.323942099944954
2025-09-14 12:00:00+00:00,2.4020579314233377,2.5270618218667487,4.30262390431046
2025-09-14 16:00:00+00:00,2.410625570829885,2.5360753240660805,4.317970465953242
2025-09-14 20:00:00+00:00,2.4029751929297083,2.5280268179657575,4.304266925168609
2025-09-15 00:00:00+00:00,2.4066742584226706,2.531918384052305,4.31089278019293
2025-09-15 04:00:00+00:00,2.4142035161103017,2.5398394668041,4.324379367541519
2025-09-15 08:00:00+00:00,2.398847307682518,2.5236841162029235,4.296872957893104
2025-09-15 12:00:00+00:00,2.3941129874985023,2.5187034204282672,4.288392729782062
2025-09-15 16:00:00+00:00,2.403804272250353,2.5288990428488844,4.305751991976078
2025-09-15 20:00:00+00:00,2.404678380772219,2.529818640267781,4.307317716171129
2025-09-16 00:00:00+00:00,2.4037932234185715,2.5288874190322375,4.305732201043014
2025-09-16 04:00:00+00:00,2.414899384043998,2.5405715479355755,4.325625822910725
2025-09-16 08:00:00+00:00,2.4033883775446236,2.528461504844903,4.30500703138244
2025-09-16 12:00:00+00:00,2.416272774681264,2.5420164102765463,4.328085873231974
2025-09-16 16:00:00+00:00,2.434914863987095,2.561628640085126,4.361478031690879
2025-09-16 20:00:00+00:00,2.4346822131141157,2.5613838819836503,4.36106130185504
2025-09-17 00:00:00+00:00,2.4259907434042085,2.5522401053109522,4.345492932396407
2025-09-17 04:00:00+00:00,2.442468929429103,2.569575821595053,4.375009055285406
2025-09-17 08:00:00+00:00,2.4236160784453307,2.549741862000996,4.341239375442957
2025-09-17 12:00:00+00:00,2.415635694871385,2.5413461766223255,4.3269447205632225
2025-09-17 16:00:00+00:00,2.4109805927265553,2.536448821419856,4.318606389708113
2025-09-17 20:00:00+00:00,2.4275657231043515,2.553897047476409,4.3483140738926185
2025-09-18 00:00:00+00:00,2.451207513025474,2.5787691639764723,4.390661816269936
2025-09-18 04:00:00+00:00,2.440874770624736,2.567898702238434,4.372153559716709
2025-09-18 08:00:00+00:00,2.4404034232915763,2.5674028258339208,4.371309271043919
2025-09-18 12:00:00+00:00,2.451247122045067,2.578810834262565,4.390732764897901
2025-09-18 16:00:00+00:00,2.4484671942751923,2.5758862381306833,4.385753291456213
2025-09-18 20:00:00+00:00,2.440614601906566,2.567624994253988,4.3716875392551255
2025-09-19 00:00:00+00:00,2.4386143464171064,2.5655206448062633,4.368104633542865
2025-09-19 04:00:00+00:00,2.4372048907251584,2.564037840573218,4.365579982628785
2025-09-19 08:00:00+00:00,2.4264635500170377,2.552737516936531,4.346339834966019
2025-09-19 12:00:00+00:00,2.4158172709559413,2.5415372019864693,4.327269964010371
2025-09-19 16:00:00+00:00,2.3999963861877713,2.5248929931342268,4.29893121493177
2025-09-19 20:00:00+00:00,2.4105711605450755,2.536018082252025,4.317873004943249
2025-09-20 00:00:00+00:00,2.406664877339083,2.5319085147740195,4.310875976570519
2025-09-20 04:00:00+00:00,2.4175794553907926,2.5433910910830413,4.330426431127176
2025-09-20 08:00:00+00:00,2.4160263648856883,2.5417571772335834,4.327644498083263
2025-09-20 12:00:00+00:00,2.4179574088251226,2.5437887133392922,4.331103430403499
2025-09-20 16:00:00+00:00,2.4120225184103825,2.5375449692614107,4.320472712037438
2025-09-20 20:00:00+00:00,2.411681255436308,2.5371859468491205,4.319861433595441
2025-09-21 00:00:00+00:00,2.411343119490096,2.5368302141962586,4.3192557563609135
2025-09-21 04:00:00+00:00,2.4143984341804057,2.5400445284751383,4.324728509473878
2025-09-21 08:00:00+00:00,2.4099680611046375,2.5353835973169265,4.316792718729014
2025-09-21 12:00:00+00:00,2.4084704232269636,2.5338080218679995,4.314110113764253
2025-09-21 16:00:00+00:00,2.407395559516317,2.5326772218937976,4.312184792049566
2025-09-21 20:00:00+00:00,2.4022305433613553,2.5272434165871975,4.302933090962856
2025-09-22 00:00:00+00:00,2.3900893365133995,2.5144703773130463,4.2811854694222555
2025-09-22 04:00:00+00:00,2.3695045255286673,2.4928143259458606,4.201652057472864
2025-09-22 08:00:00+00:00,2.3695045255286673,2.4928143259458606,4.214982184426098
2025-09-22 12:00:00+00:00,2.3695045255286673,2.4928143259458606,4.212686809604497
2025-09-22 16:00:00+00:00,2.3695045255286673,2.4928143259458606,4.186824167641894
2025-09-22 20:00:00+00:00,2.3695045255286673,2.4928143259458606,4.206543778664175
2025-09-23 00:00:00+00:00,2.3695045255286673,2.4928143259458606,4.194930608507708
2025-09-23 04:00:00+00:00,2.3695045255286673,2.4928143259458606,4.222941873656174
2025-09-23 08:00:00+00:00,2.3661661785449275,2.489302250279245,4.2186797281846005
2025-09-23 12:00:00+00:00,2.364201633799203,2.4872354699741885,4.21517710644609
2025-09-23 16:00:00+00:00,2.3632561625016457,2.486240796037115,4.169362963471908
2025-09-23 20:00:00+00:00,2.3632561625016457,2.486240796037115,4.182190101994251
2025-09-24 00:00:00+00:00,2.3632561625016457,2.486240796037115,4.170401053923194
2025-09-24 04:00:00+00:00,2.3632561625016457,2.486240796037115,4.204025102371397
2025-09-24 08:00:00+00:00,2.3632561625016457,2.486240796037115,4.220676371941083
2025-09-24 12:00:00+00:00,2.3689353110111235,2.4922154893162687,4.2325117233272325
2025-09-24 16:00:00+00:00,2.3704735479865193,2.4938337766534118,4.235260049126318
2025-09-24 20:00:00+00:00,2.3681116436306833,2.491348958012507,4.231040099417693
2025-09-25 00:00:00+00:00,2.3522111638954706,2.4746210120447705,4.2026311485387895
2025-09-25 04:00:00+00:00,2.3512704883459015,2.473631383427999,4.173523913795171
2025-09-25 08:00:00+00:00,2.3512704883459015,2.473631383427999,4.157888329846887
2025-09-25 12:00:00+00:00,2.3512704883459015,2.473631383427999,4.166580283600331
2025-09-25 16:00:00+00:00,2.3512704883459015,2.473631383427999,4.083653660165028
2025-09-25 20:00:00+00:00,2.3512704883459015,2.473631383427999,4.070005011213612
2025-09-26 00:00:00+00:00,2.3512704883459015,2.473631383427999,4.091869137869609
2025-09-26 04:00:00+00:00,2.3512704883459015,2.473631383427999,4.082160751667101
2025-09-26 08:00:00+00:00,2.3512704883459015,2.473631383427999,4.075195836883871
2025-09-26 12:00:00+00:00,2.3512704883459015,2.473631383427999,4.071248105858335
2025-09-26 16:00:00+00:00,2.3512704883459015,2.473631383427999,4.076640948411381
2025-09-26 20:00:00+00:00,2.3512704883459015,2.473631383427999,4.094238448629828
2025-09-27 00:00:00+00:00,2.3512704883459015,2.473631383427999,4.0908892999760225
2025-09-27 04:00:00+00:00,2.3512704883459015,2.473631383427999,4.085565538981785
2025-09-27 08:00:00+00:00,2.3512704883459015,2.473631383427999,4.0817944326985005
2025-09-27 12:00:00+00:00,2.3512704883459015,2.473631383427999,4.085230960188853
2025-09-27 16:00:00+00:00,2.3512704883459015,2.473631383427999,4.086050976962602
2025-09-27 20:00:00+00:00,2.3512704883459015,2.473631383427999,4.093954280704134
2025-09-28 00:00:00+00:00,2.3512704883459015,2.473631383427999,4.086491605283651
2025-09-28 04:00:00+00:00,2.3512704883459015,2.473631383427999,4.089369132268402
2025-09-28 08:00:00+00:00,2.3512704883459015,2.473631383427999,4.08399047944095
2025-09-28 12:00:00+00:00,2.3512704883459015,2.473631383427999,4.108968504036972
2025-09-28 16:00:00+00:00,2.3512704883459015,2.473631383427999,4.120158596322466
2025-09-28 20:00:00+00:00,2.3512704883459015,2.473631383427999,4.188357031419781
2025-09-29 00:00:00+00:00,2.3512704883459015,2.473631383427999,4.176914137970431
2025-09-29 04:00:00+00:00,2.3512704883459015,2.473631383427999,4.1772292992441304
2025-09-29 08:00:00+00:00,2.3512704883459015,2.473631383427999,4.185969049967993
2025-09-29 12:00:00+00:00,2.3512704883459015,2.473631383427999,4.250030806641086
2025-09-29 16:00:00+00:00,2.3512704883459015,2.473631383427999,4.266833682226319
2025-09-29 20:00:00+00:00,2.3512704883459015,2.473631383427999,4.268566695817835
2025-09-30 00:00:00+00:00,2.3512704883459015,2.473631383427999,4.270972601133531
2025-09-30 04:00:00+00:00,2.3512704883459015,2.473631383427999,4.245686510126606
2025-09-30 08:00:00+00:00,2.3512704883459015,2.473631383427999,4.221630444280304
2025-09-30 12:00:00+00:00,2.3512704883459015,2.473631383427999,4.223540456027903
2025-09-30 16:00:00+00:00,2.3512704883459015,2.473631383427999,4.270360202450039
2025-09-30 20:00:00+00:00,2.3512704883459015,2.473631383427999,4.2587447918105825
2025-10-01 00:00:00+00:00,2.3512704883459015,2.473631383427999,4.263524115438641
2025-10-01 04:00:00+00:00,2.3512704883459015,2.473631383427999,4.277045430273551
2025-10-01 08:00:00+00:00,2.3512704883459015,2.473631383427999,4.3610844535125874
2025-10-01 12:00:00+00:00,2.3512704883459015,2.473631383427999,4.384764491630671
2025-10-01 16:00:00+00:00,2.3512704883459015,2.473631383427999,4.38535448548428
2025-10-01 20:00:00+00:00,2.3512704883459015,2.473631383427999,4.428500960046956
2025-10-02 00:00:00+00:00,2.3512704883459015,2.473631383427999,4.433691412303384
2025-10-02 04:00:00+00:00,2.3454954665369616,2.467555827571121,4.424571526299158
2025-10-02 08:00:00+00:00,2.3509582709506107,2.4733029181360338,4.43487662780424
2025-10-02 12:00:00+00:00,2.3736244455125153,2.497148647930409,4.477634378568431
2025-10-02 16:00:00+00:00,2.3919488020503956,2.5164266100525436,4.512201670354746
2025-10-02 20:00:00+00:00,2.3858689899418035,2.5100304025078564,4.5007326379371975
2025-10-03 00:00:00+00:00,2.379862023143362,2.50371083116739,4.489401021809603
2025-10-03 04:00:00+00:00,2.368268533673543,2.4915140126651676,4.467530920532304
2025-10-03 08:00:00+00:00,2.382011949538863,2.505972640444685,4.493456669432413
2025-10-03 12:00:00+00:00,2.4127530740945144,2.538313543305344,4.565284686970913
2025-10-03 16:00:00+00:00,2.4175387734323466,2.5433482920220003,4.580331023893251
2025-10-03 20:00:00+00:00,2.4124436794755875,2.5379880476879593,4.564311943940122
2025-10-04 00:00:00+00:00,2.412586084138964,2.53813786313719,4.564759667123968
2025-10-04 04:00:00+00:00,2.413537309284065,2.5391385903539394,4.567750338499632
2025-10-04 08:00:00+00:00,2.4093706367231422,2.534755082772718,4.554650234466538
2025-10-04 12:00:00+00:00,2.4072096251717485,2.5324816114643456,4.5478559698042575
2025-10-04 16:00:00+00:00,2.4092042406152276,2.5345800273562284,4.55412708168875
2025-10-04 20:00:00+00:00,2.414332114961554,2.5399747579821685,4.570249223859345
2025-10-05 00:00:00+00:00,2.4307843074387243,2.5572831280057113,4.621975254612215
2025-10-05 04:00:00+00:00,2.4419178817085334,2.5689960971685664,4.6569794405812655
2025-10-05 08:00:00+00:00,2.427083686503395,2.553389925531061,4.610340426453527
2025-10-05 12:00:00+00:00,2.4192274385731936,2.5451248358561553,4.585640221748064
2025-10-05 16:00:00+00:00,2.4167168883026053,2.5424836357178546,4.57774700017998
2025-10-05 20:00:00+00:00,2.4272935522583454,2.553610712769417,4.611000248693607
2025-10-06 00:00:00+00:00,2.43153101145761,2.558068690749088,4.624322907370213
2025-10-06 04:00:00+00:00,2.4262027729185274,2.552463168911429,4.60757081606605
2025-10-06 08:00:00+00:00,2.4359956767628277,2.562765698715729,4.638359906706284
2025-10-06 12:00:00+00:00,2.4453190846652397,2.572574299853802,4.667672892471002
2025-10-06 16:00:00+00:00,2.4501982556211503,2.577707384482505,4.68301310607865
2025-10-06 20:00:00+00:00,2.4412635803819818,2.56830774578424,4.6549223037840965
2025-10-07 00:00:00+00:00,2.4373584383204365,2.5641993788362165,4.642644457007742
2025-10-07 04:00:00+00:00,2.4294988648434668,2.5559307905519875,4.617933796715
2025-10-07 08:00:00+00:00,2.4388269047574482,2.565744264753046,4.6472613456191425
2025-10-07 12:00:00+00:00,2.4042684339470854,2.529387359674068,4.549898543462005
2025-10-07 16:00:00+00:00,2.4042684339470854,2.529387359674068,4.542100169007096
2025-10-07 20:00:00+00:00,2.4042684339470854,2.529387359674068,4.530740173428316
2025-10-08 00:00:00+00:00,2.4042684339470854,2.529387359674068,4.5323010432435575
2025-10-08 04:00:00+00:00,2.4042684339470854,2.529387359674068,4.54060240612936
2025-10-08 08:00:00+00:00,2.4042684339470854,2.529387359674068,4.588663753540893
2025-10-08 12:00:00+00:00,2.389725606527688,2.51408771869839,4.562733150260976
2025-10-08 16:00:00+00:00,2.414373534253479,2.540018332747765,4.609793748604362
2025-10-08 20:00:00+00:00,2.411557254067716,2.5370554924082294,4.604416589432236
2025-10-09 00:00:00+00:00,2.386758538006978,2.5109662429490083,4.557068089024842
2025-10-09 04:00:00+00:00,2.3841787080118113,2.508252157746313,4.552142387174875
2025-10-09 08:00:00+00:00,2.4004401836094273,2.5253598859207136,4.583190627014098
2025-10-09 12:00:00+00:00,2.369335346832734,2.492636343134549,4.523801771027116
2025-10-09 16:00:00+00:00,2.365513419930637,2.488615521890437,4.516504517933942
2025-10-09 20:00:00+00:00,2.3794125449474315,2.503237961977251,4.543042292103713
2025-10-10 00:00:00+00:00,2.366966346701473,2.4901440594517155,4.5192786092873956
2025-10-10 04:00:00+00:00,2.3651287238802623,2.4882108061301684,4.515770012927583
2025-10-10 08:00:00+00:00,2.3773032684333026,2.5010189180146196,4.539015023932089
2025-10-10 12:00:00+00:00,2.338157084330295,2.459835553523548,4.444333333084387
2025-10-10 16:00:00+00:00,2.338157084330295,2.459835553523548,4.356301769160047
2025-10-10 20:00:00+00:00,2.338157084330295,2.459835553523548,4.211155812895769
2025-10-11 00:00:00+00:00,2.338157084330295,2.459835553523548,4.19343770000978
2025-10-11 04:00:00+00:00,2.338157084330295,2.459835553523548,4.121914014743869
2025-10-11 08:00:00+00:00,2.338157084330295,2.459835553523548,4.192690498933154
2025-10-11 12:00:00+00:00,2.338157084330295,2.459835553523548,4.174512713620715
2025-10-11 16:00:00+00:00,2.338157084330295,2.459835553523548,4.151551870541904
2025-10-11 20:00:00+00:00,2.338157084330295,2.459835553523548,4.13161493266975
2025-10-12 00:00:00+00:00,2.338157084330295,2.459835553523548,4.132794920376967
2025-10-12 04:00:00+00:00,2.338157084330295,2.459835553523548,4.164505222939258
2025-10-12 08:00:00+00:00,2.338157084330295,2.459835553523548,4.176572464314706
2025-10-12 12:00:00+00:00,2.338157084330295,2.459835553523548,4.226977356932091
2025-10-12 16:00:00+00:00,2.338157084330295,2.459835553523548,4.269698886554637
2025-10-12 20:00:00+00:00,2.338157084330295,2.459835553523548,4.292720596087967
2025-10-13 00:00:00+00:00,2.338157084330295,2.459835553523548,4.287579434457283
2025-10-13 04:00:00+00:00,2.338157084330295,2.459835553523548,4.309183291672795
2025-10-13 08:00:00+00:00,2.338157084330295,2.459835553523548,4.263639126898714
2025-10-13 12:00:00+00:00,2.338157084330295,2.459835553523548,4.268571923611478
2025-10-13 16:00:00+00:00,2.338157084330295,2.459835553523548,4.323864803281857
2025-10-13 20:00:00+00:00,2.338157084330295,2.459835553523548,4.300457730674525
2025-10-14 00:00:00+00:00,2.338157084330295,2.459835553523548,4.238246986363671
2025-10-14 04:00:00+00:00,2.338157084330295,2.459835553523548,4.1719439998745305
2025-10-14 08:00:00+00:00,2.338157084330295,2.459835553523548,4.156617975992475
2025-10-14 12:00:00+00:00,2.338157084330295,2.459835553523548,4.21585821327456
2025-10-14 16:00:00+00:00,2.338157084330295,2.459835553523548,4.2051513184868945
2025-10-14 20:00:00+00:00,2.3319314429758524,2.459835553523548,4.220627081315341
2025-10-15 00:00:00+00:00,2.3453246709589277,2.459835553523548,4.183141933850484
2025-10-15 04:00:00+00:00,2.337668797903947,2.459835553523548,4.204060950099214
2025-10-15 08:00:00+00:00,2.3469665245569167,2.459835553523548,4.178714739465433
2025-10-15 12:00:00+00:00,2.362533622942557,2.459835553523548,4.137350942533849
2025-10-15 16:00:00+00:00,2.3557295325640504,2.459835553523548,4.155040302554819
2025-10-15 20:00:00+00:00,2.3630614043923264,2.459835553523548,4.1360540762974045
2025-10-16 00:00:00+00:00,2.354654181837258,2.459835553523548,4.157196767431141
2025-10-16 04:00:00+00:00,2.3657104500532116,2.459835553523548,4.1293669814047345
2025-10-16 08:00:00+00:00,2.3532117742751497,2.459835553523548,4.160006333098577
2025-10-16 12:00:00+00:00,2.396167979412084,2.459835553523548,4.053377640129138
2025-10-16 16:00:00+00:00,2.4010058177707543,2.459835553523548,4.040250276886353
2025-10-16 20:00:00+00:00,2.4010386142385007,2.459835553523548,4.040124063011341
2025-10-17 00:00:00+00:00,2.3866001639816004,2.459835553523548,4.076810478290837
2025-10-17 04:00:00+00:00,2.437529265887975,2.459835553523548,3.9445103312404703
2025-10-17 08:00:00+00:00,2.436764805858355,2.459835553523548,3.9463762801559645
2025-10-17 12:00:00+00:00,2.421911561192136,2.459835553523548,3.9881915344097076
2025-10-17 16:00:00+00:00,2.4264160739699006,2.459835553523548,3.9751664865567253
2025-10-17 20:00:00+00:00,2.4267073280097415,2.459835553523548,3.9743061410891847
2025-10-18 00:00:00+00:00,2.4180434494482483,2.459835553523548,3.998156829328217
2025-10-18 04:00:00+00:00,2.4235244717678928,2.459835553523548,3.9830186326033554
2025-10-18 08:00:00+00:00,2.415956232505181,2.459835553523548,4.003317408478133
2025-10-18 12:00:00+00:00,2.419570819745555,2.459835553523548,3.9936142500692644
2025-10-18 16:00:00+00:00,2.417677422282413,2.459835553523548,3.998520534399998
2025-10-18 20:00:00+00:00,2.416137931966205,2.459835553523548,4.002436525249865
2025-10-19 00:00:00+00:00,2.414779031371365,2.459835553523548,4.005826002597462
2025-10-19 04:00:00+00:00,2.4221468434525892,2.459835553523548,3.9875369399632663
2025-10-19 08:00:00+00:00,2.4066974273117356,2.459835553523548,4.024783849403691
2025-10-19 12:00:00+00:00,2.3960438831684296,2.459835553523548,4.051043430269069
2025-10-19 16:00:00+00:00,2.3896717101807163,2.459835553523548,4.066791411780604
2025-10-19 20:00:00+00:00,2.3937060983540555,2.459835553523548,4.056871673349525
2025-10-20 00:00:00+00:00,2.3702372459138927,2.459835553523548,4.112983076138328
2025-10-20 04:00:00+00:00,2.35505036784012,2.459835553523548,4.151238576337358
2025-10-20 08:00:00+00:00,2.357282709368627,2.459835553523548,4.145518996681839
2025-10-20 12:00:00+00:00,2.355361078382515,2.459835553523548,4.150291225447102
2025-10-20 16:00:00+00:00,2.360528161116996,2.459835553523548,4.1375454911400045
2025-10-20 20:00:00+00:00,2.3647272233073076,2.459835553523548,4.127421121929319
2025-10-21 00:00:00+00:00,2.3881408702209663,2.459835553523548,4.0724221189442495
2025-10-21 04:00:00+00:00,2.4035314921891273,2.459835553523548,4.036094554356726
2025-10-21 08:00:00+00:00,2.395569535561091,2.459835553523548,4.0545277547298415
2025-10-21 12:00:00+00:00,2.317052442683017,2.459835553523548,4.235357136722482
2025-10-21 16:00:00+00:00,2.3340932040397857,2.459835553523548,4.174034370502692
2025-10-21 20:00:00+00:00,2.3711484097144813,2.459835553523548,4.04398478861416
2025-10-22 00:00:00+00:00,2.371919277686524,2.459835553523548,4.040935864680797
2025-10-22 04:00:00+00:00,2.3708146455172017,2.459835553523548,4.044879488154189
2025-10-22 08:00:00+00:00,2.3788901665328477,2.459835553523548,4.016254330666905
2025-10-22 12:00:00+00:00,2.3695494830870993,2.459835553523548,4.048422065172659
2025-10-22 16:00:00+00:00,2.375455429901126,2.459835553523548,4.028028068770875
2025-10-22 20:00:00+00:00,2.378809663537821,2.459835553523548,4.016716990404007
2025-10-23 00:00:00+00:00,2.3695699277736733,2.459835553523548,4.046982928266452
2025-10-23 04:00:00+00:00,2.3594061986782826,2.459835553523548,4.080289201544136
2025-10-23 08:00:00+00:00,2.359581619134727,2.459835553523548,4.079691366000068
2025-10-23 12:00:00+00:00,2.3519728770162356,2.459835553523548,4.1041271937129
2025-10-23 16:00:00+00:00,2.3485557716301506,2.459835553523548,4.1150204220024325
2025-10-23 20:00:00+00:00,2.3499883856502173,2.459835553523548,4.110471494708346
2025-10-24 00:00:00+00:00,2.3455671651242347,2.459835553523548,4.1240368723753615
2025-10-24 04:00:00+00:00,2.3380093704440905,2.459835553523548,4.14693274144751
2025-10-24 08:00:00+00:00,2.3378535044211906,2.459835553523548,4.147368888802583
2025-10-24 12:00:00+00:00,2.350739724895085,2.459835553523548,4.109303829657566
2025-10-24 16:00:00+00:00,2.343411738735206,2.459835553523548,4.1305197099022575
2025-10-24 20:00:00+00:00,2.3383344255502685,2.459835553523548,4.145076127877801
2025-10-25 00:00:00+00:00,2.3379902286993124,2.459835553523548,4.1460133965946095
2025-10-25 04:00:00+00:00,2.3317976638531985,2.459835553523548,4.1631758696994785
2025-10-25 08:00:00+00:00,2.3307754463555455,2.459835553523548,4.1659469737422805
2025-10-25 12:00:00+00:00,2.3332358517037233,2.459835553523548,4.159276682472024
2025-10-25 16:00:00+00:00,2.3298424200936023,2.459835553523548,4.168174013832736
2025-10-25 20:00:00+00:00,2.3294973638176475,2.459835553523548,4.1690261441959855
2025-10-26 00:00:00+00:00,2.3351567760768153,2.459835553523548,4.154619465166832
2025-10-26 04:00:00+00:00,2.3281668982429444,2.459835553523548,4.171927943079776
2025-10-26 08:00:00+00:00,2.304406480476024,2.459835553523548,4.23025929109624
2025-10-26 12:00:00+00:00,2.2984713059848203,2.459835553523548,4.245527435834429
2025-10-26 16:00:00+00:00,2.297654144706848,2.459835553523548,4.241457971899857
2025-10-26 20:00:00+00:00,2.297654144706848,2.459835553523548,4.277806447661939
2025-10-27 00:00:00+00:00,2.297654144706848,2.459835553523548,4.292709767086851
2025-10-27 04:00:00+00:00,2.297654144706848,2.459835553523548,4.314968592162636
2025-10-27 08:00:00+00:00,2.297654144706848,2.459835553523548,4.307777388597579
2025-10-27 12:00:00+00:00,2.297654144706848,2.459835553523548,4.293126870336522
2025-10-27 16:00:00+00:00,2.297654144706848,2.459835553523548,4.2921171593364225
2025-10-27 20:00:00+00:00,2.297654144706848,2.459835553523548,4.260937477828548
2025-10-28 00:00:00+00:00,2.297654144706848,2.459835553523548,4.253491232616647
2025-10-28 04:00:00+00:00,2.297654144706848,2.459835553523548,4.2639516742755905
2025-10-28 08:00:00+00:00,2.297654144706848,2.459835553523548,4.270275810924141
2025-10-28 12:00:00+00:00,2.297654144706848,2.459835553523548,4.280867694251737
2025-10-28 16:00:00+00:00,2.297654144706848,2.459835553523548,4.245341475746393
2025-10-28 20:00:00+00:00,2.297654144706848,2.459835553523548,4.215784277335941
2025-10-29 00:00:00+00:00,2.3025157765692374,2.459835553523548,4.2017827523138545
2025-10-29 04:00:00+00:00,2.28633385095549,2.459835553523548,4.241155880110257
2025-10-29 08:00:00+00:00,2.285476475761382,2.459835553523548,4.224518800266165
2025-10-29 12:00:00+00:00,2.309204296643397,2.459835553523548,4.163927925155915
2025-10-29 16:00:00+00:00,2.322712583082967,2.459835553523548,4.131450630583933
2025-10-29 20:00:00+00:00,2.3324542147415848,2.459835553523548,4.108347143421526
2025-10-30 00:00:00+00:00,2.3208443384722734,2.459835553523548,4.135613074562523
2025-10-30 04:00:00+00:00,2.311174718652024,2.459835553523548,4.158587360539265
2025-10-30 08:00:00+00:00,2.3368474751733586,2.459835553523548,4.0969953629470375
2025-10-30 12:00:00+00:00,2.368887218542745,2.459835553523548,4.022098630542111
2025-10-30 16:00:00+00:00,2.38827124653808,2.459835553523548,3.9782161573177497
2025-10-30 20:00:00+00:00,2.358242768473976,2.459835553523548,4.044926164883114
2025-10-31 00:00:00+00:00,2.3444099057552767,2.459835553523548,4.078719369796941
2025-10-31 04:00:00+00:00,2.3410899779961167,2.459835553523548,4.086988619093242
2025-10-31 08:00:00+00:00,2.326366323554646,2.459835553523548,4.1230715976212
2025-10-31 12:00:00+00:00,2.32954834468599,2.459835553523548,4.11512871201354
2025-10-31 16:00:00+00:00,2.335263475183321,2.459835553523548,4.10115855375329
2025-10-31 20:00:00+00:00,2.3387131399450354,2.459835553523548,4.092914696597524
2025-11-01 00:00:00+00:00,2.328803876453442,2.459835553523548,4.116005114275831
2025-11-01 04:00:00+00:00,2.331259468999495,2.459835553523548,4.110218320130661
2025-11-01 08:00:00+00:00,2.330208064654771,2.459835553523548,4.112689946280683
2025-11-01 12:00:00+00:00,2.32746195993474,2.459835553523548,4.119152246046851
2025-11-01 16:00:00+00:00,2.3276306477121183,2.459835553523548,4.118754186902581
2025-11-01 20:00:00+00:00,2.330825969974613,2.459835553523548,4.111215335060494
2025-11-02 00:00:00+00:00,2.3315384084358994,2.459835553523548,4.109539827199012
2025-11-02 04:00:00+00:00,2.318154965704876,2.459835553523548,4.140992474217639
2025-11-02 08:00:00+00:00,2.3134286864132663,2.459835553523548,4.152249407578954
2025-11-02 12:00:00+00:00,2.330272910802366,2.459835553523548,4.1119390110657426
2025-11-02 16:00:00+00:00,2.3292673068898777,2.459835553523548,4.114304961101479
2025-11-02 20:00:00+00:00,2.3235619350594994,2.459835553523548,4.127741884410493
2025-11-03 00:00:00+00:00,2.364601800221842,2.459835553523548,4.030533675579554
2025-11-03 04:00:00+00:00,2.3723112545634546,2.459835553523548,4.013012351782712
2025-11-03 08:00:00+00:00,2.3670267763319988,2.459835553523548,4.024931347867095
2025-11-03 12:00:00+00:00,2.4006539536002607,2.459835553523548,3.948691072496799
2025-11-03 16:00:00+00:00,2.378344001746928,2.459835553523548,3.9988887204377574
2025-11-03 20:00:00+00:00,2.3862743566065037,2.459835553523548,3.97995813284122
2025-11-04 00:00:00+00:00,2.3769865340350402,2.459835553523548,4.0014574341839415
2025-11-04 04:00:00+00:00,2.419947483395113,2.459835553523548,3.901828010070221
2025-11-04 08:00:00+00:00,2.41844087691557,2.459835553523548,3.9053395937406847
2025-11-04 12:00:00+00:00,2.439650928253561,2.459835553523548,3.8535190892884716
2025-11-04 16:00:00+00:00,2.4808521424726546,2.459835553523548,3.754401242123766
2025-11-04 20:00:00+00:00,2.46659781585867,2.459835553523548,3.790046579641326
2025-11-05 00:00:00+00:00,2.457406424895893,2.459835553523548,3.813675460064508
2025-11-05 04:00:00+00:00,2.4593830002149435,2.459835553523548,3.808560437402023
2025-11-05 08:00:00+00:00,2.4582194773158603,2.459835553523548,3.8114577553198377
2025-11-05 12:00:00+00:00,2.433236600231522,2.459835553523548,3.8733581927367995
2025-11-05 16:00:00+00:00,2.4292714241690696,2.459835553523548,3.883805938325475
2025-11-05 20:00:00+00:00,2.4310098747135322,2.459835553523548,3.8792155620961033
2025-11-06 00:00:00+00:00,2.4346253229935715,2.459835553523548,3.8699127033144927
2025-11-06 04:00:00+00:00,2.441339068801545,2.459835553523548,3.85308854314087
2025-11-06 08:00:00+00:00,2.4406787418112246,2.459835553523548,3.854660615371054
2025-11-06 12:00:00+00:00,2.45962555035695,2.459835553523548,3.809361783484201
2025-11-06 16:00:00+00:00,2.4695730338275563,2.459835553523548,3.7859984002951426
2025-11-06 20:00:00+00:00,2.470257980693708,2.459835553523548,3.7844013093382545
2025-11-07 00:00:00+00:00,2.4607279217629756,2.459835553523548,3.805695233073707
2025-11-07 04:00:00+00:00,2.4591614592945334,2.459835553523548,3.809194494087735
2025-11-07 08:00:00+00:00,2.486227428449516,2.459835553523548,3.7495188562782404
2025-11-07 12:00:00+00:00,2.479663438880421,2.459835553523548,3.763934870653179
2025-11-07 16:00:00+00:00,2.4353814550291886,2.459835553523548,3.860921645082099
2025-11-07 20:00:00+00:00,2.4360726414626694,2.459835553523548,3.858824179591138
2025-11-08 00:00:00+00:00,2.4469094158323608,2.459835553523548,3.8309555585262665
2025-11-08 04:00:00+00:00,2.45047288313733,2.459835553523548,3.8220010948493504
2025-11-08 08:00:00+00:00,2.45802710552265,2.459835553523548,3.8034849966056647
2025-11-08 12:00:00+00:00,2.4602946447132,2.459835553523548,3.7980462241513573
2025-11-08 16:00:00+00:00,2.4558175538661513,2.459835553523548,3.8084345969408404
2025-11-08 20:00:00+00:00,2.4505530788765006,2.459835553523548,3.820506692696096
2025-11-09 00:00:00+00:00,2.461231238754796,2.459835553523548,3.7962015598242522
2025-11-09 04:00:00+00:00,2.456463601189067,2.459835553523548,3.8067519942165617
2025-11-09 08:00:00+00:00,2.451423879563029,2.459835553523548,3.8177609807938286
2025-11-09 12:00:00+00:00,2.425136518463388,2.459835553523548,3.874622945383742
2025-11-09 16:00:00+00:00,2.408240166089002,2.459835553523548,3.913584944551776
2025-11-09 20:00:00+00:00,2.409544683964919,2.459835553523548,3.9105001728906
2025-11-10 00:00:00+00:00,2.3884131600114147,2.459835553523548,3.9592310513018285
2025-11-10 04:00:00+00:00,2.3816384226891536,2.459835553523548,3.975417794065255
2025-11-10 08:00:00+00:00,2.3861183605217735,2.459835553523548,3.9647773669395785
2025-11-10 12:00:00+00:00,2.403789391441856,2.459835553523548,3.923832166912992
2025-11-10 16:00:00+00:00,2.391785685430452,2.459835553523548,3.9513901076701408
2025-11-10 20:00:00+00:00,2.38864701021151,2.459835553523548,3.958602222409756
2025-11-11 00:00:00+00:00,2.381292507107434,2.459835553523548,3.9752142835271447
2025-11-11 04:00:00+00:00,2.40913134166068,2.459835553523548,3.9127787440897897
2025-11-11 08:00:00+00:00,2.400489457597063,2.459835553523548,3.9324920070769362
2025-11-11 12:00:00+00:00,2.4308852664017304,2.459835553523548,3.8631897606940098
2025-11-11 16:00:00+00:00,2.436096532297388,2.459835553523548,3.850882040811142
2025-11-11 20:00:00+00:00,2.4371826965507437,2.459835553523548,3.848365231587522
2025-11-12 00:00:00+00:00,2.432969463627701,2.459835553523548,3.8577382921694348
2025-11-12 04:00:00+00:00,2.4362995954438835,2.459835553523548,3.8503693436206334
2025-11-12 08:00:00+00:00,2.4031542682448834,2.459835553523548,3.9216230506864442
2025-11-12 12:00:00+00:00,2.4477564439140975,2.459835553523548,3.81530018364492
2025-11-12 16:00:00+00:00,2.4602628986829185,2.459835553523548,3.7825816637378553
2025-11-12 20:00:00+00:00,2.45499330637653,2.459835553523548,3.7959147780017406
2025-11-13 00:00:00+00:00,2.4478898635236916,2.459835553523548,3.8136833017549687
2025-11-13 04:00:00+00:00,2.4276854264547487,2.459835553523548,3.8639242657003696
2025-11-13 08:00:00+00:00,2.4354663666259624,2.459835553523548,3.843791285566732
2025-11-13 12:00:00+00:00,2.4584689684451946,2.459835553523548,3.7857680039611723
2025-11-13 16:00:00+00:00,2.4986175444843735,2.459835553523548,3.6849275987922288
2025-11-13 20:00:00+00:00,2.4842351596344794,2.459835553523548,3.722637914797418
2025-11-14 00:00:00+00:00,2.491924135737405,2.459835553523548,3.7020015728190567
2025-11-14 04:00:00+00:00,2.520323736013556,2.459835553523548,3.627789307967081
2025-11-14 08:00:00+00:00,2.5343763955555034,2.459835553523548,3.5910252226106545
2025-11-14 12:00:00+00:00,2.5251292347808683,2.459835553523548,3.6145017501906267
2025-11-14 16:00:00+00:00,2.540040240294588,2.459835553523548,3.5764938233618135
2025-11-14 20:00:00+00:00,2.557859528233087,2.459835553523548,3.532270796723218
2025-11-15 00:00:00+00:00,2.529710689404639,2.459835553523548,3.600348619152992
2025-11-15 04:00:00+00:00,2.53085109270878,2.459835553523548,3.597239575592775
2025-11-15 08:00:00+00:00,2.54006088873623,2.459835553523548,3.5734534879465736
2025-11-15 12:00:00+00:00,2.531662160909136,2.459835553523548,3.5944815410340714
2025-11-15 16:00:00+00:00,2.5353517880871825,2.459835553523548,3.58522125142924
2025-11-15 20:00:00+00:00,2.541690533547854,2.459835553523548,3.569695824561219
2025-11-16 00:00:00+00:00,2.538084695372402,2.459835553523548,3.5782387861959353
2025-11-16 04:00:00+00:00,2.5336970420398943,2.459835553523548,3.588506546317877
2025-11-16 08:00:00+00:00,2.5412984791717115,2.459835553523548,3.5708492998864063
2025-11-16 12:00:00+00:00,2.558711793557775,2.459835553523548,3.531503804713527
2025-11-16 16:00:00+00:00,2.5680709126692087,2.459835553523548,3.5108368428009906
2025-11-16 20:00:00+00:00,2.563856783116421,2.459835553523548,3.5198525463462564
2025-11-17 00:00:00+00:00,2.542106334724653,2.459835553523548,3.5659814771803062
2025-11-17 04:00:00+00:00,2.53945159248544,2.459835553523548,3.57184407433325
2025-11-17 08:00:00+00:00,2.540943021287445,2.459835553523548,3.5685434694775258
2025-11-17 12:00:00+00:00,2.568912217633227,2.459835553523548,3.5085840371561687
2025-11-17 16:00:00+00:00,2.6086212022677313,2.459835553523548,3.4234180509739742
2025-11-17 20:00:00+00:00,2.599516452274431,2.459835553523548,3.4434408740273494
2025-11-18 00:00:00+00:00,2.622618929612458,2.459835553523548,3.392192812978669
2025-11-18 04:00:00+00:00,2.628282295345729,2.459835553523548,3.379847004884999
2025-11-18 08:00:00+00:00,2.6105600413527084,2.459835553523548,3.4174019807363267
2025-11-18 12:00:00+00:00,2.5868390804820955,2.459835553523548,3.4693916416541626
2025-11-18 16:00:00+00:00,2.5822225704878066,2.459835553523548,3.4800529799543978
2025-11-18 20:00:00+00:00,2.5860310513415428,2.459835553523548,3.471285970020843
2025-11-19 00:00:00+00:00,2.6041371854029087,2.459835553523548,3.430721652102282
2025-11-19 04:00:00+00:00,2.6043204789380594,2.459835553523548,3.430315377853721
2025-11-19 08:00:00+00:00,2.612191637842721,2.459835553523548,3.4133840479104873
2025-11-19 12:00:00+00:00,2.638244188104676,2.459835553523548,3.358920893773473
2025-11-19 16:00:00+00:00,2.6574973617763304,2.459835553523548,3.319072410169701
2025-11-19 20:00:00+00:00,2.608110461363879,2.459835553523548,3.418788839706138
2025-11-20 00:00:00+00:00,2.594648332051155,2.459835553523548,3.451849406682763
2025-11-20 04:00:00+00:00,2.5964358250673456,2.459835553523548,3.447363212912351
2025-11-20 08:00:00+00:00,2.6023062000927326,2.459835553523548,3.4329427175714358
2025-11-20 12:00:00+00:00,2.6345747458642332,2.459835553523548,3.355865621804978
2025-11-20 16:00:00+00:00,2.680256605142307,2.459835553523548,3.2457608194790573
2025-11-20 20:00:00+00:00,2.6843949743417923,2.459835553523548,3.235153999598206
2025-11-21 00:00:00+00:00,2.696770124648124,2.459835553523548,3.2046875385083005
2025-11-21 04:00:00+00:00,2.724500202794776,2.459835553523548,3.1385204746537885
2025-11-21 08:00:00+00:00,2.7521936918681558,2.459835553523548,3.07355655016404
2025-11-21 12:00:00+00:00,2.7420656731112394,2.459835553523548,3.096813136997319
2025-11-21 16:00:00+00:00,2.7215033020124806,2.459835553523548,3.144491735231669
2025-11-21 20:00:00+00:00,2.707358844855556,2.459835553523548,3.178850662100063
2025-11-22 00:00:00+00:00,2.717734227218556,2.459835553523548,3.1531239427720887
2025-11-22 04:00:00+00:00,2.7155559601579546,2.459835553523548,3.158336426444569
2025-11-22 08:00:00+00:00,2.7231279303835683,2.459835553523548,3.140370740188364
2025-11-22 12:00:00+00:00,2.720112780834037,2.459835553523548,3.1472815099660405
2025-11-22 16:00:00+00:00,2.714744333508095,2.459835553523548,3.15944546552382
2025-11-22 20:00:00+00:00,2.7125777481352156,2.459835553523548,3.1642990985043276
2025-11-23 00:00:00+00:00,2.686117273933201,2.459835553523548,3.2228802603739957
2025-11-23 04:00:00+00:00,2.694396609559158,2.459835553523548,3.203225623358379
2025-11-23 08:00:00+00:00,2.685477849633981,2.459835553523548,3.223729403426594
2025-11-23 12:00:00+00:00,2.673180718877902,2.459835553523548,3.251965463701561
2025-11-23 16:00:00+00:00,2.669341941211697,2.459835553523548,3.2608366560940754
2025-11-23 20:00:00+00:00,2.677435538268147,2.459835553523548,3.242352298026059
2025-11-24 00:00:00+00:00,2.6668295739078407,2.459835553523548,3.2658781162317756
2025-11-24 04:00:00+00:00,2.6737034062948104,2.459835553523548,3.2505819654562322
2025-11-24 08:00:00+00:00,2.6872329556627257,2.459835553523548,3.2212439609648107
2025-11-24 12:00:00+00:00,2.6810105728230393,2.459835553523548,3.23437767224273
2025-11-24 16:00:00+00:00,2.6504732952603542,2.459835553523548,3.2982631775874016
2025-11-24 20:00:00+00:00,2.650887979491534,2.459835553523548,3.2972445046553487
2025-11-25 00:00:00+00:00,2.6589259835801453,2.459835553523548,3.2793994310666847
2025-11-25 04:00:00+00:00,2.6664696734075526,2.459835553523548,3.263069670805833
2025-11-25 08:00:00+00:00,2.66686563744348,2.459835553523548,3.2622070848553046
2025-11-25 12:00:00+00:00,2.673596868525238,2.459835553523548,3.248287337462293
2025-11-25 16:00:00+00:00,2.6755515525926525,2.459835553523548,3.2443257901249956
2025-11-25 20:00:00+00:00,2.666283824744529,2.459835553523548,3.2625151512662076
2025-11-26 00:00:00+00:00,2.6710404869074527,2.459835553523548,3.25317831182594
2025-11-26 04:00:00+00:00,2.6550981233479107,2.459835553523548,3.2836163934646594
2025-11-26 08:00:00+00:00,2.67125822773907,2.459835553523548,3.2522772642507776
2025-11-26 12:00:00+00:00,2.6735667833346515,2.459835553523548,3.2478788227307445
2025-11-26 16:00:00+00:00,2.613732314721102,2.459835553523548,3.3591322460020443
2025-11-26 20:00:00+00:00,2.605323607366173,2.459835553523548,3.378798458846435
2025-11-27 00:00:00+00:00,2.595703635673691,2.459835553523548,3.401489323725146
2025-11-27 04:00:00+00:00,2.5906578630390364,2.459835553523548,3.413313846110185
2025-11-27 08:00:00+00:00,2.5912314243356973,2.459835553523548,3.4119523792809097
2025-11-27 12:00:00+00:00,2.5980297694869905,2.459835553523548,3.3965087300419645
2025-11-27 16:00:00+00:00,2.5884177221071702,2.459835553523548,3.4177899577071496
2025-11-27 20:00:00+00:00,2.591697762176421,2.459835553523548,3.410536020618418
2025-11-28 00:00:00+00:00,2.593850796648283,2.459835553523548,3.4058646135876334
2025-11-28 04:00:00+00:00,2.599112733968534,2.459835553523548,3.394737628239645
2025-11-28 08:00:00+00:00,2.5895558709653637,2.459835553523548,3.414407948636181
2025-11-28 12:00:00+00:00,2.5726812876234053,2.459835553523548,3.4489431268329955
2025-11-28 16:00:00+00:00,2.5943684841709898,2.459835553523548,3.4039448930804177
2025-11-28 20:00:00+00:00,2.599151781361218,2.459835553523548,3.3939844525417158
2025-11-29 00:00:00+00:00,2.603011916068529,2.459835553523548,3.386126331873783
2025-11-29 04:00:00+00:00,2.60511687648666,2.459835553523548,3.3819220655460764
2025-11-29 08:00:00+00:00,2.603067039137466,2.459835553523548,3.385862328294985
2025-11-29 12:00:00+00:00,2.595388474188664,2.459835553523548,3.400437043548268
2025-11-29 16:00:00+00:00,2.6037540009023075,2.459835553523548,3.384652094067425
2025-11-29 20:00:00+00:00,2.600465152658853,2.459835553523548,3.3906887020658
2025-11-30 00:00:00+00:00,2.5982418413403803,2.459835553523548,3.3946808693372725
2025-11-30 04:00:00+00:00,2.5969867702830194,2.459835553523548,3.396876916079722
2025-11-30 08:00:00+00:00,2.595241189666527,2.459835553523548,3.3998873783884505
2025-11-30 12:00:00+00:00,2.5869779934679475,2.459835553523548,3.4143209432134647
2025-11-30 16:00:00+00:00,2.5864373144955115,2.459835553523548,3.415272401655866
2025-11-30 20:00:00+00:00,2.609784403981264,2.459835553523548,3.374167380509441
2025-12-01 00:00:00+00:00,2.696731078330602,2.459835553523548,3.2242839229662206
2025-12-01 04:00:00+00:00,2.69304629703666,2.459835553523548,3.2319079131618667
2025-12-01 08:00:00+00:00,2.699793608184507,2.459835553523548,3.2169284173153483
2025-12-01 12:00:00+00:00,2.7252417044297625,2.459835553523548,3.1619887871294705
2025-12-01 16:00:00+00:00,2.719160405810023,2.459835553523548,3.1749324307672087
2025-12-01 20:00:00+00:00,2.696869122483477,2.459835553523548,3.2220389590118574
2025-12-02 00:00:00+00:00,2.685176875976514,2.459835553523548,3.247841107933775
2025-12-02 04:00:00+00:00,2.6845708809710414,2.459835553523548,3.249172701656539
2025-12-02 08:00:00+00:00,2.678439771765933,2.459835553523548,3.2624763162277444
2025-12-02 12:00:00+00:00,2.6180323035375106,2.459835553523548,3.392465031661759
2025-12-02 16:00:00+00:00,2.6037371254023536,2.459835553523548,3.431799697833528
2025-12-02 20:00:00+00:00,2.6120725276386114,2.459835553523548,3.408442289265772
2025-12-03 00:00:00+00:00,2.593624270257165,2.459835553523548,3.458891618129093
2025-12-03 04:00:00+00:00,2.5886704666776144,2.459835553523548,3.472748258584599
2025-12-03 08:00:00+00:00,2.5885808336157865,2.459835553523548,3.472960731054664
2025-12-03 12:00:00+00:00,2.5973073425308884,2.459835553523548,3.449346787184738
2025-12-03 16:00:00+00:00,2.5880915049735,2.459835553523548,3.4736817931630934
2025-12-03 20:00:00+00:00,2.5823239324898872,2.459835553523548,3.4888035596793734
2025-12-04 00:00:00+00:00,2.5806817206451185,2.459835553523548,3.4930264966986497
2025-12-04 04:00:00+00:00,2.5828016666317724,2.459835553523548,3.487598179831622
2025-12-04 08:00:00+00:00,2.589529992370481,2.459835553523548,3.4708184559039355
2025-12-04 12:00:00+00:00,2.5891638361994733,2.459835553523548,3.4716840291651154
2025-12-04 16:00:00+00:00,2.604743125031279,2.459835553523548,3.4344901444887492
2025-12-04 20:00:00+00:00,2.6031106666188863,2.459835553523548,3.438322117226552
2025-12-05 00:00:00+00:00,2.602047107743551,2.459835553523548,3.440737731301864
2025-12-05 04:00:00+00:00,2.600116031347947,2.459835553523548,3.445065597607763
2025-12-05 08:00:00+00:00,2.615377266474423,2.459835553523548,3.4111887479957024
2025-12-05 12:00:00+00:00,2.6306507191462445,2.459835553523548,3.3778772469243785
2025-12-05 16:00:00+00:00,2.645123939046788,2.459835553523548,3.346880538193888
2025-12-05 20:00:00+00:00,2.650446043687552,2.459835553523548,3.3357072495308064
2025-12-06 00:00:00+00:00,2.6438924631229037,2.459835553523548,3.3490870405236173
2025-12-06 04:00:00+00:00,2.645560456181372,2.459835553523548,3.3456807595536078
2025-12-06 08:00:00+00:00,2.6448992280722003,2.459835553523548,3.346955967787831
2025-12-06 12:00:00+00:00,2.6424290656730935,2.459835553523548,3.35171662072432
2025-12-06 16:00:00+00:00,2.6493265136698185,2.459835553523548,3.3385302580961738
2025-12-06 20:00:00+00:00,2.6526988028044127,2.459835553523548,3.3322251655530235
2025-12-07 00:00:00+00:00,2.6427046960630496,2.459835553523548,3.350357394378032
2025-12-07 04:00:00+00:00,2.649754773268798,2.459835553523548,3.3375623694451906
2025-12-07 08:00:00+00:00,2.6546056143245313,2.459835553523548,3.3289536869761482
2025-12-07 12:00:00+00:00,2.645820690246969,2.459835553523548,3.3440896432180223
2025-12-07 16:00:00+00:00,2.6050909379138343,2.459835553523548,3.413955371072528
2025-12-07 20:00:00+00:00,2.6247793038555933,2.459835553523548,3.3754859047481074
2025-12-08 00:00:00+00:00,2.6117456073420966,2.459835553523548,3.400615908773508
2025-12-08 04:00:00+00:00,2.602150556317284,2.459835553523548,3.4191809242291074
2025-12-08 08:00:00+00:00,2.594323651273441,2.459835553523548,3.4342231535992993
2025-12-08 12:00:00+00:00,2.6336286901966925,2.459835553523548,3.359281984948436
2025-12-08 16:00:00+00:00,2.6305199161991886,2.459835553523548,3.365372737952363
2025-12-08 20:00:00+00:00,2.620869924432322,2.459835553523548,3.384411615560005
2025-12-09 00:00:00+00:00,2.6252107171460737,2.459835553523548,3.3758481161645615
2025-12-09 04:00:00+00:00,2.6234104343726767,2.459835553523548,3.3792756817229606
2025-12-09 08:00:00+00:00,2.625614864795481,2.459835553523548,3.3750841114655215
2025-12-09 12:00:00+00:00,2.578551288653485,2.459835553523548,3.4618266508438764
2025-12-09 16:00:00+00:00,2.5776524508102336,2.459835553523548,3.502652731858248
2025-12-09 20:00:00+00:00,2.5776524508102336,2.459835553523548,3.460754579733934
2025-12-10 00:00:00+00:00,2.5776524508102336,2.459835553523548,3.4507403676035104
2025-12-10 04:00:00+00:00,2.570405141910359,2.459835553523548,3.4646421911326155
2025-12-10 08:00:00+00:00,2.569607229377573,2.459835553523548,3.4399050184578446
2025-12-10 12:00:00+00:00,2.569797518792222,2.459835553523548,3.4377855215508317
2025-12-10 16:00:00+00:00,2.5535406156645313,2.459835553523548,3.471167971250121
2025-12-10 20:00:00+00:00,2.552709697820418,2.459835553523548,3.4359811859175178
2025-12-11 00:00:00+00:00,2.59036392246543,2.459835553523548,3.3562438900161826
2025-12-11 04:00:00+00:00,2.5835520035354738,2.459835553523548,3.3709093448304954
2025-12-11 08:00:00+00:00,2.584066025332109,2.459835553523548,3.369774166783047
2025-12-11 12:00:00+00:00,2.590598220343391,2.459835553523548,3.355963829642635
2025-12-11 16:00:00+00:00,2.5730280996362387,2.459835553523548,3.392084149553733
2025-12-11 20:00:00+00:00,2.5432924761604885,2.459835553523548,3.454577568134955
2025-12-12 00:00:00+00:00,2.5424948745423457,2.459835553523548,3.445989796840471
2025-12-12 04:00:00+00:00,2.5424948745423457,2.459835553523548,3.4512900327633296
2025-12-12 08:00:00+00:00,2.5424948745423457,2.459835553523548,3.4510230418738805
2025-12-12 12:00:00+00:00,2.5424948745423457,2.459835553523548,3.3583025204686794
2025-12-12 16:00:00+00:00,2.5375401277651277,2.459835553523548,3.368126291545089
2025-12-12 20:00:00+00:00,2.536381230997325,2.459835553523548,3.370747656641501
2025-12-13 00:00:00+00:00,2.5350833045592176,2.459835553523548,3.3736274241092397
2025-12-13 04:00:00+00:00,2.53533166823809,2.459835553523548,3.3730460187737537
2025-12-13 08:00:00+00:00,2.5353087890890413,2.459835553523548,3.3730605819131783
2025-12-13 12:00:00+00:00,2.5395037150143187,2.459835553523548,3.364165864449286
2025-12-13 16:00:00+00:00,2.5379304360799444,2.459835553523548,3.367377223399306
2025-12-13 20:00:00+00:00,2.5367721336619398,2.459835553523548,3.3696867879465002
2025-12-14 00:00:00+00:00,2.5363978198795767,2.459835553523548,3.3703951539846617
2025-12-14 04:00:00+00:00,2.5366369682786045,2.459835553523548,3.3698955262782517
2025-12-14 08:00:00+00:00,2.553990217650399,2.459835553523548,3.3368259973696732
2025-12-14 12:00:00+00:00,2.5607032062402606,2.459835553523548,3.324238590527089
2025-12-14 16:00:00+00:00,2.5684053251372374,2.459835553523548,3.3101224274587624
2025-12-14 20:00:00+00:00,2.578284972029918,2.459835553523548,3.2924707822347625
2025-12-15 00:00:00+00:00,2.554439827268768,2.459835553523548,3.333935774314655
2025-12-15 04:00:00+00:00,2.5447984157681227,2.459835553523548,3.35151684432452
2025-12-15 08:00:00+00:00,2.547084884589648,2.459835553523548,3.347329381619226
2025-12-15 12:00:00+00:00,2.6017318848877857,2.459835553523548,3.2499408139077226
2025-12-15 16:00:00+00:00,2.618059102341065,2.459835553523548,3.2169586638356913
2025-12-15 20:00:00+00:00,2.6126708523958055,2.459835553523548,3.227493414847083
2025-12-16 00:00:00+00:00,2.623379846805604,2.459835553523548,3.206725631200069
2025-12-16 04:00:00+00:00,2.6204837010018425,2.459835553523548,3.2121621631713877
2025-12-16 08:00:00+00:00,2.5955374114171152,2.459835553523548,3.258463237781712
2025-12-16 12:00:00+00:00,2.581914760397862,2.459835553523548,3.285198921282123
2025-12-16 16:00:00+00:00,2.589275032644197,2.459835553523548,3.2705737951616016
2025-12-16 20:00:00+00:00,2.5839073656684324,2.459835553523548,3.2809416301903584
2025-12-17 00:00:00+00:00,2.5965741550178363,2.459835553523548,3.256676079184643
2025-12-17 04:00:00+00:00,2.599919930420015,2.459835553523548,3.250402726817162
2025-12-17 08:00:00+00:00,2.601176565550416,2.459835553523548,3.2480752384060603
2025-12-17 12:00:00+00:00,2.595927152803693,2.459835553523548,3.257417305639968
2025-12-17 16:00:00+00:00,2.621627291590861,2.459835553523548,3.2120508858496324
2025-12-17 20:00:00+00:00,2.6168403812780365,2.459835553523548,3.220441121227307
2025-12-18 00:00:00+00:00,2.6087653425149795,2.459835553523548,3.234448620870696
2025-12-18 04:00:00+00:00,2.604096591315166,2.459835553523548,3.2424956889373164
2025-12-18 08:00:00+00:00,2.5938540134327455,2.459835553523548,3.2599303807252746
2025-12-18 12:00:00+00:00,2.567249358118041,2.459835553523548,3.305214276058871
2025-12-18 16:00:00+00:00,2.6506233431931525,2.459835553523548,3.1547415714897045
2025-12-18 20:00:00+00:00,2.6339499639391613,2.459835553523548,3.1933010305474916
2025-12-19 00:00:00+00:00,2.612600335079789,2.459835553523548,3.2446446855370095
2025-12-19 04:00:00+00:00,2.5967564160747005,2.459835553523548,3.2843016078452747
2025-12-19 08:00:00+00:00,2.5931614771937257,2.459835553523548,3.2934614491294596
2025-12-19 12:00:00+00:00,2.596822498672079,2.459835553523548,3.2842444755290705
2025-12-19 16:00:00+00:00,2.5984246396298336,2.459835553523548,3.2802881559854122
2025-12-19 20:00:00+00:00,2.593873098398302,2.459835553523548,3.2911552453067476
2025-12-20 00:00:00+00:00,2.5926256838415855,2.459835553523548,3.294069366846975
2025-12-20 04:00:00+00:00,2.591636738138092,2.459835553523548,3.2963259066301114
2025-12-20 08:00:00+00:00,2.5915848077273003,2.459835553523548,3.296409924742176
2025-12-20 12:00:00+00:00,2.5932309101497597,2.459835553523548,3.292714994880496
2025-12-20 16:00:00+00:00,2.5922847358531067,2.459835553523548,3.2947392712605024
2025-12-20 20:00:00+00:00,2.5900275499147414,2.459835553523548,3.2995182214747296
2025-12-21 00:00:00+00:00,2.595188109188206,2.459835553523548,3.2886795116045806
2025-12-21 04:00:00+00:00,2.593270881635443,2.459835553523548,3.2925686166585875
2025-12-21 08:00:00+00:00,2.585311997342225,2.459835553523548,3.308505172154978
2025-12-21 12:00:00+00:00,2.5953118666602615,2.459835553523548,3.288579063283935
2025-12-21 16:00:00+00:00,2.587315901999948,2.459835553523548,3.304115319153067
2025-12-21 20:00:00+00:00,2.5839186358891357,2.459835553523548,3.3106444599950557
2025-12-22 00:00:00+00:00,2.581632907243539,2.459835553523548,3.314948427815745
2025-12-22 04:00:00+00:00,2.5807612643866014,2.459835553523548,3.3297348687114305
2025-12-22 08:00:00+00:00,2.5807612643866014,2.459835553523548,3.3586867633011868
2025-12-22 12:00:00+00:00,2.5807612643866014,2.459835553523548,3.3505272976713165
2025-12-22 16:00:00+00:00,2.5807612643866014,2.459835553523548,3.287999525017606
2025-12-22 20:00:00+00:00,2.568743117945123,2.459835553523548,3.309222873538925
2025-12-23 00:00:00+00:00,2.567883122245145,2.459835553523548,3.292389751433349
2025-12-23 04:00:00+00:00,2.578909497345833,2.459835553523548,3.2701637867747273
2025-12-23 08:00:00+00:00,2.573139837019264,2.459835553523548,3.2806888290265026
2025-12-23 12:00:00+00:00,2.5816732691662367,2.459835553523548,3.2652593695131507
2025-12-23 16:00:00+00:00,2.5751029661163805,2.459835553523548,3.276813540284258
2025-12-23 20:00:00+00:00,2.5808028611138103,2.459835553523548,3.266848245365748
2025-12-24 00:00:00+00:00,2.5840704610189213,2.459835553523548,3.261255626412905
2025-12-24 04:00:00+00:00,2.5934865908044387,2.459835553523548,3.2453967409934457
2025-12-24 08:00:00+00:00,2.5869423375792007,2.459835553523548,3.2563157348373455
2025-12-24 12:00:00+00:00,2.590367582237328,2.459835553523548,3.2505670289029784
2025-12-24 16:00:00+00:00,2.578849967489482,2.459835553523548,3.269837796499918
2025-12-24 20:00:00+00:00,2.5765663147408704,2.459835553523548,3.273698522102739
2025-12-25 00:00:00+00:00,2.57279776529607,2.459835553523548,3.280082778378145
2025-12-25 04:00:00+00:00,2.5728599321579413,2.459835553523548,3.2799771022638597
2025-12-25 08:00:00+00:00,2.5798491555708565,2.459835553523548,3.2680969412179426
2025-12-25 12:00:00+00:00,2.56101682895128,2.459835553523548,3.2999054516178914
2025-12-25 16:00:00+00:00,2.5658005176479897,2.459835553523548,3.2916869866026595
2025-12-25 20:00:00+00:00,2.586013239337836,2.459835553523548,3.2571122265397174
2025-12-26 00:00:00+00:00,2.550000392581115,2.459835553523548,3.317590330672885
2025-12-26 04:00:00+00:00,2.549044142433897,2.459835553523548,3.3036201724126353
2025-12-26 08:00:00+00:00,2.5467340016251683,2.459835553523548,3.305960356894005
2025-12-26 12:00:00+00:00,2.5768433725272084,2.459835553523548,3.253846349170313
2025-12-26 16:00:00+00:00,2.568769760241674,2.459835553523548,3.2674393594608517
2025-12-26 20:00:00+00:00,2.5716820237010825,2.459835553523548,3.2625002147129547
2025-12-27 00:00:00+00:00,2.568488524258468,2.459835553523548,3.267902019197954
2025-12-27 04:00:00+00:00,2.5679373428106356,2.459835553523548,3.2688370474317736
2025-12-27 08:00:00+00:00,2.569329567354112,2.459835553523548,3.2664740847066893
2025-12-27 12:00:00+00:00,2.567671454150909,2.459835553523548,3.26928477061562
2025-12-27 16:00:00+00:00,2.5672724516222907,2.459835553523548,3.2699621433057753
2025-12-27 20:00:00+00:00,2.5605085782679593,2.459835553523548,3.2814490995872307
2025-12-28 00:00:00+00:00,2.5635024472721164,2.459835553523548,3.2763333300970823
2025-12-28 04:00:00+00:00,2.5637031682637454,2.459835553523548,3.2759912830275226
2025-12-28 08:00:00+00:00,2.5603630516213958,2.459835553523548,3.2816821098180227
2025-12-28 12:00:00+00:00,2.5613895770642285,2.459835553523548,3.2799278116381165
2025-12-28 16:00:00+00:00,2.5682902256176843,2.459835553523548,3.2681458584298566
2025-12-28 20:00:00+00:00,2.5587833488553917,2.459835553523548,3.2842758422909113
2025-12-29 00:00:00+00:00,2.510457078892136,2.459835553523548,3.3653380104660457
2025-12-29 04:00:00+00:00,2.510457078892136,2.459835553523548,3.3464492452186256
2025-12-29 08:00:00+00:00,2.510457078892136,2.459835553523548,3.2698975427129437
2025-12-29 12:00:00+00:00,2.510457078892136,2.459835553523548,3.2745263805669493
2025-12-29 16:00:00+00:00,2.510457078892136,2.459835553523548,3.2623758679071
2025-12-29 20:00:00+00:00,2.510457078892136,2.459835553523548,3.2575550953437564
2025-12-30 00:00:00+00:00,2.510457078892136,2.459835553523548,3.262852717369795
2025-12-30 04:00:00+00:00,2.510457078892136,2.459835553523548,3.2674774476716557
2025-12-30 08:00:00+00:00,2.510457078892136,2.459835553523548,3.282452835966028
2025-12-30 12:00:00+00:00,2.510457078892136,2.459835553523548,3.323993631053695
2025-12-30 16:00:00+00:00,2.510457078892136,2.459835553523548,3.2944868435104815
2025-12-30 20:00:00+00:00,2.510457078892136,2.459835553523548,3.3041705844001172
2025-12-31 00:00:00+00:00,2.510457078892136,2.459835553523548,3.3029588565172316
2025-12-31 04:00:00+00:00,2.510457078892136,2.459835553523548,3.3089364651302455
2025-12-31 08:00:00+00:00,2.510457078892136,2.459835553523548,3.3238132721731293
2025-12-31 12:00:00+00:00,2.510457078892136,2.459835553523548,3.2843228924336674
2025-12-31 16:00:00+00:00,2.510457078892136,2.459835553523548,3.2689337616141065
2025-12-31 20:00:00+00:00,2.510457078892136,2.459835553523548,3.2729057645386836
2026-01-01 00:00:00+00:00,2.5062079759707805,2.459835553523548,3.2802918901237295
2026-01-01 04:00:00+00:00,2.5107899653651864,2.459835553523548,3.2722956063381794
2026-01-01 08:00:00+00:00,2.50235007568009,2.459835553523548,3.2869618079801546
2026-01-01 12:00:00+00:00,2.502189316264568,2.459835553523548,3.2872433620090282
2026-01-01 16:00:00+00:00,2.4945369080867335,2.459835553523548,3.300647798314711
2026-01-01 20:00:00+00:00,2.485056789298572,2.459835553523548,3.3173726304091815
2026-01-02 00:00:00+00:00,2.484124893002585,2.459835553523548,3.3215403021814107
2026-01-02 04:00:00+00:00,2.484124893002585,2.459835553523548,3.318066059894087
2026-01-02 08:00:00+00:00,2.484124893002585,2.459835553523548,3.342163948089505
2026-01-02 12:00:00+00:00,2.484124893002585,2.459835553523548,3.338995905143927
2026-01-02 16:00:00+00:00,2.484124893002585,2.459835553523548,3.356886908633853
2026-01-02 20:00:00+00:00,2.484124893002585,2.459835553523548,3.3605426300432364
2026-01-03 00:00:00+00:00,2.484124893002585,2.459835553523548,3.3727192816712837
2026-01-03 04:00:00+00:00,2.484124893002585,2.459835553523548,3.344933931890814
2026-01-03 08:00:00+00:00,2.484124893002585,2.459835553523548,3.3514914521839883
2026-01-03 12:00:00+00:00,2.484124893002585,2.459835553523548,3.3595784755305678
2026-01-03 16:00:00+00:00,2.484124893002585,2.459835553523548,3.365346225570337
2026-01-03 20:00:00+00:00,2.484124893002585,2.459835553523548,3.3841752446047333
2026-01-04 00:00:00+00:00,2.484124893002585,2.459835553523548,3.4069075584187303
2026-01-04 04:00:00+00:00,2.484124893002585,2.459835553523548,3.4179314815492527
2026-01-04 08:00:00+00:00,2.484124893002585,2.459835553523548,3.4092682806608265
2026-01-04 12:00:00+00:00,2.484124893002585,2.459835553523548,3.41057298858773
2026-01-04 16:00:00+00:00,2.484124893002585,2.459835553523548,3.4032215904890037
2026-01-04 20:00:00+00:00,2.484124893002585,2.459835553523548,3.4178467166095245
2026-01-05 00:00:00+00:00,2.484124893002585,2.459835553523548,3.468201198359671
2026-01-05 04:00:00+00:00,2.484124893002585,2.459835553523548,3.454848293162722
2026-01-05 08:00:00+00:00,2.484124893002585,2.459835553523548,3.4777620860987777
2026-01-05 12:00:00+00:00,2.484124893002585,2.459835553523548,3.508511594872883
2026-01-05 16:00:00+00:00,2.484124893002585,2.459835553523548,3.521419390782806
2026-01-05 20:00:00+00:00,2.4714483079526226,2.4472829179088897,3.5048513924975224
2026-01-06 00:00:00+00:00,2.4690661151201443,2.4449240177419997,3.5014731175648675
2026-01-06 04:00:00+00:00,2.4555276132217587,2.4315178929513728,3.482273672009724
2026-01-06 08:00:00+00:00,2.470929318003157,2.446769002552535,3.5041153938358374
2026-01-06 12:00:00+00:00,2.4658997761336794,2.441788638665306,3.4969828162423107
2026-01-06 16:00:00+00:00,2.4247305501967387,2.401021958231487,3.43930942339677
2026-01-06 20:00:00+00:00,2.4247305501967387,2.401021958231487,3.500678866345485
2026-01-07 00:00:00+00:00,2.3996611040372375,2.3761976367394433,3.4658714694655814
2026-01-07 04:00:00+00:00,2.4012976626704527,2.3778181933880838,3.4682351790183286
2026-01-07 08:00:00+00:00,2.3808233575706748,2.3575440824687863,3.4386637908822837
2026-01-07 12:00:00+00:00,2.3798710282276465,2.356601064835799,3.4111338561624898
2026-01-07 16:00:00+00:00,2.3798710282276465,2.356601064835799,3.4050139768797134
2026-01-07 20:00:00+00:00,2.3798710282276465,2.356601064835799,3.4116641038030746
2026-01-08 00:00:00+00:00,2.3798710282276465,2.356601064835799,3.3910979636250156
2026-01-08 04:00:00+00:00,2.3798710282276465,2.356601064835799,3.3811883073673843
2026-01-08 08:00:00+00:00,2.3798710282276465,2.356601064835799,3.3691923880337336
2026-01-08 12:00:00+00:00,2.3798710282276465,2.356601064835799,3.389909387399677
2026-01-08 16:00:00+00:00,2.3798710282276465,2.356601064835799,3.3957286685481787
2026-01-08 20:00:00+00:00,2.3798710282276465,2.356601064835799,3.401799630619043
2026-01-09 00:00:00+00:00,2.3798710282276465,2.356601064835799,3.406289558527768
2026-01-09 04:00:00+00:00,2.3798710282276465,2.356601064835799,3.3884258142475345
2026-01-09 08:00:00+00:00,2.3798710282276465,2.356601064835799,3.378017650524987
2026-01-09 12:00:00+00:00,2.3798710282276465,2.356601064835799,3.4046554996015725
2026-01-09 16:00:00+00:00,2.3798710282276465,2.356601064835799,3.3731274229890036
2026-01-09 20:00:00+00:00,2.3798710282276465,2.356601064835799,3.3846707647590004
2026-01-10 00:00:00+00:00,2.3798710282276465,2.356601064835799,3.384105416218264
2026-01-10 04:00:00+00:00,2.3798710282276465,2.356601064835799,3.3860606110394627
2026-01-10 08:00:00+00:00,2.3798710282276465,2.356601064835799,3.3877544161786823
2026-01-10 12:00:00+00:00,2.3798710282276465,2.356601064835799,3.3855845084044303
2026-01-10 16:00:00+00:00,2.3798710282276465,2.356601064835799,3.38412035277152
2026-01-10 20:00:00+00:00,2.3798710282276465,2.356601064835799,3.3795706786497703
2026-01-11 00:00:00+00:00,2.3798710282276465,2.356601064835799,3.3881143871121493
2026-01-11 04:00:00+00:00,2.3798710282276465,2.356601064835799,3.387266364301045
2026-01-11 08:00:00+00:00,2.3798710282276465,2.356601064835799,3.3889168534358234
2026-01-11 12:00:00+00:00,2.3798710282276465,2.356601064835799,3.393427692519107
2026-01-11 16:00:00+00:00,2.3798710282276465,2.356601064835799,3.3865199100520815
2026-01-11 20:00:00+00:00,2.3798710282276465,2.356601064835799,3.3985755755987554
2026-01-12 00:00:00+00:00,2.3798710282276465,2.356601064835799,3.428242184261807
2026-01-12 04:00:00+00:00,2.3798710282276465,2.356601064835799,3.4133045107644056
2026-01-12 08:00:00+00:00,2.3798710282276465,2.356601064835799,3.3839119878536
2026-01-12 12:00:00+00:00,2.3798710282276465,2.356601064835799,3.4228978855068433
2026-01-12 16:00:00+00:00,2.3798710282276465,2.356601064835799,3.4302268787756858
2026-01-12 20:00:00+00:00,2.3798710282276465,2.356601064835799,3.409126383404897
2026-01-13 00:00:00+00:00,2.3798710282276465,2.356601064835799,3.41333513069858
2026-01-13 04:00:00+00:00,2.3798710282276465,2.356601064835799,3.433241448636559
2026-01-13 08:00:00+00:00,2.3798710282276465,2.356601064835799,3.435434881482189
2026-01-13 12:00:00+00:00,2.3798710282276465,2.356601064835799,3.489551880997498
2026-01-13 16:00:00+00:00,2.3798710282276465,2.356601064835799,3.5185605344896262
2026-01-13 20:00:00+00:00,2.3798710282276465,2.356601064835799,3.5628907308978337
2026-01-14 00:00:00+00:00,2.3798710282276465,2.356601064835799,3.5743541621079116
2026-01-14 04:00:00+00:00,2.3798710282276465,2.356601064835799,3.5550901159599366
2026-01-14 08:00:00+00:00,2.3798710282276465,2.356601064835799,3.5397013585542068
2026-01-14 12:00:00+00:00,2.3798710282276465,2.356601064835799,3.613322882724911
2026-01-14 16:00:00+00:00,2.3798710282276465,2.356601064835799,3.6320999972367436
2026-01-14 20:00:00+00:00,2.3798710282276465,2.356601064835799,3.620313563062507
2026-01-15 00:00:00+00:00,2.3798710282276465,2.356601064835799,3.5842163948089563
2026-01-15 04:00:00+00:00,2.3798710282276465,2.356601064835799,3.6083157766596994
2026-01-15 08:00:00+00:00,2.3798710282276465,2.356601064835799,3.606471112332595
2026-01-15 12:00:00+00:00,2.3798710282276465,2.356601064835799,3.612294874447073
2026-01-15 16:00:00+00:00,2.3798710282276465,2.356601064835799,3.566699925391922
2026-01-15 20:00:00+00:00,2.3798710282276465,2.356601064835799,3.5700154668009025
2026-01-16 00:00:00+00:00,2.3798710282276465,2.356601064835799,3.560676013463815
2026-01-16 04:00:00+00:00,2.3798710282276465,2.356601064835799,3.5718212960895412
2026-01-16 08:00:00+00:00,2.3798710282276465,2.356601064835799,3.563454212369413
2026-01-16 12:00:00+00:00,2.3798710282276465,2.356601064835799,3.531971318830443
2026-01-16 16:00:00+00:00,2.3798710282276465,2.356601064835799,3.5475094417687316
2026-01-16 20:00:00+00:00,2.3798710282276465,2.356601064835799,3.5680042599049937
2026-01-17 00:00:00+00:00,2.3798710282276465,2.356601064835799,3.561357867119946
2026-01-17 04:00:00+00:00,2.3798710282276465,2.356601064835799,3.55122789670179
2026-01-17 08:00:00+00:00,2.3798710282276465,2.356601064835799,3.5595247786216153
2026-01-17 12:00:00+00:00,2.3798710282276465,2.356601064835799,3.5688519093022664
2026-01-17 16:00:00+00:00,2.3798710282276465,2.356601064835799,3.558311930497236
2026-01-17 20:00:00+00:00,2.3798710282276465,2.356601064835799,3.5529493344645338
2026-01-18 00:00:00+00:00,2.3798710282276465,2.356601064835799,3.5549105039070343
2026-01-18 04:00:00+00:00,2.3798710282276465,2.356601064835799,3.5484870391793315
2026-01-18 08:00:00+00:00,2.3798710282276465,2.356601064835799,3.55370699112844
2026-01-18 12:00:00+00:00,2.3798710282276465,2.356601064835799,3.551885478458882
2026-01-18 16:00:00+00:00,2.3798710282276465,2.356601064835799,3.5616580918403913
2026-01-18 20:00:00+00:00,2.3798710282276465,2.356601064835799,3.497884610645138
2026-01-19 00:00:00+00:00,2.3798710282276465,2.356601064835799,3.4611761639495886
2026-01-19 04:00:00+00:00,2.3798710282276465,2.356601064835799,3.4668345037367576
2026-01-19 08:00:00+00:00,2.3798710282276465,2.356601064835799,3.4799166839059446
2026-01-19 12:00:00+00:00,2.3798710282276465,2.356601064835799,3.475310997709485
2026-01-19 16:00:00+00:00,2.3798710282276465,2.356601064835799,3.476701217403779
2026-01-19 20:00:00+00:00,2.3798710282276465,2.356601064835799,3.4589696616198595
2026-01-20 00:00:00+00:00,2.3798710282276465,2.356601064835799,3.451647763213814
2026-01-20 04:00:00+00:00,2.3798710282276465,2.356601064835799,3.404711885090114
2026-01-20 08:00:00+00:00,2.3798710282276465,2.356601064835799,3.4062432552126762
2026-01-20 12:00:00+00:00,2.3798710282276465,2.356601064835799,3.386301462960714
2026-01-20 16:00:00+00:00,2.3798710282276465,2.356601064835799,3.35048398166688
2026-01-20 20:00:00+00:00,2.3798710282276465,2.356601064835799,3.302011132213147
2026-01-21 00:00:00+00:00,2.3798710282276465,2.356601064835799,3.3395268996121774
2026-01-21 04:00:00+00:00,2.3798710282276465,2.356601064835799,3.3313722883621146
2026-01-21 08:00:00+00:00,2.3798710282276465,2.356601064835799,3.315541035566179
2026-01-21 12:00:00+00:00,2.3798710282276465,2.356601064835799,3.371480294578708
2026-01-21 16:00:00+00:00,2.3798710282276465,2.356601064835799,3.3740015847683056
2026-01-21 20:00:00+00:00,2.3798710282276465,2.356601064835799,3.340363346594508
2026-01-22 00:00:00+00:00,2.3798710282276465,2.356601064835799,3.3569720469874142
2026-01-22 04:00:00+00:00,2.3798710282276465,2.356601064835799,3.353957850540372
2026-01-22 08:00:00+00:00,2.3798710282276465,2.356601064835799,3.3585310497334993
2026-01-22 12:00:00+00:00,2.3798710282276465,2.356601064835799,3.3233834728531924
2026-01-22 16:00:00+00:00,2.3798710282276465,2.356601064835799,3.3524309613837864
2026-01-22 20:00:00+00:00,2.3798710282276465,2.356601064835799,3.3442819513411948
2026-01-23 00:00:00+00:00,2.3798710282276465,2.356601064835799,3.3579156637393552
2026-01-23 04:00:00+00:00,2.3798710282276465,2.356601064835799,3.343900322405506
2026-01-23 08:00:00+00:00,2.3798710282276465,2.356601064835799,3.3309439826975007
2026-01-23 12:00:00+00:00,2.3798710282276465,2.356601064835799,3.351822670252439
2026-01-23 16:00:00+00:00,2.3745804279234095,2.356601064835799,3.3600818373752928
2026-01-23 20:00:00+00:00,2.382151444429123,2.356601064835799,3.3457976380828374
2026-01-24 00:00:00+00:00,2.378766459587508,2.356601064835799,3.3521367112846447
2026-01-24 04:00:00+00:00,2.3817459453970917,2.356601064835799,3.3465384911243308
2026-01-24 08:00:00+00:00,2.382238266245188,2.356601064835799,3.345616158960778
2026-01-24 12:00:00+00:00,2.3886122108090824,2.356601064835799,3.333680732667814
2026-01-24 16:00:00+00:00,2.3874967097655273,2.356601064835799,3.335756540156554
2026-01-24 20:00:00+00:00,2.3896218514948933,2.356601064835799,3.3317976067160755
2026-01-25 00:00:00+00:00,2.394944548172997,2.356601064835799,3.321902513597869
2026-01-25 04:00:00+00:00,2.401009150643276,2.356601064835799,3.3106866557580084
2026-01-25 08:00:00+00:00,2.4028334682574903,2.356601064835799,3.3073326527243943
2026-01-25 12:00:00+00:00,2.405349764785594,2.356601064835799,3.302714643871499
2026-01-25 16:00:00+00:00,2.4451505642238143,2.356601064835799,3.2298489092955442
2026-01-25 20:00:00+00:00,2.441435988932677,2.356601064835799,3.236391119621631
2026-01-26 00:00:00+00:00,2.42851286867504,2.356601064835799,3.259232470274396
2026-01-26 04:00:00+00:00,2.413517473897696,2.356601064835799,3.286065614784802
2026-01-26 08:00:00+00:00,2.41651323067485,2.356601064835799,3.2806272157443264
2026-01-26 12:00:00+00:00,2.420919437444014,2.356601064835799,3.2726514697195035
2026-01-26 16:00:00+00:00,2.4132171757923624,2.356601064835799,3.286534249143206
2026-01-26 20:00:00+00:00,2.4063510252515288,2.356601064835799,3.2990021635597433
2026-01-27 00:00:00+00:00,2.397343865982197,2.356601064835799,3.3154667262137294
2026-01-27 04:00:00+00:00,2.4068128315374624,2.356601064835799,3.2980062688714056
2026-01-27 08:00:00+00:00,2.4135098143796205,2.356601064835799,3.285770617857998
2026-01-27 12:00:00+00:00,2.412384148298736,2.356601064835799,3.287813938343406
2026-01-27 16:00:00+00:00,2.404959585597366,2.356601064835799,3.3013057534856354
2026-01-27 20:00:00+00:00,2.3877967734222385,2.356601064835799,3.332718445224302
2026-01-28 00:00:00+00:00,2.3902714538933827,2.356601064835799,3.328113132441674
2026-01-28 04:00:00+00:00,2.3901169775332263,2.356601064835799,3.328399914264188
2026-01-28 08:00:00+00:00,2.3710989380248524,2.356601064835799,3.3637117932303093
2026-01-28 12:00:00+00:00,2.382950616003764,2.356601064835799,3.341294267276181
2026-01-28 16:00:00+00:00,2.384490165607676,2.356601064835799,3.338415993463768
2026-01-28 20:00:00+00:00,2.386542328247359,2.356601064835799,3.334585140967459
2026-01-29 00:00:00+00:00,2.4115224539969375,2.356601064835799,3.288047321988029
2026-01-29 04:00:00+00:00,2.4053755902567575,2.356601064835799,3.299222104306436
2026-01-29 08:00:00+00:00,2.415716928317017,2.356601064835799,3.2803098139876377
2026-01-29 12:00:00+00:00,2.4757852910809124,2.356601064835799,3.171553782420726
2026-01-29 16:00:00+00:00,2.494605042895692,2.356601064835799,3.137128387890342
2026-01-29 20:00:00+00:00,2.481273742398695,2.356601064835799,3.1609540574026713
2026-01-30 00:00:00+00:00,2.521838124920423,2.356601064835799,3.0872522492582166
2026-01-30 04:00:00+00:00,2.518998636534405,2.356601064835799,3.0925005806585113
2026-01-30 08:00:00+00:00,2.5123038882498125,2.356601064835799,3.104986792352787
2026-01-30 12:00:00+00:00,2.5176619955032207,2.356601064835799,3.0950009596735506
2026-01-30 16:00:00+00:00,2.489647796382926,2.356601064835799,3.145749766429652
2026-01-30 20:00:00+00:00,2.489270457220691,2.356601064835799,3.1464032406345983
2026-01-31 00:00:00+00:00,2.493853459340783,2.356601064835799,3.1375234597239614
2026-01-31 04:00:00+00:00,2.50327489318787,2.356601064835799,3.1197534423154085
2026-01-31 08:00:00+00:00,2.5139902133499503,2.356601064835799,3.1000816282635473
2026-01-31 12:00:00+00:00,2.549908979078447,2.356601064835799,3.035934733236896
2026-01-31 16:00:00+00:00,2.622504753684637,2.356601064835799,2.9032929125308002
2026-01-31 20:00:00+00:00,2.6053633843019437,2.356601064835799,2.9403012105329616
2026-02-01 00:00:00+00:00,2.6032528638736627,2.356601064835799,2.9450506610545086
2026-02-01 04:00:00+00:00,2.6120441469722064,2.356601064835799,2.925435979318851
2026-02-01 08:00:00+00:00,2.605117093442834,2.356601064835799,2.940393443749316
2026-02-01 12:00:00+00:00,2.6250193351009607,2.356601064835799,2.8974448785172804
2026-02-01 16:00:00+00:00,2.632451133231375,2.356601064835799,2.881813028707311
2026-02-01 20:00:00+00:00,2.636211944911801,2.356601064835799,2.874099419192129
2026-02-02 00:00:00+00:00,2.648846506863436,2.356601064835799,2.848885397054663
2026-02-02 04:00:00+00:00,2.6417297071353687,2.356601064835799,2.862619931187301
2026-02-02 08:00:00+00:00,2.62046141187182,2.356601064835799,2.9036655795345347
2026-02-02 12:00:00+00:00,2.6003912954185187,2.356601064835799,2.9443703010537017
2026-02-02 16:00:00+00:00,2.609345968591739,2.356601064835799,2.925379967244141
2026-02-02 20:00:00+00:00,2.60213019137444,2.356601064835799,2.9402086039027746
2026-02-03 00:00:00+00:00,2.6018530649210563,2.356601064835799,2.9407578956487606
2026-02-03 04:00:00+00:00,2.6010698072174976,2.356601064835799,2.9423019618415895
2026-02-03 08:00:00+00:00,2.614605805451021,2.356601064835799,2.9155965248615217
2026-02-03 12:00:00+00:00,2.6135687540184023,2.356601064835799,2.917569270132796
2026-02-03 16:00:00+00:00,2.676916642958396,2.356601064835799,2.7981765455785212
2026-02-03 20:00:00+00:00,2.6622261045440943,2.356601064835799,2.829364442190687
2026-02-04 00:00:00+00:00,2.646398490313473,2.356601064835799,2.864015752089066
2026-02-04 04:00:00+00:00,2.6494545651344064,2.356601064835799,2.857149791971157
2026-02-04 08:00:00+00:00,2.657917529794235,2.356601064835799,2.838589257481535
2026-02-04 12:00:00+00:00,2.6909071619083282,2.356601064835799,2.7683542233477767
2026-02-04 16:00:00+00:00,2.694616542214575,2.356601064835799,2.760397894842186
2026-02-04 20:00:00+00:00,2.7082168441286347,2.356601064835799,2.7321132907691377
2026-02-05 00:00:00+00:00,2.744201811248182,2.356601064835799,2.659574666709487
2026-02-05 04:00:00+00:00,2.752805028709167,2.356601064835799,2.642158645613099
2026-02-05 08:00:00+00:00,2.761154239575321,2.356601064835799,2.6257844491063107
2026-02-05 12:00:00+00:00,2.8167318574719125,2.356601064835799,2.520135220616628
2026-02-05 16:00:00+00:00,2.8579338793954645,2.356601064835799,2.4371096425160044
2026-02-05 20:00:00+00:00,2.901727552712465,2.356601064835799,2.34914118552917
2026-02-06 00:00:00+00:00,2.878234776789259,2.356601064835799,2.396134195969074
2026-02-06 04:00:00+00:00,2.8662595127064656,2.356601064835799,2.421812744912798
2026-02-06 08:00:00+00:00,2.8359605305327116,2.356601064835799,2.4881056492284914
2026-02-06 12:00:00+00:00,2.805042272726971,2.356601064835799,2.562589759349724
2026-02-06 16:00:00+00:00,2.7754070125072086,2.356601064835799,2.6412105478951804
2026-02-06 20:00:00+00:00,2.7773354225004243,2.356601064835799,2.635564530764447
2026-02-07 00:00:00+00:00,2.7728531571581683,2.356601064835799,2.6482131774753808
2026-02-07 04:00:00+00:00,2.8106701176662297,2.356601064835799,2.5424679816310283
2026-02-07 08:00:00+00:00,2.8121675737262377,2.356601064835799,2.538192766675356
2026-02-07 12:00:00+00:00,2.796100251377512,2.356601064835799,2.582212656189672
2026-02-07 16:00:00+00:00,2.7931497267741556,2.356601064835799,2.590506550798846
2026-02-07 20:00:00+00:00,2.7942759636111387,2.356601064835799,2.5873612860969835
2026-02-08 00:00:00+00:00,2.796875934392489,2.356601064835799,2.5802892015441428
2026-02-08 04:00:00+00:00,2.7882417989351587,2.356601064835799,2.603093584227599
2026-02-08 08:00:00+00:00,2.7700066246001556,2.356601064835799,2.65123745609587
2026-02-08 12:00:00+00:00,2.7674104616366906,2.356601064835799,2.6582953509231175
2026-02-08 16:00:00+00:00,2.764136888801024,2.356601064835799,2.6670324877501606
2026-02-08 20:00:00+00:00,2.7796008604707434,2.356601064835799,2.6262336659454815
2026-02-09 00:00:00+00:00,2.765369007792875,2.356601064835799,2.662722918722
2026-02-09 04:00:00+00:00,2.7780743735574562,2.356601064835799,2.629676914884799
2026-02-09 08:00:00+00:00,2.8001412495981253,2.356601064835799,2.5738937428537936
2026-02-09 12:00:00+00:00,2.790546459449955,2.356601064835799,2.597592451663447
2026-02-09 16:00:00+00:00,2.769490616098552,2.356601064835799,2.6496328968623537
2026-02-09 20:00:00+00:00,2.78138055421191,2.356601064835799,2.6190499306570523
2026-02-10 00:00:00+00:00,2.7907323563897406,2.356601064835799,2.5956678767764236
2026-02-10 04:00:00+00:00,2.799832610128326,2.356601064835799,2.573555429922547
2026-02-10 08:00:00+00:00,2.8059140039403276,2.356601064835799,2.559192066897835
2026-02-10 12:00:00+00:00,2.7935605243372894,2.356601064835799,2.58751027821571
2026-02-10 16:00:00+00:00,2.7972922054439144,2.356601064835799,2.5788709758124932
2026-02-10 20:00:00+00:00,2.8009356230528457,2.356601064835799,2.5706289857258837
2026-02-11 00:00:00+00:00,2.812016892393656,2.356601064835799,2.5462338601206738
2026-02-11 04:00:00+00:00,2.8321968312850556,2.356601064835799,2.5030944804207937
2026-02-11 08:00:00+00:00,2.831832692323137,2.356601064835799,2.503852883912362
2026-02-11 12:00:00+00:00,2.8415639307511795,2.356601064835799,2.4839387242839237
2026-02-11 16:00:00+00:00,2.821480380042799,2.356601064835799,2.523779739611068
2026-02-11 20:00:00+00:00,2.830629654622721,2.356601064835799,2.5049540813011544
2026-02-12 00:00:00+00:00,2.8213030175411613,2.356601064835799,2.5235676405548344
2026-02-12 04:00:00+00:00,2.8280929763674005,2.356601064835799,2.5100026363016505
2026-02-12 08:00:00+00:00,2.8115769308906318,2.356601064835799,2.5420523720366814
2026-02-12 12:00:00+00:00,2.8293212347594556,2.356601064835799,2.506904048328712
2026-02-12 16:00:00+00:00,2.8553314023505107,2.356601064835799,2.4566283568969913
2026-02-12 20:00:00+00:00,2.8458269919631274,2.356601064835799,2.4746944914738425
2026-02-13 00:00:00+00:00,2.8403053758284105,2.356601064835799,2.485184059411635
2026-02-13 04:00:00+00:00,2.847120874620092,2.356601064835799,2.472334142645578
2026-02-13 08:00:00+00:00,2.8274889544022956,2.356601064835799,2.508273730262279
2026-02-13 12:00:00+00:00,2.797419360720765,2.356601064835799,2.5650587716029243
2026-02-13 16:00:00+00:00,2.7928563075515807,2.356601064835799,2.5742742515479877
2026-02-13 20:00:00+00:00,2.7944280854144057,2.356601064835799,2.571102101050265
2026-02-14 00:00:00+00:00,2.791972944949438,2.356601064835799,2.575882918333649
2026-02-14 04:00:00+00:00,2.7873539674408097,2.356601064835799,2.5847429083112217
2026-02-14 08:00:00+00:00,2.7620108691187135,2.356601064835799,2.632781850892871
2026-02-14 12:00:00+00:00,2.775666348742534,2.356601064835799,2.605617488314015
2026-02-14 16:00:00+00:00,2.7738236903132787,2.356601064835799,2.6091914320943226
2026-02-14 20:00:00+00:00,2.774808437402305,2.356601064835799,2.6072855278988687
2026-02-15 00:00:00+00:00,2.7721632941366097,2.356601064835799,2.6121977868509054
2026-02-15 04:00:00+00:00,2.7543594767591895,2.356601064835799,2.6448311684044117
2026-02-15 08:00:00+00:00,2.7650266368732965,2.356601064835799,2.6249207429142873
2026-02-15 12:00:00+00:00,2.7894850843256274,2.356601064835799,2.5802892015441423
2026-02-15 16:00:00+00:00,2.8062238166322584,2.356601064835799,2.5499172141535804
2026-02-15 20:00:00+00:00,2.7947354126603274,2.356601064835799,2.570303742278737
2026-02-16 00:00:00+00:00,2.8032971434934866,2.356601064835799,2.5550774198896655
2026-02-16 04:00:00+00:00,2.7997690097177848,2.356601064835799,2.5611670526520984
2026-02-16 08:00:00+00:00,2.7948265789336117,2.356601064835799,2.569566249961727
2026-02-16 12:00:00+00:00,2.8230963882359648,2.356601064835799,2.522019093396029
2026-02-16 16:00:00+00:00,2.8147579889264995,2.356601064835799,2.535981409965819
2026-02-16 20:00:00+00:00,2.7928322343059118,2.356601064835799,2.5725386240596517
2026-02-17 00:00:00+00:00,2.8018559168126855,2.356601064835799,2.5569474763573043
2026-02-17 04:00:00+00:00,2.8037690460304545,2.356601064835799,2.5537069911284354
2026-02-17 08:00:00+00:00,2.815859230117418,2.356601064835799,2.5337846163957067
2026-02-17 12:00:00+00:00,2.826605712440426,2.356601064835799,2.516512359624407
2026-02-17 16:00:00+00:00,2.817021141187725,2.356601064835799,2.5314963364369016
2026-02-17 20:00:00+00:00,2.8239500518768135,2.356601064835799,2.5206748036029967
2026-02-18 00:00:00+00:00,2.8208500811449277,2.356601064835799,2.52536450791152
2026-02-18 04:00:00+00:00,2.8089131933862004,2.356601064835799,2.5431886703256255
2026-02-18 08:00:00+00:00,2.827279045120348,2.356601064835799,2.5156796467803897
2026-02-18 12:00:00+00:00,2.8190400295887015,2.356601064835799,2.527787963677291
2026-02-18 16:00:00+00:00,2.8578458889065934,2.356601064835799,2.471145939834071
2026-02-18 20:00:00+00:00,2.850718912958946,2.356601064835799,2.4817456648521254
2026-02-19 00:00:00+00:00,2.8376404550526995,2.356601064835799,2.5011598233603225
2026-02-19 04:00:00+00:00,2.8319986946639197,2.356601064835799,2.5095817989136657
2026-02-19 08:00:00+00:00,2.8499573564662137,2.356601064835799,2.4830533600896807
2026-02-19 12:00:00+00:00,2.852485138120957,2.356601064835799,2.4793931577143207
2026-02-19 16:00:00+00:00,2.8352395253908207,2.356601064835799,2.5037397395214493
2026-02-19 20:00:00+00:00,2.836439611676559,2.356601064835799,2.502011953723572
2026-02-20 00:00:00+00:00,2.826799038338431,2.356601064835799,2.515548951939401
2026-02-20 04:00:00+00:00,2.8145286038048614,2.356601064835799,2.532713292113427
2026-02-20 08:00:00+00:00,2.8280408208394303,2.356601064835799,2.513762540169995
2026-02-20 12:00:00+00:00,2.820827498330684,2.356601064835799,2.5236408296657884
2026-02-20 16:00:00+00:00,2.8190762147564046,2.356601064835799,2.525996324114245
2026-02-20 20:00:00+00:00,2.8085689389603554,2.356601064835799,2.539961254580855
2026-02-21 00:00:00+00:00,2.81847526153513,2.356601064835799,2.5268081257837034
2026-02-21 04:00:00+00:00,2.813036153611411,2.356601064835799,2.5338372677459327
2026-02-21 08:00:00+00:00,2.8061074258833916,2.356601064835799,2.5426662643754994
2026-02-21 12:00:00+00:00,2.7906370299620447,2.356601064835799,2.562179004135185
2026-02-21 16:00:00+00:00,2.792730013761265,2.356601064835799,2.559509468654523
2026-02-21 20:00:00+00:00,2.8097463032395735,2.356601064835799,2.5383152464120533
2026-02-22 00:00:00+00:00,2.807749303948349,2.356601064835799,2.540761107007708
2026-02-22 04:00:00+00:00,2.8088496656910173,2.356601064835799,2.539411962834868
2026-02-22 08:00:00+00:00,2.8021997160797314,2.356601064835799,2.547428037553482
2026-02-22 12:00:00+00:00,2.818707008671626,2.356601064835799,2.5274194042257
2026-02-22 16:00:00+00:00,2.8266972294267214,2.356601064835799,2.517866731590885
2026-02-22 20:00:00+00:00,2.8199348700786198,2.356601064835799,2.525898116276586
2026-02-23 00:00:00+00:00,2.904642160236231,2.356601064835799,2.424731720832832
2026-02-23 04:00:00+00:00,2.8779541106966224,2.356601064835799,2.4629980500329722
2026-02-23 08:00:00+00:00,2.871860570181674,2.356601064835799,2.4722695420527447
2026-02-23 12:00:00+00:00,2.885372993124594,2.356601064835799,2.4518389510954837
2026-02-23 16:00:00+00:00,2.9199627267048394,2.356601064835799,2.4008679631097
2026-02-23 20:00:00+00:00,2.9108458714662984,2.356601064835799,2.4143452151125047
2026-02-24 00:00:00+00:00,2.937611956579186,2.356601064835799,2.3747443048789494
2026-02-24 04:00:00+00:00,2.947899887181827,2.356601064835799,2.3597125310960356
2026-02-24 08:00:00+00:00,2.9469864812295326,2.356601064835799,2.360987365916427
2026-02-24 12:00:00+00:00,2.9269502024303398,2.356601064835799,2.3888765247420256
2026-02-24 16:00:00+00:00,2.91494964492993,2.356601064835799,2.406093142852447
2026-02-24 20:00:00+00:00,2.924710839984675,2.356601064835799,2.392019922374731
2026-02-25 00:00:00+00:00,2.8891961525333123,2.356601064835799,2.441817644102263
2026-02-25 04:00:00+00:00,2.897974539171969,2.356601064835799,2.428246665227777
2026-02-25 08:00:00+00:00,2.887948919064744,2.356601064835799,2.4432481924903473
2026-02-25 12:00:00+00:00,2.838368353557544,2.356601064835799,2.5172696428744783
2026-02-25 16:00:00+00:00,2.803684319306735,2.356601064835799,2.577984117962921
2026-02-25 20:00:00+00:00,2.8242447036296823,2.356601064835799,2.538767450561874
2026-02-26 00:00:00+00:00,2.8197007793715967,2.356601064835799,2.547311905851916
2026-02-26 04:00:00+00:00,2.827573247175401,2.356601064835799,2.5326808051100915
2026-02-26 08:00:00+00:00,2.822898515704705,2.356601064835799,2.541130039873127
2026-02-26 12:00:00+00:00,2.8368899624602752,2.356601064835799,2.516137078723849
2026-02-26 16:00:00+00:00,2.832457043028487,2.356601064835799,2.5238749601380714
2026-02-26 20:00:00+00:00,2.8347002571540076,2.356601064835799,2.5199899626362097
2026-02-27 00:00:00+00:00,2.8321181026885203,2.356601064835799,2.5243088670101557
2026-02-27 04:00:00+00:00,2.8300740679690732,2.356601064835799,2.5276606295607817
2026-02-27 08:00:00+00:00,2.8660600811751715,2.356601064835799,2.469273269469609
2026-02-27 12:00:00+00:00,2.8667263579747204,2.356601064835799,2.468093655176223
2026-02-27 16:00:00+00:00,2.8828862778691784,2.356601064835799,2.4418344477246756
2026-02-27 20:00:00+00:00,2.871591496822289,2.356601064835799,2.4597553243211134
2026-02-28 00:00:00+00:00,2.8733397160633265,2.356601064835799,2.4569666698282355
2026-02-28 04:00:00+00:00,2.920759052869822,2.356601064835799,2.3833511202788342
2026-02-28 08:00:00+00:00,2.920268062316623,2.356601064835799,2.384030733451978
2026-02-28 12:00:00+00:00,2.8969905565364673,2.356601064835799,2.421259345614664
2026-02-28 16:00:00+00:00,2.862901714227102,2.356601064835799,2.478049241335117
2026-02-28 20:00:00+00:00,2.8502852605216384,2.356601064835799,2.5008741617793
2026-03-01 00:00:00+00:00,2.839416481296182,2.356601064835799,2.5206240193219243
2026-03-01 04:00:00+00:00,2.8468344357948134,2.356601064835799,2.50715236852659
2026-03-01 08:00:00+00:00,2.8610281469689576,2.356601064835799,2.4820081747755958
2026-03-01 12:00:00+00:00,2.8529475864582325,2.356601064835799,2.4959884152092933
2026-03-01 16:00:00+00:00,2.8720830945620324,2.356601064835799,2.4631186627005124
2026-03-01 20:00:00+00:00,2.8761920332737247,2.356601064835799,2.4561843678514577
2026-03-02 00:00:00+00:00,2.8525099483947316,2.356601064835799,2.4951523416407935
2026-03-02 04:00:00+00:00,2.870241649410667,2.356601064835799,2.4648120944259007
2026-03-02 08:00:00+00:00,2.8624030885213645,2.356601064835799,2.477962235912401
2026-03-02 12:00:00+00:00,2.8001879317361134,2.356601064835799,2.5814172847287913
2026-03-02 16:00:00+00:00,2.802968495920733,2.356601064835799,2.5753056205503055
2026-03-02 20:00:00+00:00,2.8054276978416217,2.356601064835799,2.5702096419932214
2026-03-03 00:00:00+00:00,2.8137877860174063,2.356601064835799,2.5533268558480695
2026-03-03 04:00:00+00:00,2.8176689173026843,2.356601064835799,2.545666644510778
2026-03-03 08:00:00+00:00,2.839908180311394,2.356601064835799,2.502866324569807
2026-03-03 12:00:00+00:00,2.826165951512728,2.356601064835799,2.5289754196611325
2026-03-03 16:00:00+00:00,2.812309096907636,2.356601064835799,2.5554575551700247
2026-03-03 20:00:00+00:00,2.814187003640168,2.356601064835799,2.5518354410054673
2026-03-04 00:00:00+00:00,2.8262084280270217,2.356601064835799,2.529214031099396
2026-03-04 04:00:00+00:00,2.7904101079523156,2.356601064835799,2.594969592911708
2026-03-04 08:00:00+00:00,2.78973048333096,2.356601064835799,2.6553980330053
2026-03-04 12:00:00+00:00,2.78973048333096,2.356601064835799,2.7407410173435776
2026-03-04 16:00:00+00:00,2.78973048333096,2.356601064835799,2.748740288439779
2026-03-04 20:00:00+00:00,2.78973048333096,2.356601064835799,2.7134777000994017
2026-03-05 00:00:00+00:00,2.78973048333096,2.356601064835799,2.7071714873147577
2026-03-05 04:00:00+00:00,2.78973048333096,2.356601064835799,2.690652032827556
2026-03-05 08:00:00+00:00,2.78973048333096,2.356601064835799,2.722776451328867
2026-03-05 12:00:00+00:00,2.78973048333096,2.356601064835799,2.6756135375956775
2026-03-05 16:00:00+00:00,2.78973048333096,2.356601064835799,2.64817882340289
2026-03-05 20:00:00+00:00,2.78973048333096,2.356601064835799,2.647157536574017
2026-03-06 00:00:00+00:00,2.78973048333096,2.356601064835799,2.6542397033003056
2026-03-06 04:00:00+00:00,2.78973048333096,2.356601064835799,2.653345750587939
2026-03-06 08:00:00+00:00,2.78973048333096,2.356601064835799,2.621848667323376
2026-03-06 12:00:00+00:00,2.78973048333096,2.356601064835799,2.558060622988699
2026-03-06 16:00:00+00:00,2.78973048333096,2.356601064835799,2.5441352743882164
2026-03-06 20:00:00+00:00,2.7894241296752598,2.356601064835799,2.543471718009823
2026-03-07 00:00:00+00:00,2.7897661979129857,2.356601064835799,2.542780155594074
2026-03-07 04:00:00+00:00,2.79471042882437,2.356601064835799,2.5333391336948465
2026-03-07 08:00:00+00:00,2.7913323832002583,2.356601064835799,2.5395878407494554
2026-03-07 12:00:00+00:00,2.7940274505074774,2.356601064835799,2.534637867000448
2026-03-07 16:00:00+00:00,2.810687298145234,2.356601064835799,2.504872677085907
2026-03-07 20:00:00+00:00,2.80677898874705,2.356601064835799,2.511690093405735
2026-03-08 00:00:00+00:00,2.812467779627756,2.356601064835799,2.5018823791240745
2026-03-08 04:00:00+00:00,2.8053343298710747,2.356601064835799,2.5138185522447016
2026-03-08 08:00:00+00:00,2.8009382730813632,2.356601064835799,2.5211034826814385
2026-03-08 12:00:00+00:00,2.8076898246472464,2.356601064835799,2.5100216804070494
2026-03-08 16:00:00+00:00,2.8048881189988633,2.356601064835799,2.5144723998634784
2026-03-08 20:00:00+00:00,2.8373720734154753,2.356601064835799,2.4634558553902646
2026-03-09 00:00:00+00:00,2.8082083947287306,2.356601064835799,2.5095295209772677
2026-03-09 04:00:00+00:00,2.8004445577848847,2.356601064835799,2.522601992386838
2026-03-09 08:00:00+00:00,2.7957577296679212,2.356601064835799,2.5304380816387178
2026-03-09 12:00:00+00:00,2.7950065289566353,2.356601064835799,2.5714643124667185
2026-03-09 16:00:00+00:00,2.7950065289566353,2.356601064835799,2.5762540916820558
2026-03-09 20:00:00+00:00,2.7950065289566353,2.356601064835799,2.5553515056419083
2026-03-10 00:00:00+00:00,2.7950065289566353,2.356601064835799,2.5926066301866237
2026-03-10 04:00:00+00:00,2.7950065289566353,2.356601064835799,2.629057794752339
2026-03-10 08:00:00+00:00,2.7950065289566353,2.356601064835799,2.635589922904979
2026-03-10 12:00:00+00:00,2.7950065289566353,2.356601064835799,2.664164296111192
2026-03-10 16:00:00+00:00,2.7950065289566353,2.356601064835799,2.61552602433015
2026-03-10 20:00:00+00:00,2.7950065289566353,2.356601064835799,2.611978592931872
2026-03-11 00:00:00+00:00,2.7950065289566353,2.356601064835799,2.5971645194126634
2026-03-11 04:00:00+00:00,2.7950065289566353,2.356601064835799,2.600763481919674
2026-03-11 08:00:00+00:00,2.7950065289566353,2.356601064835799,2.583015495927174
2026-03-11 12:00:00+00:00,2.7950065289566353,2.356601064835799,2.622407294415147
2026-03-11 16:00:00+00:00,2.7950065289566353,2.356601064835799,2.637863266310528
2026-03-11 20:00:00+00:00,2.7950065289566353,2.356601064835799,2.6210611375529576
2026-03-12 00:00:00+00:00,2.7950065289566353,2.356601064835799,2.5932324717680455
2026-03-12 04:00:00+00:00,2.7950065289566353,2.356601064835799,2.607406513980239
2026-03-12 08:00:00+00:00,2.7950065289566353,2.356601064835799,2.6298755710431
2026-03-12 12:00:00+00:00,2.7950065289566353,2.356601064835799,2.6264017021696078
2026-03-12 16:00:00+00:00,2.7950065289566353,2.356601064835799,2.630040246542747
2026-03-12 20:00:00+00:00,2.7950065289566353,2.356601064835799,2.634111204132644
2026-03-13 00:00:00+00:00,2.7950065289566353,2.356601064835799,2.6663894691324908
2026-03-13 04:00:00+00:00,2.7950065289566353,2.356601064835799,2.674099344509359
2026-03-13 08:00:00+00:00,2.7950065289566353,2.356601064835799,2.69712404135334
2026-03-13 12:00:00+00:00,2.7950065289566353,2.356601064835799,2.6822860693489217
2026-03-13 16:00:00+00:00,2.7950065289566353,2.356601064835799,2.6583311986509286
2026-03-13 20:00:00+00:00,2.7950065289566353,2.356601064835799,2.648624306103746
2026-03-14 00:00:00+00:00,2.7950065289566353,2.356601064835799,2.654274057372793
2026-03-14 04:00:00+00:00,2.7950065289566353,2.356601064835799,2.6361776762755986
2026-03-14 08:00:00+00:00,2.7950065289566353,2.356601064835799,2.6419558819026463
2026-03-14 12:00:00+00:00,2.7950065289566353,2.356601064835799,2.6355581827293095
2026-03-14 16:00:00+00:00,2.7950065289566353,2.356601064835799,2.640035787981599
2026-03-14 20:00:00+00:00,2.7950065289566353,2.356601064835799,2.6591527090800033
2026-03-15 00:00:00+00:00,2.7950065289566353,2.356601064835799,2.664798352796905
2026-03-15 04:00:00+00:00,2.7950065289566353,2.356601064835799,2.6681758809018965
2026-03-15 08:00:00+00:00,2.7950065289566353,2.356601064835799,2.6825833067587133
2026-03-15 12:00:00+00:00,2.7950065289566353,2.356601064835799,2.669208370145711
2026-03-15 16:00:00+00:00,2.7950065289566353,2.356601064835799,2.6717737231674135
2026-03-15 20:00:00+00:00,2.7950065289566353,2.356601064835799,2.719021775254162
2026-03-16 00:00:00+00:00,2.7950065289566353,2.356601064835799,2.747329530984757
2026-03-16 04:00:00+00:00,2.7950065289566353,2.356601064835799,2.742974032055334
2026-03-16 08:00:00+00:00,2.7950065289566353,2.356601064835799,2.746562165561235
2026-03-16 12:00:00+00:00,2.7950065289566353,2.356601064835799,2.7361808876345477
2026-03-16 16:00:00+00:00,2.8201307691129496,2.3777844898089286,2.7618807211666616
2026-03-16 20:00:00+00:00,2.8552730689921906,2.4074146106899392,2.7962971537650914
2026-03-17 00:00:00+00:00,2.8600707949219784,2.41145979839086,2.7805880072920224
2026-03-17 04:00:00+00:00,2.8551599400007523,2.4073192263325414,2.7725723059872402
2026-03-17 08:00:00+00:00,2.8502136251655785,2.4031487563580276,2.7644987255385907
2026-03-17 12:00:00+00:00,2.8474976245308627,2.400858768867281,2.760065556532237
2026-03-17 16:00:00+00:00,2.8611732550852778,2.4123893342498475,2.7823874885455275
2026-03-17 20:00:00+00:00,2.847382551390764,2.4007617453069843,2.7598777293750443
2026-03-18 00:00:00+00:00,2.8596626627511283,2.4111156830199456,2.779921837016809
2026-03-18 04:00:00+00:00,2.8467978059710926,2.4002687190244414,2.758923283621992
2026-03-18 08:00:00+00:00,2.8321938142799126,2.387955408835812,2.7241603229880247
2026-03-18 12:00:00+00:00,2.8321938142799126,2.387955408835812,2.668707248783975
2026-03-18 16:00:00+00:00,2.8321938142799126,2.387955408835812,2.653940972235185
2026-03-18 20:00:00+00:00,2.8321938142799126,2.387955408835812,2.660444347522807
2026-03-19 00:00:00+00:00,2.8321938142799126,2.387955408835812,2.6592811634380036
2026-03-19 04:00:00+00:00,2.8321938142799126,2.387955408835812,2.62103537199859
2026-03-19 08:00:00+00:00,2.8321938142799126,2.387955408835812,2.612132439430407
2026-03-19 12:00:00+00:00,2.8321938142799126,2.387955408835812,2.591959130602979
2026-03-19 16:00:00+00:00,2.8321938142799126,2.387955408835812,2.624053302583947
2026-03-19 20:00:00+00:00,2.8321938142799126,2.387955408835812,2.611282922963978
2026-03-20 00:00:00+00:00,2.8321938142799126,2.387955408835812,2.6411530421651412
2026-03-20 04:00:00+00:00,2.8321938142799126,2.387955408835812,2.6458110062979965
2026-03-20 08:00:00+00:00,2.8321938142799126,2.387955408835812,2.631772513306601
2026-03-20 12:00:00+00:00,2.8321938142799126,2.387955408835812,2.6086723868686774
2026-03-20 16:00:00+00:00,2.8321938142799126,2.387955408835812,2.620538358189002
2026-03-20 20:00:00+00:00,2.8321938142799126,2.387955408835812,2.632968184394736
2026-03-21 00:00:00+00:00,2.8321938142799126,2.387955408835812,2.638443177990689
2026-03-21 04:00:00+00:00,2.8321938142799126,2.387955408835812,2.6410563279828096
2026-03-21 08:00:00+00:00,2.8321938142799126,2.387955408835812,2.6382702873867516
2026-03-21 12:00:00+00:00,2.8321938142799126,2.387955408835812,2.637422637989479
2026-03-21 16:00:00+00:00,2.8321938142799126,2.387955408835812,2.6286840075071103
2026-03-21 20:00:00+00:00,2.8321938142799126,2.387955408835812,2.57349792419251
2026-03-22 00:00:00+00:00,2.8321938142799126,2.387955408835812,2.5892511334976844
2026-03-22 04:00:00+00:00,2.813887575761736,2.3725205607457873,2.5735449743352667
2026-03-22 08:00:00+00:00,2.812761612607907,2.3715712084134086,2.547352607959539
2026-03-22 12:00:00+00:00,2.7922244040093873,2.3715712084134086,2.570878052751425
2026-03-22 16:00:00+00:00,2.791177319857884,2.3715712084134086,2.5466797162353605
2026-03-22 20:00:00+00:00,2.80059540541981,2.3715712084134086,2.5339489184815194
2026-03-23 00:00:00+00:00,2.7939219166113043,2.3715712084134086,2.5419997206864537
2026-03-23 04:00:00+00:00,2.7859630400542734,2.3715712084134086,2.551654708711072
2026-03-23 08:00:00+00:00,2.7302150673850187,2.3715712084134086,2.618458069734286
2026-03-23 12:00:00+00:00,2.7302150673850187,2.3715712084134086,2.61880646483898
2026-03-23 16:00:00+00:00,2.7302150673850187,2.3715712084134086,2.639253486004823
2026-03-23 20:00:00+00:00,2.7302150673850187,2.3715712084134086,2.6477449165308062
2026-03-24 00:00:00+00:00,2.7302150673850187,2.3715712084134086,2.6341694566903433
2026-03-24 04:00:00+00:00,2.7302150673850187,2.3715712084134086,2.662130684385402
2026-03-24 08:00:00+00:00,2.7302150673850187,2.3715712084134086,2.6571295529414933
2026-03-24 12:00:00+00:00,2.7302150673850187,2.3715712084134086,2.6091559577803385
2026-03-24 16:00:00+00:00,2.7302150673850187,2.3715712084134086,2.5906454607441245
2026-03-24 20:00:00+00:00,2.7302150673850187,2.3715712084134086,2.6346862614329982
2026-03-25 00:00:00+00:00,2.7302150673850187,2.3715712084134086,2.640659389080035
2026-03-25 04:00:00+00:00,2.7302150673850187,2.3715712084134086,2.6485078009883516
2026-03-25 08:00:00+00:00,2.7302150673850187,2.3715712084134086,2.67659188183394
2026-03-25 12:00:00+00:00,2.7302150673850187,2.3715712084134086,2.645001818525359
2026-03-25 16:00:00+00:00,2.7302150673850187,2.3715712084134086,2.646880836924952
2026-03-25 20:00:00+00:00,2.7302150673850187,2.3715712084134086,2.6638046985915573
2026-03-26 00:00:00+00:00,2.7302150673850187,2.3715712084134086,2.648305784105565
2026-03-26 04:00:00+00:00,2.7302150673850187,2.3715712084134086,2.6171619503255044
2026-03-26 08:00:00+00:00,2.7302150673850187,2.3715712084134086,2.5868620318044018
2026-03-26 12:00:00+00:00,2.7302150673850187,2.3715712084134086,2.579641328546665
2026-03-26 16:00:00+00:00,2.7302150673850187,2.3715712084134086,2.559167794998793
2026-03-26 20:00:00+00:00,2.7302150673850187,2.3715712084134086,2.5698455635076094
2026-03-27 00:00:00+00:00,2.7302150673850187,2.3715712084134086,2.5678739384778293
2026-03-27 04:00:00+00:00,2.7302150673850187,2.3715712084134086,2.559396324263608
2026-03-27 08:00:00+00:00,2.7302150673850187,2.3715712084134086,2.490774064467656
2026-03-27 12:00:00+00:00,2.7302150673850187,2.3715712084134086,2.468744142070519
2026-03-27 16:00:00+00:00,2.7302150673850187,2.3715712084134086,2.466049587863153
2026-03-27 20:00:00+00:00,2.7302150673850187,2.3715712084134086,2.479739685749855
2026-03-28 00:00:00+00:00,2.7302150673850187,2.3715712084134086,2.4734932191782346
2026-03-28 04:00:00+00:00,2.7302150673850187,2.3715712084134086,2.485497727030007
2026-03-28 08:00:00+00:00,2.7302150673850187,2.3715712084134086,2.476460738896352
2026-03-28 12:00:00+00:00,2.7302150673850187,2.3715712084134086,2.5024294303870724
2026-03-28 16:00:00+00:00,2.7302150673850187,2.3715712084134086,2.4987554116999506
2026-03-28 20:00:00+00:00,2.7302150673850187,2.3715712084134086,2.478610108909877
2026-03-29 00:00:00+00:00,2.7302150673850187,2.3715712084134086,2.498586628648159
2026-03-29 04:00:00+00:00,2.7302150673850187,2.3715712084134086,2.4895873553114747
2026-03-29 08:00:00+00:00,2.7302150673850187,2.3715712084134086,2.49501231145402
2026-03-29 12:00:00+00:00,2.7302150673850187,2.3715712084134086,2.4840608306067886
2026-03-29 16:00:00+00:00,2.7302150673850187,2.3715712084134086,2.4775492402148758
2026-03-29 20:00:00+00:00,2.7302150673850187,2.3715712084134086,2.4649394285424076
2026-03-30 00:00:00+00:00,2.7302150673850187,2.3715712084134086,2.5083626027541497
2026-03-30 04:00:00+00:00,2.7302150673850187,2.3715712084134086,2.525188256583098
2026-03-30 08:00:00+00:00,2.7302150673850187,2.3715712084134086,2.5272816145219132
2026-03-30 12:00:00+00:00,2.7302150673850187,2.3715712084134086,2.525375336912628
2026-03-30 16:00:00+00:00,2.7302150673850187,2.3715712084134086,2.4850709150207195
2026-03-30 20:00:00+00:00,2.7302150673850187,2.3715712084134086,2.494306185898847
2026-03-31 00:00:00+00:00,2.7302150673850187,2.3715712084134086,2.5281886367183786
2026-03-31 04:00:00+00:00,2.7302150673850187,2.3715712084134086,2.51560272353112
2026-03-31 08:00:00+00:00,2.7302150673850187,2.3715712084134086,2.4901359002297982
2026-03-31 12:00:00+00:00,2.7302150673850187,2.3715712084134086,2.492044418322072
2026-03-31 16:00:00+00:00,2.7302150673850187,2.3715712084134086,2.5331946225420965
2026-03-31 20:00:00+00:00,2.7302150673850187,2.3715712084134086,2.549836930179828
2026-04-01 00:00:00+00:00,2.73339613442689,2.3715712084134086,2.5455871073646907
2026-04-01 04:00:00+00:00,2.7184238092298725,2.3715712084134086,2.5650542906369465
2026-04-01 08:00:00+00:00,2.7178327240952704,2.3715712084134086,2.5658205358189745
2026-04-01 12:00:00+00:00,2.711821805221265,2.3715712084134086,2.5735128607457667
2026-04-01 16:00:00+00:00,2.7108249604780736,2.3715712084134086,2.545817503698663
2026-04-01 20:00:00+00:00,2.711671668891391,2.3715712084134086,2.543467983871509
2026-04-02 00:00:00+00:00,2.7575681316830027,2.3715712084134086,2.486049259258982
2026-04-02 04:00:00+00:00,2.747535097023764,2.3715712084134086,2.4992882732373545
2026-04-02 08:00:00+00:00,2.7674883797460024,2.3715712084134086,2.472756847102718
2026-04-02 12:00:00+00:00,2.7494325927868273,2.3715712084134086,2.4963801263184298
2026-04-02 16:00:00+00:00,2.7459884567121455,2.3715712084134086,2.500976103755272
2026-04-02 20:00:00+00:00,2.7480722343890265,2.3715712084134086,2.498212841402929
2026-04-03 00:00:00+00:00,2.757409035205441,2.3715712084134086,2.486188169204261
2026-04-03 04:00:00+00:00,2.7436346198248636,2.3715712084134086,2.5034439957669794
2026-04-03 08:00:00+00:00,2.74435801063585,2.3715712084134086,2.5025239040864156
2026-04-03 12:00:00+00:00,2.7500904259115924,2.3715712084134086,2.4954182122887487
2026-04-03 16:00:00+00:00,2.7482660400756895,2.3715712084134086,2.497606043926908
2026-04-03 20:00:00+00:00,2.745845078072709,2.3715712084134086,2.500539582986368
2026-04-04 00:00:00+00:00,2.749908224985112,2.3715712084134086,2.4956060394459416
2026-04-04 04:00:00+00:00,2.744267661277298,2.3715712084134086,2.502431297456229
2026-04-04 08:00:00+00:00,2.7399073996296957,2.3715712084134086,2.5077326536205815
2026-04-04 12:00:00+00:00,2.732969703050377,2.3715712084134086,2.5161990654198614
2026-04-04 16:00:00+00:00,2.735866785605538,2.3715712084134086,2.5126426720896298
2026-04-04 20:00:00+00:00,2.7355008563554466,2.3715712084134086,2.5130907686873067
2026-04-05 00:00:00+00:00,2.7402088962784013,2.3715712084134086,2.507323765475201
2026-04-05 04:00:00+00:00,2.750166672927672,2.3715712084134086,2.495175119884509
2026-04-05 08:00:00+00:00,2.7446610417957715,2.3715712084134086,2.501835328981318
2026-04-05 12:00:00+00:00,2.735209025464579,2.3715712084134086,2.5133230320904363
2026-04-05 16:00:00+00:00,2.733551908335632,2.3715712084134086,2.5153532830917453
2026-04-05 20:00:00+00:00,2.6826281946791344,2.3715712084134086,2.577831765119711
2026-04-06 00:00:00+00:00,2.6800194646662727,2.3715712084134086,2.5811741923245517
2026-04-06 04:00:00+00:00,2.679014457367023,2.3715712084134086,2.580883676363724
2026-04-06 08:00:00+00:00,2.679014457367023,2.3715712084134086,2.5995170265504686
2026-04-06 12:00:00+00:00,2.679014457367023,2.3715712084134086,2.6127343825266203
2026-04-06 16:00:00+00:00,2.679014457367023,2.3715712084134086,2.604170509717346
2026-04-06 20:00:00+00:00,2.679014457367023,2.3715712084134086,2.57109089863532
2026-04-07 00:00:00+00:00,2.680182398015272,2.3715712084134086,2.5683108326605644
2026-04-07 04:00:00+00:00,2.6847007277409243,2.3715712084134086,2.562537854827156
2026-04-07 08:00:00+00:00,2.692882803146575,2.3715712084134086,2.5521248367248
2026-04-07 12:00:00+00:00,2.698132478107845,2.3715712084134086,2.5454911400100206
2026-04-07 16:00:00+00:00,2.6731020204133844,2.3715712084134086,2.576977020859641
2026-04-07 20:00:00+00:00,2.6720996071557295,2.3715712084134086,2.685749856048966
2026-04-08 00:00:00+00:00,2.6720996071557295,2.3715712084134086,2.6619697430240676
2026-04-08 04:00:00+00:00,2.6720996071557295,2.3715712084134086,2.674673281568217
2026-04-08 08:00:00+00:00,2.6720996071557295,2.3715712084134086,2.6764481175088504
2026-04-08 12:00:00+00:00,2.6720996071557295,2.3715712084134086,2.6628140316968585
2026-04-08 16:00:00+00:00,2.6720996071557295,2.3715712084134086,2.663130686625884
2026-04-08 20:00:00+00:00,2.6720996071557295,2.3715712084134086,2.6538494858464947
2026-04-09 00:00:00+00:00,2.6720996071557295,2.3715712084134086,2.6509540349978375
2026-04-09 04:00:00+00:00,2.6720996071557295,2.3715712084134086,2.6505664314408466
2026-04-09 08:00:00+00:00,2.6720996071557295,2.3715712084134086,2.65684575842963
2026-04-09 12:00:00+00:00,2.6720996071557295,2.3715712084134086,2.693881689055315
2026-04-09 16:00:00+00:00,2.6720996071557295,2.3715712084134086,2.6921763080873222
2026-04-09 20:00:00+00:00,2.6720996071557295,2.3715712084134086,2.6806620925961746
2026-04-10 00:00:00+00:00,2.6740330174474236,2.3732871699627283,2.683675542215554
2026-04-10 04:00:00+00:00,2.6596405227510695,2.360513384903328,2.669231148389429
2026-04-10 08:00:00+00:00,2.6836667094146947,2.381837370127094,2.6933439731381026
2026-04-10 12:00:00+00:00,2.6960537352518026,2.392831239425412,2.7057756664129937
2026-04-10 16:00:00+00:00,2.724911650784847,2.4184435337537074,2.734737643176198
2026-04-10 20:00:00+00:00,2.7147388262800893,2.4094148367548684,2.724528135611954
2026-04-11 00:00:00+00:00,2.7111643291871816,2.4062423598129925,2.7209407489337165
2026-04-11 04:00:00+00:00,2.7066529544342397,2.4022383749144547,2.7164131062280195
2026-04-11 08:00:00+00:00,2.7126682447955437,2.4075771315210246,2.722450087640226
2026-04-11 12:00:00+00:00,2.7108495561528727,2.405962988990381,2.720624840832354
2026-04-11 16:00:00+00:00,2.741693592793645,2.4333380273507084,2.751580100627559
2026-04-11 20:00:00+00:00,2.7177325187553203,2.4120718315997047,2.72753262329938
2026-04-12 00:00:00+00:00,2.6637831740087394,2.364190116273251,2.6733887379882106
2026-04-12 04:00:00+00:00,2.666455024078915,2.3665614660098613,2.6760702227114774
2026-04-12 08:00:00+00:00,2.659145666798788,2.3600741849103337,2.66873450799367
2026-04-12 12:00:00+00:00,2.6376949635198934,2.3410360210034895,2.647206453785931
2026-04-12 16:00:00+00:00,2.644844329777854,2.3473813051128007,2.654381600556237
2026-04-12 20:00:00+00:00,2.632074813776125,2.3360479639401976,2.6415660378626686
2026-04-13 00:00:00+00:00,2.640819253317868,2.3438089250194083,2.650342009728177
2026-04-13 04:00:00+00:00,2.634787219710059,2.3384553082627,2.644288224693558
2026-04-13 08:00:00+00:00,2.639095815144208,2.342279320231777,2.648612356861143
2026-04-13 12:00:00+00:00,2.6739556264413515,2.3732184830465304,2.683597872138623
2026-04-13 16:00:00+00:00,2.7281378883504352,2.421306919572695,2.737975514508248
2026-04-13 20:00:00+00:00,2.768325940539034,2.4569750612981998,2.7788706770814278
2026-04-14 00:00:00+00:00,2.768916195789184,2.45749893112443,2.779857983251643
2026-04-14 04:00:00+00:00,2.7711836778526378,2.459511391723908,2.7836507475371493
2026-04-14 08:00:00+00:00,2.767400150628909,2.4561533940631866,2.7773221299226214
2026-04-14 12:00:00+00:00,2.78839729796357,2.474789013014046,2.8124435678347304
2026-04-14 16:00:00+00:00,2.763976938069984,2.453115186833454,2.771596202231969
2026-04-14 20:00:00+00:00,2.7619313598335533,2.4512996727571505,2.7681746112948726
2026-04-15 00:00:00+00:00,2.7667181423879077,2.455548090614195,2.7761813506677013
2026-04-15 04:00:00+00:00,2.7529766251156977,2.4433520681921954,2.753196235689848
2026-04-15 08:00:00+00:00,2.7634991974363534,2.452691177216158,2.7707970966327777
2026-04-15 12:00:00+00:00,2.7555137850695384,2.4456038762765777,2.757440083883683
2026-04-15 16:00:00+00:00,2.781376966325347,2.4685582511284725,2.8007008230787673
2026-04-15 20:00:00+00:00,2.777077077379381,2.4647419664374675,2.7935084992722166
2026-04-16 00:00:00+00:00,2.778823286368288,2.4662917810292866,2.796429342261409
2026-04-16 04:00:00+00:00,2.774778564499069,2.462701965026398,2.7896638304641455
2026-04-16 08:00:00+00:00,2.7718263952751725,2.4600818233539066,2.7847258059577427
2026-04-16 12:00:00+00:00,2.774558893104913,2.4625069998565756,2.7892963912540507
2026-04-16 16:00:00+00:00,2.7889759445628086,2.4753025798028467,2.813411456485713
2026-04-16 20:00:00+00:00,2.7847633437419583,2.4715637660278986,2.8063651374872385
2026-04-17 00:00:00+00:00,2.7727423624806806,2.4608947726341723,2.7862579229079683
2026-04-17 04:00:00+00:00,2.7829881131257745,2.469988193842505,2.8033957506999645
2026-04-17 08:00:00+00:00,2.794483579690058,2.4801907766572047,2.8226239491201253
2026-04-17 12:00:00+00:00,2.843492624915433,2.523687823061118,2.9046002343545214
2026-04-17 16:00:00+00:00,2.8347539896991454,2.5159320135006222,2.8899833233382903
2026-04-17 20:00:00+00:00,2.8275749320840475,2.509560377391731,2.877975081348204
2026-04-18 00:00:00+00:00,2.8260896944973433,2.508242183006743,2.8754907591279153
2026-04-18 04:00:00+00:00,2.825918466896411,2.508090213204656,2.8752043507192333
2026-04-18 08:00:00+00:00,2.8045150167798774,2.489093987943759,2.8394032996339806
2026-04-18 12:00:00+00:00,2.80737900490551,2.491635866158852,2.844193825676981
2026-04-18 16:00:00+00:00,2.79582638805982,2.4813825606983446,2.824870033315983
2026-04-18 20:00:00+00:00,2.796762000674562,2.482212945888106,2.82643501068337
2026-04-19 00:00:00+00:00,2.7928331420711636,2.4787259621241793,2.819863300664603
2026-04-19 04:00:00+00:00,2.786952244168479,2.473506482989391,2.810026460104093
2026-04-19 08:00:00+00:00,2.7948052732662556,2.480476289675207,2.8231620384511693
2026-04-19 12:00:00+00:00,2.800219369456359,2.485281467824122,2.8322180706902262
2026-04-19 16:00:00+00:00,2.777574196413901,2.4651831749860804,2.7993143375227882
2026-04-19 20:00:00+00:00,2.777574196413901,2.4651831749860804,2.7558609167907027
2026-04-20 00:00:00+00:00,2.777574196413901,2.4651831749860804,2.7869367892534496
2026-04-20 04:00:00+00:00,2.777574196413901,2.4651831749860804,2.7945234380659563
2026-04-20 08:00:00+00:00,2.777574196413901,2.4651831749860804,2.8077997934274697
2026-04-20 12:00:00+00:00,2.777574196413901,2.4651831749860804,2.8273689186756963
2026-04-20 16:00:00+00:00,2.7977378221033606,2.483079017646395,2.8490340157595586
2026-04-20 20:00:00+00:00,2.7810170973261092,2.4682388562394846,2.8320067184616557
2026-04-21 00:00:00+00:00,2.7762255512250036,2.463986210587078,2.8271273199267823
2026-04-21 04:00:00+00:00,2.7899412465158715,2.4761593152004258,2.841094490876381
2026-04-21 08:00:00+00:00,2.8034574621190527,2.4881553754091743,2.8548585247016995
2026-04-21 12:00:00+00:00,2.7807853488654146,2.468033172298846,2.831770720920212
2026-04-21 16:00:00+00:00,2.7510386738203447,2.441632076361405,2.8014786440895696
2026-04-21 20:00:00+00:00,2.7991748825740297,2.4843544533479167,2.850497424564806
2026-04-22 00:00:00+00:00,2.8426398197441842,2.5229309320436184,2.894759286241867
2026-04-22 04:00:00+00:00,2.861704576835327,2.5398514947695254,2.9131054811922668
2026-04-22 08:00:00+00:00,2.8680236093096454,2.5454598319142154,2.9238302998438397
2026-04-22 12:00:00+00:00,2.889428806532112,2.5644576077857697,2.9601597315005197
2026-04-22 16:00:00+00:00,2.8800500343335376,2.556133656815962,2.944241846695699
2026-04-22 20:00:00+00:00,2.8653444944306443,2.54308203443464,2.9192832396189097
2026-04-23 00:00:00+00:00,2.8558449343476515,2.5346508804742536,2.9031603506206523
2026-04-23 04:00:00+00:00,2.8624928882922918,2.54055114561697,2.914443422950164
2026-04-23 08:00:00+00:00,2.854924394259474,2.533833872618908,2.901597987150084
2026-04-23 12:00:00+00:00,2.8697124395478983,2.546958721086691,2.9266966244136476
2026-04-23 16:00:00+00:00,2.855422506773726,2.5342759629115705,2.9024433960643683
2026-04-23 20:00:00+00:00,2.8670881082448907,2.5446295457285255,2.9222425442327364
2026-04-24 00:00:00+00:00,2.85565550198247,2.5344827533797387,2.9028388413118194
2026-04-24 04:00:00+00:00,2.8536038680622364,2.5326618646963976,2.899356757334036
2026-04-24 08:00:00+00:00,2.866709243514528,2.5442932915394953,2.9215995256150697
2026-04-24 12:00:00+00:00,2.8622728739308725,2.540355876053073,2.9140700091187672
2026-04-24 16:00:00+00:00,2.8532573454430015,2.5323543151332597,2.8987686305495846
2026-04-24 20:00:00+00:00,2.849039230105874,2.5286106070542234,2.891609540574028
2026-04-25 00:00:00+00:00,2.854362257566048,2.533334958883151,2.900643914810864
2026-04-25 04:00:00+00:00,2.8504486421051247,2.5298615038805483,2.894001629577962
2026-04-25 08:00:00+00:00,2.8544333222047866,2.5333980309522897,2.9007645274784055
2026-04-25 12:00:00+00:00,2.846687936625388,2.526523761224855,2.8876188669578813
2026-04-25 16:00:00+00:00,2.846682436266352,2.526518879485757,2.887609531612096
2026-04-25 20:00:00+00:00,2.8531726399138546,2.532279136351159,2.898624866224496
2026-04-26 00:00:00+00:00,2.848226937083515,2.527889671824316,2.8902308967085077
2026-04-26 04:00:00+00:00,2.8636789857147025,2.54160384383594,2.916456496915229
2026-04-26 08:00:00+00:00,2.8636550041493076,2.541582559453475,2.9164157948076066
2026-04-26 12:00:00+00:00,2.8625012488380257,2.5405585658603984,2.9144576126757573
2026-04-26 16:00:00+00:00,2.866289016084217,2.5439203266724517,2.9208863051971
2026-04-26 20:00:00+00:00,2.8758902228021865,2.5524416951713595,2.9371817113854637
2026-04-27 00:00:00+00:00,2.8857455461075947,2.561188600016569,2.953908410549092
2026-04-27 04:00:00+00:00,2.852767813488844,2.5319198403535887,2.897937784774725
2026-04-27 08:00:00+00:00,2.8579966748023304,2.5365606168091683,2.9068123378917217
2026-04-27 12:00:00+00:00,2.8355663780022984,2.516653033295189,2.8675601961766914
2026-04-27 16:00:00+00:00,2.8355663780022984,2.516653033295189,2.870733466915909
2026-04-27 20:00:00+00:00,2.8355663780022984,2.516653033295189,2.8891521041495998
2026-04-28 00:00:00+00:00,2.8355663780022984,2.516653033295189,2.8683850673302485
2026-04-28 04:00:00+00:00,2.8355663780022984,2.516653033295189,2.8707786499895076
2026-04-28 08:00:00+00:00,2.8355663780022984,2.516653033295189,2.846496295361379
2026-04-28 12:00:00+00:00,2.8355663780022984,2.516653033295189,2.84042383963519
2026-04-28 16:00:00+00:00,2.8355663780022984,2.516653033295189,2.8503039962001413
2026-04-28 20:00:00+00:00,2.8355663780022984,2.516653033295189,2.8507446245211905
2026-04-29 00:00:00+00:00,2.8355663780022984,2.516653033295189,2.8750915797421506
2026-04-29 04:00:00+00:00,2.8355663780022984,2.516653033295189,2.877289493553757
2026-04-29 08:00:00+00:00,2.8355663780022984,2.516653033295189,2.8973190380560974
2026-04-29 12:00:00+00:00,2.7735793830601327,2.4616376543372964,2.8351165088495347
2026-04-29 16:00:00+00:00,2.7643400702567966,2.453437477902541,2.821659047779794
2026-04-29 20:00:00+00:00,2.7643400702567966,2.453437477902541,2.8297300143316235
2026-04-30 00:00:00+00:00,2.7643400702567966,2.453437477902541,2.8352602731746233
2026-04-30 04:00:00+00:00,2.7643400702567966,2.453437477902541,2.843982100034579
2026-04-30 08:00:00+00:00,2.7643400702567966,2.453437477902541,2.8401643170223685
2026-04-30 12:00:00+00:00,2.7643400702567966,2.453437477902541,2.855629997677367
2026-04-30 16:00:00+00:00,2.7643400702567966,2.453437477902541,2.853359641582469
2026-04-30 20:00:00+00:00,2.7643400702567966,2.453437477902541,2.8508865217771224
2026-05-01 00:00:00+00:00,2.7643400702567966,2.453437477902541,2.8801812102641016
2026-05-01 04:00:00+00:00,2.7632149886349264,2.452438933097401,2.880161045917206
2026-05-01 08:00:00+00:00,2.7751605345342605,2.4630409752696973,2.89261215671133
2026-05-01 12:00:00+00:00,2.8103376307855052,2.494261738313722,2.9292780342300997
2026-05-01 16:00:00+00:00,2.8072606066213566,2.491530784012563,2.926070782832225
2026-05-01 20:00:00+00:00,2.8026438164940557,2.4874332397025105,2.9212585987870034
2026-05-02 00:00:00+00:00,2.8086936135670544,2.492802622085055,2.9275644381578156
2026-05-02 04:00:00+00:00,2.8022450823114156,2.4870793507588393,2.920842989192657
2026-05-02 08:00:00+00:00,2.7994894099548393,2.4846336061454366,2.917970690001546
2026-05-02 12:00:00+00:00,2.811834406540287,2.4955901731804406,2.930838157217679
2026-05-02 16:00:00+00:00,2.811774578500304,2.495537073940914,2.9307757971078354
2026-05-02 20:00:00+00:00,2.824331589937988,2.506681810727515,2.9382758139114578
2026-05-03 00:00:00+00:00,2.8139329033861875,2.497452654162571,2.920211172989932
2026-05-03 04:00:00+00:00,2.8173757742235725,2.500508308723637,2.926192142327428
2026-05-03 08:00:00+00:00,2.823668680924908,2.5060934584351795,2.9371242056554263
2026-05-03 12:00:00+00:00,2.8239341454615983,2.506329066438109,2.937585371737203
2026-05-03 16:00:00+00:00,2.8259108352424933,2.5080834398753047,2.9410192853307366
2026-05-03 20:00:00+00:00,2.821789149014931,2.5044253156192986,2.933859075113686
2026-05-04 00:00:00+00:00,2.8593570024040305,2.537767949711566,2.999122104082384
2026-05-04 04:00:00+00:00,2.8460394956548853,2.5259482497686654,2.9759868767443094
2026-05-04 08:00:00+00:00,2.8266276969670785,2.5087196768710696,2.942264620458448
2026-05-04 12:00:00+00:00,2.853178019754878,2.532283911126787,2.988387950085027
2026-05-04 16:00:00+00:00,2.8537037900032542,2.532750548515584,2.9893013203166254
2026-05-04 20:00:00+00:00,2.8495702814683903,2.52908193159548,2.982120572338848
2026-05-05 00:00:00+00:00,2.87175473364508,2.548771320387638,3.0206594936359084
2026-05-05 04:00:00+00:00,2.8709488821891664,2.5480561022475716,3.019259565181998
2026-05-05 08:00:00+00:00,2.874354996398395,2.551079134162079,3.025176680754326
2026-05-05 12:00:00+00:00,2.8853420039517523,2.5608304438476854,3.044263355332387
2026-05-05 16:00:00+00:00,2.8870865466074447,2.5623787795171378,3.0472939819880107
2026-05-05 20:00:00+00:00,2.8720221327411473,2.5490086453719654,3.021124020442167
2026-05-06 00:00:00+00:00,2.8865564773382313,2.5619083266141227,3.0463731434797836
2026-05-06 04:00:00+00:00,2.8817873585726033,2.557675585916965,3.0380882108025635
2026-05-06 08:00:00+00:00,2.906787669397588,2.5798641365215698,3.081518853290933
2026-05-06 12:00:00+00:00,2.889190917307201,2.564246473726592,3.0509497033973934
2026-05-06 16:00:00+00:00,2.8840454192672853,2.559679684759694,3.042010923101395
2026-05-06 20:00:00+00:00,2.8836615167065327,2.559338959340073,3.041344005998519
2026-05-07 00:00:00+00:00,2.8705043634346117,2.5476615780774843,3.0184873453786674
2026-05-07 04:00:00+00:00,2.8851999213130863,2.560704341102797,3.0440165287898324
2026-05-07 08:00:00+00:00,2.871186618041458,2.5482671001837978,3.019672560879523
2026-05-07 12:00:00+00:00,2.8502069664543632,2.5296470092510877,2.983226624107447
2026-05-07 16:00:00+00:00,2.855698535671665,2.534520947112493,2.9927666006719953
2026-05-07 20:00:00+00:00,2.85268685662424,2.5318479886274394,2.9875346994802823
2026-05-08 00:00:00+00:00,2.836503934628316,2.5174851438552026,2.9715843276721303
2026-05-08 04:00:00+00:00,2.836503934628316,2.5174851438552026,2.9754510278962534
2026-05-08 08:00:00+00:00,2.836503934628316,2.5174851438552026,2.9959447257910212
2026-05-08 12:00:00+00:00,2.836503934628316,2.5174851438552026,2.9926183553809307
2026-05-08 16:00:00+00:00,2.836503934628316,2.5174851438552026,2.994029859663614
2026-05-08 20:00:00+00:00,2.836503934628316,2.5174851438552026,2.9945238861625527
2026-05-09 00:00:00+00:00,2.836503934628316,2.5174851438552026,3.001647875237958
2026-05-09 04:00:00+00:00,2.829899576121903,2.511623571014914,2.9958577203683054
2026-05-09 08:00:00+00:00,2.834011329301943,2.515272879383424,3.000210605400908
2026-05-09 12:00:00+00:00,2.840447208904156,2.5209849219751557,3.00702391416859
2026-05-09 16:00:00+00:00,2.854930583470991,2.5338393657359313,3.0223566594996103
2026-05-09 20:00:00+00:00,2.8457550635711564,2.5256958074799445,3.012643045503462
2026-05-10 00:00:00+00:00,2.8491624184411215,2.528719940519303,3.016250223114764
2026-05-10 04:00:00+00:00,2.8477878364609714,2.527499956414295,3.0147950294138073
2026-05-10 08:00:00+00:00,2.8507923756723956,2.5301665780736378,3.017975768429653
2026-05-10 12:00:00+00:00,2.871843197477727,2.548849834780563,3.0402611058874665
2026-05-10 16:00:00+00:00,2.8725423048640906,2.549470314250957,3.041001212101297
2026-05-10 20:00:00+00:00,2.9016402962288375,2.575295683319721,3.069837721817152
2026-05-11 00:00:00+00:00,2.87044374020635,2.5476077730837177,3.014794282586145
2026-05-11 04:00:00+00:00,2.870536648826717,2.5476902323634865,3.0149582112581284
2026-05-11 08:00:00+00:00,2.8801987220710266,2.556265621790745,3.0320060463167584
2026-05-11 12:00:00+00:00,2.8854676355395132,2.5609419457750837,3.0413025570632346
2026-05-11 16:00:00+00:00,2.8963900068118127,2.5706358887582046,3.060574071487838
2026-05-11 20:00:00+00:00,2.8918114530691525,2.566572280424448,3.0524956366593803
2026-05-12 00:00:00+00:00,2.877275169265206,2.5536708780761046,3.026847707649831
2026-05-12 04:00:00+00:00,2.8731821106822792,2.5500381617418695,3.019625884150599
2026-05-12 08:00:00+00:00,2.8714777983364517,2.5485255317191395,3.0166187825663537
2026-05-12 12:00:00+00:00,2.862312572796409,2.5403911100264853,2.9998577293302375
2026-05-12 16:00:00+00:00,2.862312572796409,2.5403911100264853,3.01847726320522
2026-05-12 20:00:00+00:00,2.862312572796409,2.5403911100264853,3.006148258733963
2026-05-13 00:00:00+00:00,2.862312572796409,2.5403911100264853,3.0339870066923234
2026-05-13 04:00:00+00:00,2.8533123770504885,2.532403157390307,3.0256572643553348
2026-05-13 08:00:00+00:00,2.8348001799113716,2.5159730087453864,3.006026899238759
2026-05-13 12:00:00+00:00,2.79437124961692,2.4800910802362424,2.943517050448956
2026-05-13 16:00:00+00:00,2.79437124961692,2.4800910802362424,2.973957745984495
2026-05-13 20:00:00+00:00,2.79437124961692,2.4800910802362424,2.9616798992081392
2026-05-14 00:00:00+00:00,2.79437124961692,2.4800910802362424,2.9516440290754953
2026-05-14 04:00:00+00:00,2.79437124961692,2.4800910802362424,2.977825193036281
2026-05-14 08:00:00+00:00,2.79437124961692,2.4800910802362424,2.959613427065185
2026-05-14 12:00:00+00:00,2.79437124961692,2.4800910802362424,3.035900379164405
2026-05-14 16:00:00+00:00,2.797325474513689,2.4827130463821128,3.040325706480299
2026-05-14 20:00:00+00:00,2.7859963045209963,2.472658056928149,3.0280123853899603
2026-05-15 00:00:00+00:00,2.784936739388093,2.471717660037291,3.0268607771339293
2026-05-15 04:00:00+00:00,2.7765443925977515,2.4642691921861317,3.0177393974743785
2026-05-15 08:00:00+00:00,2.770141994331979,2.458586865318061,3.0107808307262824
2026-05-15 12:00:00+00:00,2.7150360379130687,2.4096786212895833,2.955580557686089
2026-05-15 16:00:00+00:00,2.7150360379130687,2.4096786212895833,2.9554397806716524
2026-05-15 20:00:00+00:00,2.7150360379130687,2.4096786212895833,2.9541966860269295
2026-05-16 00:00:00+00:00,2.7150360379130687,2.4096786212895833,2.9530753242912415
2026-05-16 04:00:00+00:00,2.7150360379130687,2.4096786212895833,2.9264356081455
2026-05-16 08:00:00+00:00,2.7150360379130687,2.4096786212895833,2.9156790493182583
2026-05-16 12:00:00+00:00,2.7150360379130687,2.4096786212895833,2.9215401528158758
2026-05-16 16:00:00+00:00,2.7150360379130687,2.4096786212895833,2.9223239484479797
2026-05-16 20:00:00+00:00,2.7150360379130687,2.4096786212895833,2.91815627667575
2026-05-17 00:00:00+00:00,2.7150360379130687,2.4096786212895833,2.913706304046984
2026-05-17 04:00:00+00:00,2.7150360379130687,2.4096786212895833,2.9193497072808965
2026-05-17 08:00:00+00:00,2.7221422090446583,2.4159855683856444,2.928161526874219
2026-05-17 12:00:00+00:00,2.709486134606607,2.4047529101163034,2.914547605409122
2026-05-17 16:00:00+00:00,2.7084026871551234,2.403791316927604,2.928135761319852
2026-05-17 20:00:00+00:00,2.6742571116442635,2.3734860605069956,2.892376532583716
2026-05-18 00:00:00+00:00,2.673187408799606,2.372536666082793,2.8724728285425565
2026-05-18 04:00:00+00:00,2.673187408799606,2.372536666082793,2.878038188285708
2026-05-18 08:00:00+00:00,2.673187408799606,2.372536666082793,2.885959789304978
2026-05-18 12:00:00+00:00,2.673187408799606,2.372536666082793,2.8532349213627795
2026-05-18 16:00:00+00:00,2.673187408799606,2.372536666082793,2.8725979221760745
2026-05-18 20:00:00+00:00,2.673187408799606,2.372536666082793,2.875356330148609
2026-05-19 00:00:00+00:00,2.673187408799606,2.372536666082793,2.8673368947055127
2026-05-19 04:00:00+00:00,2.673187408799606,2.372536666082793,2.8840128095880706
2026-05-19 08:00:00+00:00,2.673187408799606,2.372536666082793,2.864630017841711
2026-05-19 12:00:00+00:00,2.673187408799606,2.372536666082793,2.8574085677563112
2026-05-19 16:00:00+00:00,2.673187408799606,2.372536666082793,2.868518002654224
2026-05-19 20:00:00+00:00,2.673187408799606,2.372536666082793,2.869101275058867
2026-05-20 00:00:00+00:00,2.673187408799606,2.372536666082793,2.8649631029793174
2026-05-20 04:00:00+00:00,2.673187408799606,2.372536666082793,2.885840670292762
2026-05-20 08:00:00+00:00,2.673187408799606,2.372536666082793,2.8895692073992683
2026-05-20 12:00:00+00:00,2.673187408799606,2.372536666082793,2.892294008126977
2026-05-20 16:00:00+00:00,2.673187408799606,2.372536666082793,2.900211501594102
2026-05-20 20:00:00+00:00,2.673187408799606,2.372536666082793,2.895907533773412
2026-05-21 00:00:00+00:00,2.673187408799606,2.372536666082793,2.9155673985826684
2026-05-21 04:00:00+00:00,2.673187408799606,2.372536666082793,2.908483364787223
2026-05-21 08:00:00+00:00,2.673187408799606,2.372536666082793,2.8823477573138687
2026-05-21 12:00:00+00:00,2.673187408799606,2.372536666082793,2.884975097031583
2026-05-21 16:00:00+00:00,2.673187408799606,2.372536666082793,2.901072967303137
2026-05-21 20:00:00+00:00,2.673187408799606,2.372536666082793,2.8982708699123285
2026-05-22 00:00:00+00:00,2.673187408799606,2.372536666082793,2.904412033783494
2026-05-22 04:00:00+00:00,2.673187408799606,2.372536666082793,2.8905240265661516
2026-05-22 08:00:00+00:00,2.673187408799606,2.372536666082793,2.8912999805077964
2026-05-22 12:00:00+00:00,2.673187408799606,2.372536666082793,2.8674668427188394
2026-05-22 16:00:00+00:00,2.673187408799606,2.372536666082793,2.8327337551913847
2026-05-22 20:00:00+00:00,2.673187408799606,2.372536666082793,2.8207494116865077
2026-05-23 00:00:00+00:00,2.673187408799606,2.372536666082793,2.824323728880646
2026-05-23 04:00:00+00:00,2.673187408799606,2.372536666082793,2.786016697572884
2026-05-23 08:00:00+00:00,2.6673311036136673,2.372536666082793,2.79276167160942
2026-05-23 12:00:00+00:00,2.6478046431312987,2.372536666082793,2.820021254715282
2026-05-23 16:00:00+00:00,2.6356178873527716,2.372536666082793,2.837327118731407
2026-05-23 20:00:00+00:00,2.61562375885995,2.372536666082793,2.866026212157307
2026-05-24 00:00:00+00:00,2.6156751327955177,2.372536666082793,2.8659511559771964
2026-05-24 04:00:00+00:00,2.61439737123309,2.372536666082793,2.8678178517203534
2026-05-24 08:00:00+00:00,2.6011193456676844,2.372536666082793,2.887237984849852
2026-05-24 12:00:00+00:00,2.6250499110260024,2.372536666082793,2.8518208031832764
2026-05-24 16:00:00+00:00,2.6146931756049376,2.372536666082793,2.8668227038596785
2026-05-24 20:00:00+00:00,2.607244331801836,2.372536666082793,2.8777121980108977
2026-05-25 00:00:00+00:00,2.6082158957797907,2.372536666082793,2.876282396450476
2026-05-25 04:00:00+00:00,2.598706399502319,2.372536666082793,2.8902648773671618
2026-05-25 08:00:00+00:00,2.599804790324826,2.372536666082793,2.888636046234605
2026-05-25 12:00:00+00:00,2.5929659669814757,2.372536666082793,2.898767510308087
2026-05-25 16:00:00+00:00,2.5976496100909574,2.372536666082793,2.891786165316276
2026-05-25 20:00:00+00:00,2.6006647265838603,2.372536666082793,2.8873108005469748
2026-05-26 00:00:00+00:00,2.6172632092483585,2.372536666082793,2.8627401704410076
2026-05-26 04:00:00+00:00,2.6155520572331485,2.372536666082793,2.8652356950762385
2026-05-26 08:00:00+00:00,2.6039782893860544,2.372536666082793,2.8821405126374433
2026-05-26 12:00:00+00:00,2.62081624273886,2.372536666082793,2.8572916892270848
2026-05-26 16:00:00+00:00,2.6327895123058704,2.372536666082793,2.839886870545639
2026-05-26 20:00:00+00:00,2.6359568253871126,2.372536666082793,2.8353315952164184
2026-05-27 00:00:00+00:00,2.6423881530213262,2.372536666082793,2.826107900167065
2026-05-27 04:00:00+00:00,2.6346851881252373,2.372536666082793,2.8370926148452904
2026-05-27 08:00:00+00:00,2.6400945910973226,2.372536666082793,2.8293259805660496
2026-05-27 12:00:00+00:00,2.6516759232425624,2.372536666082793,2.8127773997999985
2026-05-27 16:00:00+00:00,2.658538593813409,2.372536666082793,2.803071254080479
2026-05-27 20:00:00+00:00,2.674921493725316,2.372536666082793,2.780039835787533
2026-05-28 00:00:00+00:00,2.7070232786943498,2.372536666082793,2.7355554194669582
2026-05-28 04:00:00+00:00,2.700372212312798,2.372536666082793,2.7445169780066716
2026-05-28 08:00:00+00:00,2.700161136659586,2.372536666082793,2.7448030130015226
2026-05-28 12:00:00+00:00,2.7160558714790515,2.372536666082793,2.723259648826696
2026-05-28 16:00:00+00:00,2.702352734354742,2.372536666082793,2.7415789579812353
2026-05-28 20:00:00+00:00,2.696881634018805,2.372536666082793,2.7489796467057053
2026-05-29 00:00:00+00:00,2.705563545708703,2.372536666082793,2.7371801430473703
2026-05-29 04:00:00+00:00,2.6992785005887208,2.372536666082793,2.745658130675423
2026-05-29 08:00:00+00:00,2.700395788091229,2.372536666082793,2.7441428173476115
2026-05-29 12:00:00+00:00,2.691569010266374,2.372536666082793,2.756102515539616
2026-05-29 16:00:00+00:00,2.699445344604596,2.372536666082793,2.745348944023026
2026-05-29 20:00:00+00:00,2.7010838414724394,2.372536666082793,2.7431271317262094
2026-05-30 00:00:00+00:00,2.6993401607155483,2.372536666082793,2.7454882273821366
2026-05-30 04:00:00+00:00,2.698663067873169,2.372536666082793,2.746406451993544
2026-05-30 08:00:00+00:00,2.697192993176787,2.372536666082793,2.74840122868087
2026-05-30 12:00:00+00:00,2.688174868080616,2.372536666082793,2.7606536833166904
2026-05-30 16:00:00+00:00,2.685815674578774,2.372536666082793,2.7638840863721112
2026-05-30 20:00:00+00:00,2.689415400173723,2.372536666082793,2.758944941624214
2026-05-31 00:00:00+00:00,2.6821464373924466,2.372536666082793,2.7688874582990084
2026-05-31 04:00:00+00:00,2.6897261937634713,2.372536666082793,2.758454275849757
2026-05-31 08:00:00+00:00,2.687908829405621,2.372536666082793,2.7609393448977086
2026-05-31 12:00:00+00:00,2.6956134410495456,2.372536666082793,2.7503874168500735
2026-05-31 16:00:00+00:00,2.6981329202325592,2.372536666082793,2.746959851291674
2026-05-31 20:00:00+00:00,2.6950803316278065,2.372536666082793,2.751103624578694
2026-06-01 00:00:00+00:00,2.692482991612553,2.372536666082793,2.7546387333205358
2026-06-01 04:00:00+00:00,2.7185174111307395,2.372536666082793,2.7191248374716284
2026-06-01 08:00:00+00:00,2.7279816171320337,2.372536666082793,2.7065030765565554
2026-06-01 12:00:00+00:00,2.76610025376878,2.372536666082793,2.6560783930061063
2026-06-01 16:00:00+00:00,2.752519923941067,2.372536666082793,2.6734652878236456
2026-06-01 20:00:00+00:00,2.757892884796711,2.372536666082793,2.6665070944893805
2026-06-02 00:00:00+00:00,2.7710784305069263,2.372536666082793,2.6495089234703273
2026-06-02 04:00:00+00:00,2.795544374568287,2.372536666082793,2.618318786375173
2026-06-02 08:00:00+00:00,2.8151808052392044,2.372536666082793,2.5937967000672875
2026-06-02 12:00:00+00:00,2.8807591951400227,2.372536666082793,2.5132349064262263
2026-06-02 16:00:00+00:00,2.8804105726802858,2.372536666082793,2.513640433847124
2026-06-02 20:00:00+00:00,2.898199739996981,2.372536666082793,2.4929417317589193
2026-06-03 00:00:00+00:00,2.9278584907474827,2.372536666082793,2.45892634561541
2026-06-03 04:00:00+00:00,2.8821688227989224,2.372536666082793,2.510088894896701
2026-06-03 08:00:00+00:00,2.886494763885776,2.372536666082793,2.5043883593465837
2026-06-03 12:00:00+00:00,2.9159624307202936,2.372536666082793,2.4673696057571433
2026-06-03 16:00:00+00:00,2.934464904001825,2.372536666082793,2.444441623095494
2026-06-03 20:00:00+00:00,2.9753882656197748,2.372536666082793,2.395179003388355
2026-06-04 00:00:00+00:00,2.968540877527579,2.372536666082793,2.4034217403026275
2026-06-04 04:00:00+00:00,2.9920115167526444,2.372536666082793,2.3750295930461363
2026-06-04 08:00:00+00:00,3.0255498400393614,2.372536666082793,2.335553776446099
2026-06-04 12:00:00+00:00,2.982022021477273,2.372536666082793,2.385971365133751
2026-06-04 16:00:00+00:00,2.9892951021950656,2.372536666082793,2.376009057525892
2026-06-04 20:00:00+00:00,2.98197819997274,2.372536666082793,2.3855912298533877
2026-06-05 00:00:00+00:00,3.0149436940850816,2.372536666082793,2.3424249643576474
2026-06-05 04:00:00+00:00,3.003790381271919,2.372536666082793,2.3568383648357663
2026-06-05 08:00:00+00:00,3.0367355588488394,2.372536666082793,2.313858432841893
2026-06-05 12:00:00+00:00,3.08099495935172,2.372536666082793,2.2568388876151304
2026-06-05 16:00:00+00:00,3.0849141436085525,2.372536666082793,2.2516943652599646
2026-06-05 20:00:00+00:00,3.0626435089007136,2.372536666082793,2.2799330394317514
2026-06-06 00:00:00+00:00,3.0729796802299645,2.372536666082793,2.266138012258427
2026-06-06 04:00:00+00:00,3.063776525663133,2.372536666082793,2.2780092113723907
2026-06-06 08:00:00+00:00,3.0695950290477967,2.372536666082793,2.270464758322832
2026-06-06 12:00:00+00:00,3.0701359557988717,2.372536666082793,2.269758632767659
2026-06-06 16:00:00+00:00,3.0756665605964955,2.372536666082793,2.262888191683773
2026-06-06 20:00:00+00:00,3.066843977742619,2.372536666082793,2.273515922739182
2026-06-07 00:00:00+00:00,3.0415842131020607,2.372536666082793,2.3040032950036458
2026-06-07 04:00:00+00:00,3.020898961907961,2.372536666082793,2.330278932663775
2026-06-07 08:00:00+00:00,3.014710627027614,2.372536666082793,2.3383906013232267
2026-06-07 12:00:00+00:00,3.029854781814925,2.372536666082793,2.3186754712669235
2026-06-07 16:00:00+00:00,3.052430130412082,2.372536666082793,2.290072345195693
2026-06-07 20:00:00+00:00,2.9920209737865178,2.372536666082793,2.3649048504216195
2026-06-08 00:00:00+00:00,2.996755600241107,2.372536666082793,2.3573659985795317
2026-06-08 04:00:00+00:00,2.9929294163079647,2.372536666082793,2.363111717203248
2026-06-08 08:00:00+00:00,2.987995642002095,2.372536666082793,2.3704164385730495
2026-06-08 12:00:00+00:00,2.98046506927112,2.372536666082793,2.381427292219473
2026-06-08 16:00:00+00:00,2.990803891472644,2.372536666082793,2.3663985057472106
2026-06-08 20:00:00+00:00,2.998339815445666,2.372536666082793,2.3557181233415743
2026-06-09 00:00:00+00:00,3.004033974439366,2.372536666082793,2.3478458129480484
2026-06-09 04:00:00+00:00,2.995037116492005,2.372536666082793,2.359917161875641
2026-06-09 08:00:00+00:00,3.0086417042281304,2.372536666082793,2.3417199590439695
2026-06-09 12:00:00+00:00,3.0538775107378626,2.372536666082793,2.2827474594789963
2026-06-09 16:00:00+00:00,3.027036403967156,2.372536666082793,2.318828570937797
2026-06-09 20:00:00+00:00,3.0367001198988524,2.372536666082793,2.30508358121788
2026-06-10 00:00:00+00:00,3.041561368093895,2.372536666082793,2.2983486893547913
2026-06-10 04:00:00+00:00,3.037720553869158,2.372536666082793,2.3034988129174283
2026-06-10 08:00:00+00:00,3.0560936231809195,2.372536666082793,2.2790954722079273
2026-06-10 12:00:00+00:00,3.009820923188994,2.372536666082793,2.3390354870100514
2026-06-10 16:00:00+00:00,3.0272231886321155,2.372536666082793,2.3130163846520926
2026-06-10 20:00:00+00:00,3.0382962597106955,2.372536666082793,2.2969054448964394
2026-06-11 00:00:00+00:00,3.007203171802147,2.372536666082793,2.3409118915128246
2026-06-11 04:00:00+00:00,3.006435783037387,2.372536666082793,2.3420287722825353
2026-06-11 08:00:00+00:00,2.9966324860302698,2.372536666082793,2.3565400071844804
2026-06-11 12:00:00+00:00,3.0056977034196457,2.372536666082793,2.343150880845885
2026-06-11 16:00:00+00:00,2.9834535562079028,2.372536666082793,2.3751240667454803
2026-06-11 20:00:00+00:00,2.982934872694612,2.372536666082793,2.375882470237049
2026-06-12 00:00:00+00:00,2.9855221664821405,2.372536666082793,2.372104642504799
2026-06-12 04:00:00+00:00,2.9966720327763494,2.372536666082793,2.3562711492258748
2026-06-12 08:00:00+00:00,2.9787144804725068,2.372536666082793,2.3811110107042794
2026-06-12 12:00:00+00:00,2.983313377248781,2.372536666082793,2.3746513248349306
2026-06-12 16:00:00+00:00,2.983398842203111,2.372536666082793,2.3745112946481566
2026-06-12 20:00:00+00:00,2.98363812321822,2.372536666082793,2.3741655134402824
2026-06-13 00:00:00+00:00,2.9849830206106445,2.372536666082793,2.372372753635742
2026-06-13 04:00:00+00:00,2.9758488149258575,2.372536666082793,2.3840979479416293
2026-06-13 08:00:00+00:00,2.972166912965327,2.372536666082793,2.3887760764213795
2026-06-13 12:00:00+00:00,2.9624755585146865,2.372536666082793,2.4009071715619963
2026-06-13 16:00:00+00:00,2.962446912959484,2.372536666082793,2.4009236017705775
2026-06-13 20:00:00+00:00,2.957481448811412,2.372536666082793,2.406951247836999
2026-06-14 00:00:00+00:00,2.9547450571004297,2.372536666082793,2.4102107771712697
2026-06-14 04:00:00+00:00,2.95839845560159,2.372536666082793,2.405882537451539
2026-06-14 08:00:00+00:00,2.9545978133504254,2.372536666082793,2.4102369161394672
2026-06-14 12:00:00+00:00,2.971760009042342,2.372536666082793,2.390784669420468
2026-06-14 16:00:00+00:00,2.979231453174039,2.372536666082793,2.38245492708348
2026-06-14 20:00:00+00:00,2.912538891633826,2.372536666082793,2.4550633795296015
2026-06-15 00:00:00+00:00,2.9074699082884603,2.372536666082793,2.461809100393801
2026-06-15 04:00:00+00:00,2.914391029525414,2.372536666082793,2.4523863757723117
2026-06-15 08:00:00+00:00,2.8986617182481873,2.372536666082793,2.4732654367410816
2026-06-15 12:00:00+00:00,2.8690278878528406,2.372536666082793,2.51278158203491
2026-06-15 16:00:00+00:00,2.887106586427142,2.372536666082793,2.487471965956607
2026-06-15 20:00:00+00:00,2.8947939665922773,2.372536666082793,2.4768068935180576
2026-06-16 00:00:00+00:00,2.89928073619874,2.372536666082793,2.470700457133211
2026-06-16 04:00:00+00:00,2.893447667230055,2.372536666082793,2.4784222817526835
2026-06-16 08:00:00+00:00,2.890296146610482,2.372536666082793,2.48251975172461
2026-06-16 12:00:00+00:00,2.908356731315574,2.372536666082793,2.4592945316531685
2026-06-16 16:00:00+00:00,2.913760413688927,2.372536666082793,2.4524281981214284
2026-06-16 20:00:00+00:00,2.9137690471740205,2.372536666082793,2.4523957111180965
2026-06-17 00:00:00+00:00,2.908313311754596,2.372536666082793,2.459004389106173
2026-06-17 04:00:00+00:00,2.918037186966908,2.372536666082793,2.4473355802888266
2026-06-17 08:00:00+00:00,2.9412626358637013,2.372536666082793,2.4200954147021974
2026-06-17 12:00:00+00:00,2.9110596862439158,2.372536666082793,2.4552706242060274
2026-06-17 16:00:00+00:00,2.955039930194122,2.372536666082793,2.401120017445893
2026-06-17 20:00:00+00:00,2.948970979583771,2.372536666082793,2.408870221516552
2026-06-18 00:00:00+00:00,2.955571294861176,2.372536666082793,2.4004094109247434
2026-06-18 04:00:00+00:00,2.948742512893647,2.372536666082793,2.408909056555017
2026-06-18 08:00:00+00:00,2.9649564155632038,2.372536666082793,2.388892581536776
2026-06-18 12:00:00+00:00,3.01453088443659,2.372536666082793,2.328961155252774
2026-06-18 16:00:00+00:00,2.9974860900245135,2.372536666082793,2.3506695683410777
2026-06-18 20:00:00+00:00,2.997278548658089,2.372536666082793,2.350939173127347
2026-06-19 00:00:00+00:00,3.002667028076184,2.372536666082793,2.34404968793806
2026-06-19 04:00:00+00:00,3.0069603122798263,2.372536666082793,2.3386904526298404
2026-06-19 08:00:00+00:00,3.007063537340935,2.372536666082793,2.338541460511113
2026-06-19 12:00:00+00:00,2.98856426585815,2.372536666082793,2.360498567211128
2026-06-19 16:00:00+00:00,2.9945012800792594,2.372536666082793,2.353313711681205
2026-06-19 20:00:00+00:00,2.9779570527376085,2.372536666082793,2.3728174895089373
2026-06-20 00:00:00+00:00,2.9800546137062174,2.372536666082793,2.370311135872596
2026-06-20 04:00:00+00:00,2.974323558142965,2.372536666082793,2.3769735854523932
2026-06-20 08:00:00+00:00,2.9732408599765874,2.372536666082793,2.3781980094055464
2026-06-20 12:00:00+00:00,2.9575976630368253,2.372536666082793,2.395824635902842
2026-06-20 16:00:00+00:00,2.9649572687028116,2.372536666082793,2.3874586724242084
2026-06-20 20:00:00+00:00,2.952752553281748,2.372536666082793,2.400976626534636
2026-06-21 00:00:00+00:00,2.94842097898546,2.372536666082793,2.405755950162695
2026-06-21 04:00:00+00:00,2.9564575311130263,2.372536666082793,2.396983339021669
2026-06-21 08:00:00+00:00,2.9569773715624104,2.372536666082793,2.3964206043777527
2026-06-21 12:00:00+00:00,2.9553186333210704,2.372536666082793,2.398212990768462
2026-06-21 16:00:00+00:00,2.9559011933281996,2.372536666082793,2.397582668221063
2026-06-21 20:00:00+00:00,2.9868079973771566,2.372536666082793,2.364157275931162
2026-06-22 00:00:00+00:00,2.9633843935255366,2.372536666082793,2.3888780183973513
2026-06-22 04:00:00+00:00,2.955144459326597,2.372536666082793,2.3977346476504415
2026-06-22 08:00:00+00:00,2.939748975885236,2.372536666082793,2.4143900247722723
2026-06-22 12:00:00+00:00,2.933620181412216,2.372536666082793,2.4211013915639823
2026-06-22 16:00:00+00:00,2.946004609024939,2.372536666082793,2.4074736537871244
2026-06-22 20:00:00+00:00,2.9614946429532316,2.372536666082793,2.390595722021781
2026-06-23 00:00:00+00:00,2.9599216093761727,2.372536666082793,2.392288780333338
2026-06-23 04:00:00+00:00,3.000786461660241,2.372536666082793,2.348251340368947
2026-06-23 08:00:00+00:00,3.0143491882949407,2.372536666082793,2.334100076400469
2026-06-23 12:00:00+00:00,3.015046147672711,2.372536666082793,2.3333805079473655
2026-06-23 16:00:00+00:00,3.0186395786749585,2.372536666082793,2.3296725086015866
2026-06-23 20:00:00+00:00,3.0060808825269847,2.372536666082793,2.342595614478598
2026-06-24 00:00:00+00:00,3.0062530259810716,2.372536666082793,2.3424167492533585
2026-06-24 04:00:00+00:00,3.0088333662684343,2.372536666082793,2.3397360113577546
2026-06-24 08:00:00+00:00,2.999354228707504,2.372536666082793,2.3495642634001417
2026-06-24 12:00:00+00:00,3.0948528002799094,2.372536666082793,2.2498183341710245
2026-06-24 16:00:00+00:00,3.103190416062598,2.372536666082793,2.2389258527091545
2026-06-24 20:00:00+00:00,3.0692142033375274,2.372536666082793,2.280736625996921
2026-06-25 00:00:00+00:00,3.0746096460031804,2.372536666082793,2.2734797015975388
2026-06-25 04:00:00+00:00,3.0450962415842495,2.372536666082793,2.3118438652215048
2026-06-25 08:00:00+00:00,3.062105575384779,2.372536666082793,2.2883550149850964
2026-06-25 12:00:00+00:00,3.1098934895117227,2.372536666082793,2.2239777236244733
2026-06-25 16:00:00+00:00,3.1161817667813048,2.372536666082793,2.21509084785104
2026-06-25 20:00:00+00:00,3.10316723181136,2.372536666082793,2.23279066345929
2026-06-26 00:00:00+00:00,3.096564523155028,2.372536666082793,2.241827651592945
2026-06-26 04:00:00+00:00,3.082898206984729,2.372536666082793,2.2603486042164387
2026-06-26 08:00:00+00:00,3.1135080521067358,2.372536666082793,2.2185725584149916
2026-06-26 12:00:00+00:00,3.0882531209659256,2.372536666082793,2.2527429112985304
2026-06-26 16:00:00+00:00,3.1034588015397735,2.372536666082793,2.2312212051259253
2026-06-26 20:00:00+00:00,3.094088082182936,2.372536666082793,2.244115184724087
2026-06-27 00:00:00+00:00,3.088399853524512,2.372536666082793,2.2518993694534033
2026-06-27 04:00:00+00:00,3.0817035121004173,2.372536666082793,2.2609486802434944
2026-06-27 08:00:00+00:00,3.086829377599334,2.372536666082793,2.254062182364858
2026-06-27 12:00:00+00:00,3.0731997902613193,2.372536666082793,2.271851990706475
2026-06-27 16:00:00+00:00,3.09209626003925,2.372536666082793,2.2470532047495237
2026-06-27 20:00:00+00:00,3.096365143416355,2.372536666082793,2.241565888497135
2026-06-28 00:00:00+00:00,3.0913409721359866,2.372536666082793,2.247840734519942
2026-06-28 04:00:00+00:00,3.090631289702698,2.372536666082793,2.2486977192629993
2026-06-28 08:00:00+00:00,3.0868528698036735,2.372536666082793,2.2532537414198823
2026-06-28 12:00:00+00:00,3.100987730790135,2.372536666082793,2.2363754362407073
2026-06-28 16:00:00+00:00,3.114073661763075,2.372536666082793,2.2211323102292226
2026-06-28 20:00:00+00:00,3.110925741103682,2.372536666082793,2.2246879567317914
2026-06-29 00:00:00+00:00,3.095097576454836,2.372536666082793,2.2423298931961746
2026-06-29 04:00:00+00:00,3.095871613358404,2.372536666082793,2.2414538643477155
2026-06-29 08:00:00+00:00,3.098220444333154,2.372536666082793,2.2388418345970886
2026-06-29 12:00:00+00:00,3.102775131755594,2.372536666082793,2.2339112783673136
2026-06-29 16:00:00+00:00,3.081116814959082,2.372536666082793,2.256670104563339
2026-06-29 20:00:00+00:00,3.0871121379920687,2.372536666082793,2.25019958969288
2026-06-30 00:00:00+00:00,3.109548985977179,2.372536666082793,2.226572576338855
2026-06-30 04:00:00+00:00,3.113273263875391,2.372536666082793,2.222708863425383
2026-06-30 08:00:00+00:00,3.1254710930316927,2.372536666082793,2.210337289777346
2026-06-30 12:00:00+00:00,3.156112610690832,2.372536666082793,2.1800642570521047
2026-06-30 16:00:00+00:00,3.13952012505784,2.372536666082793,2.196347340584032
2026-06-30 20:00:00+00:00,3.1467775713913135,2.372536666082793,2.189127757567789
2026-07-01 00:00:00+00:00,3.124713677980043,2.372536666082793,2.2105027121046548
2026-07-01 04:00:00+00:00,3.1407588188634814,2.372536666082793,2.1945026762569273
2026-07-01 08:00:00+00:00,3.1463694213732367,2.372536666082793,2.1890276826609747
2026-07-01 12:00:00+00:00,3.0864013570307653,2.372536666082793,2.245977772915098
2026-07-01 16:00:00+00:00,3.0900828593897853,2.372536666082793,2.2415535658406984
2026-07-01 20:00:00+00:00,3.090217852550622,2.372536666082793,2.2413791815814355
2026-07-02 00:00:00+00:00,3.055190599822041,2.372536666082793,2.2799901717479556
2026-07-02 04:00:00+00:00,3.0838126195705806,2.372536666082793,2.246083822443215
2026-07-02 08:00:00+00:00,3.0445224670650357,2.372536666082793,2.2911929601037175
2026-07-02 12:00:00+00:00,3.0445224670650357,2.372536666082793,2.3007120254937075
2026-07-02 16:00:00+00:00,3.0445224670650357,2.372536666082793,2.295733298879682
2026-07-02 20:00:00+00:00,3.0445224670650357,2.372536666082793,2.2987355460841195
2026-07-03 00:00:00+00:00,3.0445224670650357,2.372536666082793,2.2940305318085086
2026-07-03 04:00:00+00:00,3.0445224670650357,2.372536666082793,2.3058479593307513
2026-07-03 08:00:00+00:00,3.0445224670650357,2.372536666082793,2.3160626946886347
2026-07-03 12:00:00+00:00,3.0445224670650357,2.372536666082793,2.312280012576576
2026-07-03 16:00:00+00:00,3.0445224670650357,2.372536666082793,2.3230074451249685
2026-07-03 20:00:00+00:00,3.0445224670650357,2.372536666082793,2.3369454897957183
2026-07-04 00:00:00+00:00,3.0445224670650357,2.372536666082793,2.3385896308953624
2026-07-04 04:00:00+00:00,3.0445224670650357,2.372536666082793,2.3366743913541237
2026-07-04 08:00:00+00:00,3.0445224670650357,2.372536666082793,2.3331646747528167
2026-07-04 12:00:00+00:00,3.0445224670650357,2.372536666082793,2.3503895079675288
2026-07-04 16:00:00+00:00,3.0445224670650357,2.372536666082793,2.3635123902443373
2026-07-04 20:00:00+00:00,3.0445224670650357,2.372536666082793,2.3578846703913428
2026-07-05 00:00:00+00:00,3.0445224670650357,2.372536666082793,2.343882771955424
2026-07-05 04:00:00+00:00,3.0445224670650357,2.372536666082793,2.3532618071586398
2026-07-05 08:00:00+00:00,3.0445224670650357,2.372536666082793,2.3397707388440727
2026-07-05 12:00:00+00:00,3.0445224670650357,2.372536666082793,2.3427987516028765
2026-07-05 16:00:00+00:00,3.0445224670650357,2.372536666082793,2.3438767973341212
2026-07-05 20:00:00+00:00,3.0445224670650357,2.372536666082793,2.3767790368462336
2026-07-06 00:00:00+00:00,3.0445224670650357,2.372536666082793,2.363485504448476
2026-07-06 04:00:00+00:00,3.0445224670650357,2.372536666082793,2.3558462042857427
2026-07-06 08:00:00+00:00,3.0445224670650357,2.372536666082793,2.333233009483962
2026-07-06 12:00:00+00:00,3.0445224670650357,2.372536666082793,2.3728947861720355
2026-07-06 16:00:00+00:00,3.0445224670650357,2.372536666082793,2.380084496081766
2026-07-06 20:00:00+00:00,3.0445224670650357,2.372536666082793,2.3914176058646857
2026-07-07 00:00:00+00:00,3.0445224670650357,2.372536666082793,2.3596397153989117
2026-07-07 04:00:00+00:00,3.0445224670650357,2.372536666082793,2.3556131940549507
2026-07-07 08:00:00+00:00,3.0445224670650357,2.372536666082793,2.3676677393601304
2026-07-07 12:00:00+00:00,3.0445224670650357,2.372536666082793,2.3872536682307706
2026-07-07 16:00:00+00:00,3.0445224670650357,2.372536666082793,2.383052015799884
2026-07-07 20:00:00+00:00,3.0445224670650357,2.372536666082793,2.366099027854429
2026-07-08 00:00:00+00:00,3.0445224670650357,2.372536666082793,2.3437692541506796
2026-07-08 04:00:00+00:00,3.0445224670650357,2.372536666082793,2.34833797237783
2026-07-08 08:00:00+00:00,3.0445224670650357,2.372536666082793,2.326367796193716
2026-07-08 12:00:00+00:00,3.0445224670650357,2.372536666082793,2.3041130786700776
2026-07-08 16:00:00+00:00,3.0445224670650357,2.372536666082793,2.3255459123508104
2026-07-08 20:00:00+00:00,3.0445224670650357,2.372536666082793,2.3259947557761507
2026-07-09 00:00:00+00:00,3.0445224670650357,2.372536666082793,2.3142075747742514
2026-07-09 04:00:00+00:00,3.0445224670650357,2.372536666082793,2.3525071378053863
2026-07-09 08:00:00+00:00,3.0445224670650357,2.372536666082793,2.3445287778837436
2026-07-09 12:00:00+00:00,3.0445224670650357,2.372536666082793,2.3475799423000945
2026-07-09 16:00:00+00:00,3.0445224670650357,2.372536666082793,2.3617715349623634
2026-07-09 20:00:00+00:00,3.0445224670650357,2.372536666082793,2.361095655927534
2026-07-10 00:00:00+00:00,3.0445224670650357,2.372536666082793,2.3878768959153756
2026-07-10 04:00:00+00:00,3.0445224670650357,2.372536666082793,2.388466889768984
2026-07-10 08:00:00+00:00,3.0445224670650357,2.372536666082793,2.405725330228522
2026-07-10 12:00:00+00:00,3.0445224670650357,2.372536666082793,2.3913421762707463
2026-07-10 16:00:00+00:00,3.0445224670650357,2.372536666082793,2.3867820465617178
2026-07-10 20:00:00+00:00,3.0445224670650357,2.372536666082793,2.395887369426519
2026-07-11 00:00:00+00:00,3.0445224670650357,2.372536666082793,2.3954654117970393
2026-07-11 04:00:00+00:00,3.0445224670650357,2.372536666082793,2.3959045464627633
2026-07-11 08:00:00+00:00,3.0445224670650357,2.372536666082793,2.3972421148068297
2026-07-11 12:00:00+00:00,3.0445224670650357,2.372536666082793,2.3964112690319697
2026-07-11 16:00:00+00:00,3.0445224670650357,2.372536666082793,2.400528156523129
2026-07-11 20:00:00+00:00,3.0445224670650357,2.372536666082793,2.3830897305968572
2026-07-12 00:00:00+00:00,3.0445224670650357,2.372536666082793,2.3982029085950156
2026-07-12 04:00:00+00:00,3.0445224670650357,2.372536666082793,2.3855643440575296
2026-07-12 08:00:00+00:00,3.0445224670650357,2.372536666082793,2.3905210392555025
2026-07-12 12:00:00+00:00,3.0445224670650357,2.372536666082793,2.3964206043777545
2026-07-12 16:00:00+00:00,3.0445224670650357,2.372536666082793,2.398384387717075
2026-07-12 20:00:00+00:00,3.0445224670650357,2.372536666082793,2.381633416654407
2026-07-13 00:00:00+00:00,3.0445224670650357,2.372536666082793,2.3452782194433603
2026-07-13 04:00:00+00:00,3.0445224670650357,2.372536666082793,2.351966434577524
2026-07-13 08:00:00+00:00,3.0445224670650357,2.372536666082793,2.3488473088438595
2026-07-13 12:00:00+00:00,3.0445224670650357,2.372536666082793,2.3382431028598285
2026-07-13 16:00:00+00:00,3.0445224670650357,2.372536666082793,2.3259286615279957
2026-07-13 20:00:00+00:00,3.0445224670650357,2.372536666082793,2.327657194153536
2026-07-14 00:00:00+00:00,3.0445224670650357,2.372536666082793,2.3365582596525627
2026-07-14 04:00:00+00:00,3.0445224670650357,2.372536666082793,2.3361112832963795
2026-07-14 08:00:00+00:00,3.0445224670650357,2.372536666082793,2.346718850004893
2026-07-14 12:00:00+00:00,3.0445224670650357,2.372536666082793,2.417630136587313
2026-07-14 16:00:00+00:00,3.0445224670650357,2.372536666082793,2.4111177993677373
2026-07-14 20:00:00+00:00,3.0445224670650357,2.372536666082793,2.428832178115412
2026-07-15 00:00:00+00:00,3.0445224670650357,2.372536666082793,2.4194232698056846
2026-07-15 04:00:00+00:00,3.0445224670650357,2.372536666082793,2.410361636359157
2026-07-15 08:00:00+00:00,3.0445224670650357,2.372536666082793,2.417188014610938
2026-07-15 12:00:00+00:00,3.0445224670650357,2.372536666082793,2.443157452929321
2026-07-15 16:00:00+00:00,3.0445224670650357,2.372536666082793,2.4263437483429775
2026-07-15 20:00:00+00:00,3.0445224670650357,2.372536666082793,2.4180890621861004
2026-07-16 00:00:00+00:00,3.0445224670650357,2.372536666082793,2.4129983114226556
2026-07-16 04:00:00+00:00,3.0445224670650357,2.372536666082793,2.3987357701324212
2026-07-16 08:00:00+00:00,3.0445224670650357,2.372536666082793,2.3994277059620015
2026-07-16 12:00:00+00:00,3.0445224670650357,2.372536666082793,2.416164113885246
2026-07-16 16:00:00+00:00,3.0445224670650357,2.372536666082793,2.3999994025378713
2026-07-16 20:00:00+00:00,3.0445224670650357,2.372536666082793,2.3835079540880244
2026-07-17 00:00:00+00:00,3.0445224670650357,2.372536666082793,2.3737917261950567
2026-07-17 04:00:00+00:00,3.0445224670650357,2.372536666082793,2.346088527457494
